transaction_id,account_id,customer_id,timestamp_utc,direction,amount,currency,counterparty_id,counterparty_country,rail,status,device_id
T001058,A0032,C0032,2025-10-01T00:00:00+00:00,outbound,953.99,USD,CP0001,US,card,chargeback,D0010
T001124,A0034,C0034,2025-10-01T00:00:00+00:00,outbound,2343.33,USD,CP0122,US,ach,pending,D0014
T001967,A0060,C0060,2025-10-01T00:00:00+00:00,outbound,1245.54,USD,CP0096,CA,p2p,reversed,D0051
T000648,A0019,C0019,2025-10-01T01:00:00+00:00,outbound,671.91,USD,CP0039,MX,p2p,settled,D0029
T003593,A0113,C0113,2025-10-01T02:00:00+00:00,outbound,384.33,GBP,CP0043,US,card,settled,D0017
T000584,A0017,C0017,2025-10-01T02:00:00+00:00,outbound,703.85,USD,CP0108,GB,card,settled,D0022
T002267,A0071,C0071,2025-10-01T03:00:00+00:00,outbound,1415.45,USD,CP0138,GB,ach,reversed,D0052
T000493,A0014,C0014,2025-10-01T03:00:00+00:00,outbound,316.51,CAD,CP0089,MX,wire,settled,D0037
T000512,A0014,C0014,2025-10-01T04:00:00+00:00,outbound,1421.46,GBP,CP0062,US,ach,settled,D0053
T000135,A0004,C0004,2025-10-01T04:00:00+00:00,inbound,542.65,USD,CP0023,MX,ach,failed,D0016
T001338,A0040,C0040,2025-10-01T05:00:00+00:00,outbound,875.61,USD,CP0011,GB,card,failed,D0001
T003217,A0102,C0102,2025-10-01T06:00:00+00:00,inbound,3421.23,USD,CP0141,MX,ach,settled,D0023
T003170,A0101,C0101,2025-10-01T06:00:00+00:00,outbound,632.75,USD,CP0015,CA,p2p,settled,D0010
T003675,A0116,C0116,2025-10-01T07:00:00+00:00,inbound,818.53,GBP,CP0013,US,wire,reversed,D0049
T000197,A0005,C0005,2025-10-01T07:00:00+00:00,inbound,674.69,USD,CP0082,US,card,reversed,D0022
T000390,A0011,C0011,2025-10-01T08:00:00+00:00,outbound,1327.28,CAD,CP0041,US,card,settled,D0011
T002631,A0083,C0083,2025-10-01T08:00:00+00:00,inbound,1069.24,USD,CP0098,PA,card,settled,D0009
T000264,A0007,C0007,2025-10-01T08:00:00+00:00,outbound,102.85,USD,CP0020,MX,ach,pending,D0049
T002352,A0074,C0074,2025-10-01T09:00:00+00:00,outbound,1475.23,USD,CP0103,GB,ach,settled,D0027
T001848,A0056,C0056,2025-10-01T10:00:00+00:00,inbound,204.91,USD,CP0036,US,card,reversed,D0022
T001272,A0038,C0038,2025-10-01T11:00:00+00:00,inbound,1593.16,GBP,CP0017,US,payout,settled,D0040
T003225,A0102,C0102,2025-10-01T15:00:00+00:00,inbound,1283.39,USD,CP0037,PA,card,settled,D0013
T000959,A0029,C0029,2025-10-01T17:00:00+00:00,outbound,750.0,USD,CP0123,US,ach,settled,D0046
T001448,A0043,C0043,2025-10-01T17:00:00+00:00,outbound,4463.89,USD,CP0126,US,card,settled,D0050
T001568,A0047,C0047,2025-10-01T18:00:00+00:00,outbound,2125.08,USD,CP0044,GB,p2p,settled,D0014
T002424,A0075,C0075,2025-10-01T18:00:00+00:00,outbound,3073.38,USD,CP0086,GB,payout,settled,D0021
T001896,A0057,C0057,2025-10-01T19:00:00+00:00,inbound,1358.02,USD,CP0018,CA,card,settled,D0029
T001254,A0037,C0037,2025-10-01T21:00:00+00:00,outbound,1059.76,CAD,CP-HIGH-RISK-HUB,US,ach,settled,D0032
T000214,A0005,C0005,2025-10-01T21:00:00+00:00,outbound,2009.15,USD,CP0057,US,p2p,refund,D0010
T002081,A0064,C0064,2025-10-01T21:00:00+00:00,inbound,862.16,USD,CP0093,US,wire,pending,D0052
T003314,A0106,C0106,2025-10-01T23:00:00+00:00,inbound,1994.37,USD,CP0121,US,payout,settled,D0005
T003213,A0102,C0102,2025-10-02T03:00:00+00:00,inbound,2096.67,USD,CP0111,US,p2p,settled,D0039
T003536,A0111,C0111,2025-10-02T03:00:00+00:00,outbound,1808.34,USD,CP0070,CA,card,settled,D0041
T001969,A0060,C0060,2025-10-02T04:00:00+00:00,inbound,3714.13,USD,CP0038,GB,ach,pending,D0047
T002598,A0082,C0082,2025-10-02T05:00:00+00:00,outbound,550.85,USD,CP0149,CA,card,settled,D0003
T001072,A0032,C0032,2025-10-02T05:00:00+00:00,outbound,188.67,USD,CP0101,MX,ach,settled,D0039
T002045,A0063,C0063,2025-10-02T07:00:00+00:00,inbound,107.95,CAD,CP0019,BR,payout,settled,D0053
T001892,A0057,C0057,2025-10-02T08:00:00+00:00,inbound,1095.93,USD,CP0122,GB,ach,settled,D0032
T002052,A0063,C0063,2025-10-02T10:00:00+00:00,inbound,1403.16,USD,CP-HIGH-RISK-HUB,BR,p2p,settled,D0042
T001575,A0047,C0047,2025-10-02T14:00:00+00:00,inbound,1356.27,USD,CP0081,US,p2p,settled,D0003
T001378,A0041,C0041,2025-10-02T14:00:00+00:00,outbound,632.26,GBP,CP0083,US,wire,settled,D0031
T002936,A0093,C0093,2025-10-02T15:00:00+00:00,outbound,997.02,CAD,CP0095,PA,payout,settled,D0054
T002380,A0074,C0074,2025-10-02T16:00:00+00:00,inbound,661.16,USD,CP0130,US,ach,settled,D0005
T003622,A0114,C0114,2025-10-02T18:00:00+00:00,inbound,948.63,USD,CP0054,MX,ach,settled,D0049
T001056,A0032,C0032,2025-10-02T18:00:00+00:00,inbound,1012.63,USD,CP0042,US,ach,chargeback,D0008
T001508,A0045,C0045,2025-10-02T19:00:00+00:00,inbound,613.63,CAD,CP0139,US,card,settled,D0029
T003452,A0110,C0110,2025-10-02T20:00:00+00:00,outbound,278.9,CAD,CP0090,MX,ach,settled,D0051
T002677,A0085,C0085,2025-10-02T21:00:00+00:00,outbound,1617.7,GBP,CP0023,US,p2p,settled,D0040
T001066,A0032,C0032,2025-10-02T22:00:00+00:00,outbound,752.61,GBP,CP0144,US,ach,settled,D0029
T001860,A0056,C0056,2025-10-02T22:00:00+00:00,outbound,751.78,USD,CP0002,GB,card,refund,D0010
T000242,A0006,C0006,2025-10-02T23:00:00+00:00,outbound,3786.76,USD,CP0143,US,payout,settled,D0027
T002985,A0094,C0094,2025-10-02T23:00:00+00:00,inbound,1906.79,USD,CP0052,CA,card,settled,D0041
T003758,A0118,C0118,2025-10-03T01:00:00+00:00,inbound,337.74,USD,CP0121,US,wire,settled,D0052
T001523,A0045,C0045,2025-10-03T02:00:00+00:00,outbound,3052.0,USD,CP0065,US,card,settled,D0005
T003640,A0115,C0115,2025-10-03T03:00:00+00:00,inbound,1444.66,CAD,CP0056,US,payout,settled,D0010
T001751,A0053,C0053,2025-10-03T03:00:00+00:00,outbound,1414.53,USD,CP0087,US,ach,settled,D0022
T001241,A0037,C0037,2025-10-03T04:00:00+00:00,outbound,1679.4,USD,CP0012,US,p2p,settled,D0002
T002436,A0076,C0076,2025-10-03T05:00:00+00:00,outbound,2298.9,USD,CP0117,MX,card,settled,D0023
T003803,A0120,C0120,2025-10-03T06:00:00+00:00,inbound,658.25,GBP,CP0041,US,ach,settled,D0024
T003444,A0109,C0109,2025-10-03T06:00:00+00:00,inbound,1344.37,GBP,CP0027,GB,card,settled,D0051
T000054,A0001,C0001,2025-10-03T10:00:00+00:00,outbound,4944.17,CAD,CP0085,US,card,settled,D0004
T000477,A0014,C0014,2025-10-03T10:00:00+00:00,outbound,2207.57,USD,CP0048,US,p2p,settled,D0024
T002995,A0094,C0094,2025-10-03T10:00:00+00:00,inbound,229.61,USD,CP0019,US,card,settled,D0041
T000596,A0018,C0018,2025-10-03T11:00:00+00:00,outbound,1033.39,USD,CP0135,US,payout,settled,D0036
T000903,A0027,C0027,2025-10-03T13:00:00+00:00,inbound,2066.26,USD,CP0139,US,ach,settled,D0050
T001920,A0058,C0058,2025-10-03T13:00:00+00:00,inbound,694.91,USD,CP0045,BR,card,settled,D0036
T003800,A0120,C0120,2025-10-03T14:00:00+00:00,inbound,496.15,USD,CP0078,US,card,settled,D0033
T001069,A0032,C0032,2025-10-03T17:00:00+00:00,inbound,1768.4,GBP,CP0106,US,card,settled,D0020
T002099,A0064,C0064,2025-10-03T20:00:00+00:00,outbound,850.35,GBP,CP0143,CA,card,settled,D0043
T002174,A0067,C0067,2025-10-03T20:00:00+00:00,outbound,953.48,USD,CP0015,US,p2p,pending,D0038
T003611,A0114,C0114,2025-10-03T21:00:00+00:00,outbound,602.34,USD,CP0042,US,payout,settled,D0007
T001950,A0060,C0060,2025-10-03T21:00:00+00:00,outbound,1602.36,USD,CP0021,US,wire,settled,D0006
T003171,A0101,C0101,2025-10-03T23:00:00+00:00,outbound,1818.23,USD,CP0032,MX,card,settled,D0046
T000977,A0029,C0029,2025-10-03T23:00:00+00:00,outbound,2643.5,CAD,CP0091,MX,card,settled,D0022
T003660,A0115,C0115,2025-10-04T00:00:00+00:00,outbound,2277.25,USD,CP0125,US,p2p,settled,D0044
T001021,A0031,C0031,2025-10-04T01:00:00+00:00,outbound,729.05,USD,CP0046,US,card,settled,D0047
T000347,A0011,C0011,2025-10-04T06:00:00+00:00,inbound,2553.4,USD,CP0051,CA,p2p,settled,D0046
T001390,A0041,C0041,2025-10-04T07:00:00+00:00,inbound,844.48,USD,CP0063,BR,p2p,settled,D0021
T001035,A0031,C0031,2025-10-04T09:00:00+00:00,inbound,1479.29,USD,CP0117,BR,card,settled,D0019
T003610,A0114,C0114,2025-10-04T12:00:00+00:00,outbound,604.45,USD,CP0108,US,card,pending,D0053
T001333,A0040,C0040,2025-10-04T12:00:00+00:00,outbound,890.69,USD,CP0010,US,ach,pending,D0040
T000853,A0026,C0026,2025-10-04T14:00:00+00:00,outbound,1608.28,USD,CP0034,PA,ach,settled,D0032
T000369,A0011,C0011,2025-10-04T14:00:00+00:00,outbound,490.86,USD,CP0098,US,card,settled,D0017
T001025,A0031,C0031,2025-10-04T15:00:00+00:00,inbound,713.09,USD,CP0028,GB,ach,settled,D0033
T000713,A0021,C0021,2025-10-04T16:00:00+00:00,inbound,312.25,USD,CP0127,CA,ach,settled,D0033
T000782,A0023,C0023,2025-10-04T16:00:00+00:00,inbound,166.38,USD,CP0089,US,card,settled,D0016
T003686,A0116,C0116,2025-10-04T17:00:00+00:00,inbound,715.71,CAD,CP0094,US,p2p,settled,D0050
T003706,A0117,C0117,2025-10-04T19:00:00+00:00,outbound,1107.87,USD,CP0046,US,wire,settled,D0050
T002566,A0080,C0080,2025-10-04T20:00:00+00:00,outbound,1624.75,CAD,CP0122,GB,wire,settled,D0035
T001941,A0059,C0059,2025-10-04T23:00:00+00:00,outbound,447.17,USD,CP0064,BR,wire,failed,D0026
T001341,A0040,C0040,2025-10-05T00:00:00+00:00,outbound,950.91,GBP,CP0045,GB,payout,refund,D0013
T003378,A0108,C0108,2025-10-05T00:00:00+00:00,inbound,1213.66,USD,CP0112,US,card,settled,D0023
T003040,A0096,C0096,2025-10-05T02:00:00+00:00,outbound,1176.14,USD,CP0042,CA,p2p,pending,D0033
T003091,A0098,C0098,2025-10-05T03:00:00+00:00,outbound,2108.0,USD,CP0124,PA,card,pending,D0049
T002234,A0069,C0069,2025-10-05T04:00:00+00:00,inbound,798.45,USD,CP0129,MX,ach,settled,D0020
T003173,A0101,C0101,2025-10-05T05:00:00+00:00,inbound,876.04,USD,CP0029,US,p2p,settled,D0006
T003776,A0119,C0119,2025-10-05T07:00:00+00:00,outbound,1066.32,USD,CP0057,MX,ach,failed,D0009
T003073,A0097,C0097,2025-10-05T07:00:00+00:00,outbound,1428.65,USD,CP0061,US,card,failed,D0052
T002024,A0063,C0063,2025-10-05T08:00:00+00:00,inbound,1547.39,USD,CP0116,GB,wire,settled,D0019
T000920,A0027,C0027,2025-10-05T09:00:00+00:00,inbound,861.66,USD,CP0146,GB,ach,settled,D0032
T000136,A0004,C0004,2025-10-05T09:00:00+00:00,inbound,1372.4,GBP,CP0044,US,card,settled,D0015
T003315,A0106,C0106,2025-10-05T10:00:00+00:00,inbound,332.99,USD,CP0071,GB,p2p,settled,D0022
T002913,A0092,C0092,2025-10-05T10:00:00+00:00,outbound,545.84,GBP,CP0046,US,p2p,settled,D0022
T001398,A0042,C0042,2025-10-05T13:00:00+00:00,outbound,793.96,USD,CP0061,US,wire,refund,D0002
T003110,A0098,C0098,2025-10-05T13:00:00+00:00,outbound,915.22,USD,CP0099,BR,p2p,refund,D0053
T003705,A0117,C0117,2025-10-05T20:00:00+00:00,outbound,323.22,USD,CP0119,CA,ach,settled,D0019
T001850,A0056,C0056,2025-10-05T23:00:00+00:00,inbound,595.75,USD,CP0119,GB,ach,settled,D0027
T000684,A0020,C0020,2025-10-05T23:00:00+00:00,inbound,661.87,USD,CP0100,US,ach,reversed,D0018
T000409,A0012,C0012,2025-10-06T00:00:00+00:00,inbound,1322.53,USD,CP-HIGH-RISK-HUB,CA,p2p,settled,D0028
T000183,A0005,C0005,2025-10-06T02:00:00+00:00,inbound,10780.38,USD,CP0013,BR,wire,settled,D0031
T000075,A0002,C0002,2025-10-06T03:00:00+00:00,outbound,3255.58,USD,CP0110,GB,p2p,settled,D0032
T002492,A0077,C0077,2025-10-06T04:00:00+00:00,outbound,1951.07,USD,CP0089,PA,card,settled,D0020
T001040,A0031,C0031,2025-10-06T04:00:00+00:00,inbound,910.1,USD,CP0059,BR,card,settled,D0013
T003210,A0102,C0102,2025-10-06T06:00:00+00:00,outbound,269.35,GBP,CP0127,GB,ach,settled,D0011
T002581,A0081,C0081,2025-10-06T07:00:00+00:00,outbound,467.8,CAD,CP0012,MX,wire,settled,D0028
T000402,A0012,C0012,2025-10-06T08:00:00+00:00,inbound,371.58,USD,CP0122,US,payout,settled,D0050
T002064,A0063,C0063,2025-10-06T12:00:00+00:00,inbound,2504.22,USD,CP0015,US,card,settled,D0034
T000241,A0006,C0006,2025-10-06T15:00:00+00:00,inbound,667.28,USD,CP0006,US,p2p,settled,D0005
T001615,A0048,C0048,2025-10-06T17:00:00+00:00,outbound,1567.3,USD,CP0109,US,wire,settled,D0051
T003441,A0109,C0109,2025-10-06T17:00:00+00:00,outbound,879.9,GBP,CP0049,US,card,refund,D0027
T000190,A0005,C0005,2025-10-06T18:00:00+00:00,inbound,227.34,GBP,CP0089,US,wire,settled,D0048
T002812,A0090,C0090,2025-10-06T18:00:00+00:00,inbound,2990.13,USD,CP0082,GB,payout,settled,D0017
T002471,A0077,C0077,2025-10-06T19:00:00+00:00,outbound,744.92,USD,CP0031,BR,ach,reversed,D0017
T001503,A0045,C0045,2025-10-06T21:00:00+00:00,outbound,1638.41,USD,CP0080,US,p2p,settled,D0052
T000348,A0011,C0011,2025-10-06T22:00:00+00:00,outbound,315.91,CAD,CP0042,US,p2p,settled,D0039
T000604,A0018,C0018,2025-10-06T23:00:00+00:00,outbound,956.67,USD,CP0049,GB,ach,settled,D0028
T003606,A0113,C0113,2025-10-06T23:00:00+00:00,outbound,601.33,USD,CP0044,US,ach,settled,D0012
T001385,A0041,C0041,2025-10-06T23:00:00+00:00,inbound,3765.1,USD,CP0026,US,card,settled,D0031
T000973,A0029,C0029,2025-10-07T00:00:00+00:00,outbound,1795.42,USD,CP0095,PA,p2p,settled,D0017
T002479,A0077,C0077,2025-10-07T00:00:00+00:00,outbound,893.13,USD,CP0105,US,card,settled,D0004
T000027,A0001,C0001,2025-10-07T01:00:00+00:00,outbound,2788.64,CAD,CP0004,US,ach,settled,D0031
T000614,A0019,C0019,2025-10-07T03:00:00+00:00,outbound,592.16,CAD,CP0133,US,ach,reversed,D0044
T002381,A0074,C0074,2025-10-07T04:00:00+00:00,outbound,1360.05,USD,CP0023,PA,card,settled,D0011
T003420,A0108,C0108,2025-10-07T04:00:00+00:00,inbound,9193.32,CAD,CP0056,CA,card,settled,D0053
T001028,A0031,C0031,2025-10-07T05:00:00+00:00,inbound,71.35,USD,CP0007,BR,p2p,settled,D0006
T002962,A0093,C0093,2025-10-07T08:00:00+00:00,inbound,1563.77,USD,CP0105,CA,wire,settled,D0037
T002071,A0064,C0064,2025-10-07T08:00:00+00:00,outbound,517.89,USD,CP0146,US,payout,settled,D0045
T002203,A0068,C0068,2025-10-07T10:00:00+00:00,inbound,2805.13,USD,CP0025,CA,ach,pending,D0046
T002890,A0092,C0092,2025-10-07T10:00:00+00:00,outbound,974.69,USD,CP0053,US,card,chargeback,D0011
T003726,A0117,C0117,2025-10-07T11:00:00+00:00,outbound,2262.41,USD,CP0096,US,card,settled,D0017
T002793,A0090,C0090,2025-10-07T11:00:00+00:00,inbound,357.82,CAD,CP-HIGH-RISK-HUB,US,p2p,settled,D0022
T002176,A0067,C0067,2025-10-07T12:00:00+00:00,inbound,1421.89,USD,CP0089,US,wire,failed,D0036
T002026,A0063,C0063,2025-10-07T13:00:00+00:00,inbound,2083.66,CAD,CP0084,CA,ach,settled,D0007
T000838,A0025,C0025,2025-10-07T14:00:00+00:00,inbound,558.16,USD,CP0108,GB,card,settled,D0020
T001351,A0041,C0041,2025-10-07T15:00:00+00:00,inbound,502.5,USD,CP0136,MX,p2p,settled,D0019
T000570,A0017,C0017,2025-10-07T15:00:00+00:00,outbound,276.54,USD,CP0098,MX,card,settled,D0025
T002313,A0072,C0072,2025-10-07T16:00:00+00:00,inbound,253.49,USD,CP0050,GB,card,settled,D0032
T002308,A0072,C0072,2025-10-07T16:00:00+00:00,inbound,695.1,GBP,CP0065,BR,ach,settled,D0025
T000771,A0022,C0022,2025-10-07T17:00:00+00:00,outbound,289.62,USD,CP0075,BR,wire,settled,D0002
T000971,A0029,C0029,2025-10-07T18:00:00+00:00,outbound,1926.54,USD,CP0012,US,p2p,settled,D0008
T002848,A0091,C0091,2025-10-07T18:00:00+00:00,outbound,890.62,USD,CP0100,US,ach,settled,D0011
T000154,A0004,C0004,2025-10-07T19:00:00+00:00,inbound,255.03,USD,CP0125,US,wire,refund,D0042
T002513,A0078,C0078,2025-10-07T20:00:00+00:00,inbound,292.44,USD,CP0070,US,p2p,settled,D0048
T001400,A0042,C0042,2025-10-07T21:00:00+00:00,inbound,793.41,USD,CP0006,GB,card,settled,D0046
T001576,A0047,C0047,2025-10-07T22:00:00+00:00,outbound,1180.32,USD,CP0099,US,ach,settled,D0006
T003191,A0102,C0102,2025-10-07T22:00:00+00:00,inbound,261.91,CAD,CP0111,US,p2p,settled,D0014
T000746,A0022,C0022,2025-10-07T23:00:00+00:00,outbound,1221.2,USD,CP0019,US,p2p,settled,D0015
T002068,A0063,C0063,2025-10-08T00:00:00+00:00,outbound,2328.04,USD,CP0131,US,wire,settled,D0024
T002931,A0092,C0092,2025-10-08T00:00:00+00:00,inbound,5609.59,USD,CP0007,BR,payout,settled,D0009
T002342,A0073,C0073,2025-10-08T00:00:00+00:00,inbound,828.1,USD,CP0063,MX,p2p,settled,D0050
T000507,A0014,C0014,2025-10-08T02:00:00+00:00,inbound,548.37,USD,CP0143,US,payout,pending,D0041
T000775,A0023,C0023,2025-10-08T03:00:00+00:00,inbound,923.16,USD,CP0043,US,wire,settled,D0050
T003603,A0113,C0113,2025-10-08T05:00:00+00:00,outbound,2402.73,USD,CP0078,US,ach,refund,D0050
T002857,A0091,C0091,2025-10-08T07:00:00+00:00,outbound,810.24,GBP,CP0105,US,ach,failed,D0043
T003680,A0116,C0116,2025-10-08T08:00:00+00:00,inbound,1931.22,USD,CP0002,US,payout,settled,D0016
T000437,A0012,C0012,2025-10-08T08:00:00+00:00,inbound,910.22,USD,CP0036,US,ach,settled,D0028
T003416,A0108,C0108,2025-10-08T09:00:00+00:00,inbound,957.37,USD,CP0081,MX,payout,settled,D0017
T000021,A0001,C0001,2025-10-08T11:00:00+00:00,outbound,1472.86,USD,CP0142,US,payout,settled,D0029
T002711,A0087,C0087,2025-10-08T12:00:00+00:00,inbound,848.26,CAD,CP0119,US,payout,settled,D0049
T002523,A0078,C0078,2025-10-08T13:00:00+00:00,inbound,343.33,USD,CP0087,CA,ach,settled,D0001
T000404,A0012,C0012,2025-10-08T15:00:00+00:00,inbound,1966.94,USD,CP-HIGH-RISK-HUB,US,card,settled,D0001
T000368,A0011,C0011,2025-10-08T16:00:00+00:00,inbound,711.9,USD,CP0136,US,ach,settled,D0040
T000445,A0013,C0013,2025-10-08T17:00:00+00:00,outbound,472.63,USD,CP0093,PA,card,pending,D0005
T003796,A0120,C0120,2025-10-08T19:00:00+00:00,outbound,2952.4,GBP,CP0115,US,p2p,reversed,D0050
T002307,A0072,C0072,2025-10-08T19:00:00+00:00,inbound,3312.99,USD,CP0035,MX,ach,settled,D0004
T000690,A0020,C0020,2025-10-08T20:00:00+00:00,outbound,413.41,USD,CP0011,US,card,refund,D0045
T003784,A0119,C0119,2025-10-08T22:00:00+00:00,outbound,1813.3,GBP,CP0036,US,p2p,settled,D0012
T001753,A0053,C0053,2025-10-08T22:00:00+00:00,outbound,836.51,USD,CP0015,US,ach,settled,D0042
T000623,A0019,C0019,2025-10-08T23:00:00+00:00,inbound,2236.49,USD,CP0102,BR,ach,settled,D0015
T000449,A0013,C0013,2025-10-09T00:00:00+00:00,outbound,569.65,USD,CP0076,US,card,settled,D0019
T001148,A0035,C0035,2025-10-09T01:00:00+00:00,inbound,1782.78,USD,CP0016,US,p2p,settled,D0050
T001325,A0040,C0040,2025-10-09T02:00:00+00:00,inbound,2827.05,CAD,CP0019,GB,card,settled,D0017
T003427,A0109,C0109,2025-10-09T03:00:00+00:00,outbound,1451.69,USD,CP0125,CA,ach,settled,D0039
T000459,A0013,C0013,2025-10-09T03:00:00+00:00,inbound,2069.63,GBP,CP0137,BR,p2p,pending,D0023
T001933,A0059,C0059,2025-10-09T05:00:00+00:00,inbound,697.09,USD,CP0100,MX,card,settled,D0035
T000906,A0027,C0027,2025-10-09T09:00:00+00:00,outbound,974.86,USD,CP0098,CA,ach,settled,D0010
T003025,A0096,C0096,2025-10-09T09:00:00+00:00,inbound,455.2,USD,CP0070,US,payout,settled,D0030
T003469,A0110,C0110,2025-10-09T09:00:00+00:00,outbound,914.82,USD,CP0007,BR,ach,settled,D0019
T003361,A0107,C0107,2025-10-09T10:00:00+00:00,inbound,1976.76,CAD,CP0051,MX,p2p,settled,D0041
T000543,A0016,C0016,2025-10-09T10:00:00+00:00,inbound,860.14,GBP,CP0042,BR,payout,settled,D0002
T003669,A0116,C0116,2025-10-09T11:00:00+00:00,outbound,368.27,CAD,CP0114,US,ach,settled,D0044
T002680,A0085,C0085,2025-10-09T12:00:00+00:00,inbound,1156.49,USD,CP0004,US,card,settled,D0019
T002940,A0093,C0093,2025-10-09T12:00:00+00:00,inbound,571.43,USD,CP0080,US,p2p,settled,D0035
T002439,A0076,C0076,2025-10-09T12:00:00+00:00,outbound,802.91,USD,CP0082,US,p2p,settled,D0053
T000708,A0021,C0021,2025-10-09T14:00:00+00:00,outbound,1567.3,USD,CP0076,US,payout,settled,D0012
T000370,A0011,C0011,2025-10-09T15:00:00+00:00,inbound,559.57,GBP,CP0062,US,card,settled,D0020
T000379,A0011,C0011,2025-10-09T16:00:00+00:00,inbound,740.53,USD,CP0074,PA,card,settled,D0025
T003124,A0099,C0099,2025-10-09T16:00:00+00:00,inbound,1884.87,GBP,CP0003,CA,p2p,failed,D0019
T003473,A0110,C0110,2025-10-09T17:00:00+00:00,outbound,1166.71,CAD,CP0044,US,ach,settled,D0001
T002400,A0074,C0074,2025-10-09T19:00:00+00:00,outbound,290.14,USD,CP0117,CA,p2p,settled,D0048
T001772,A0054,C0054,2025-10-09T19:00:00+00:00,inbound,1074.86,USD,CP0048,US,card,settled,D0024
T003076,A0098,C0098,2025-10-10T00:00:00+00:00,outbound,1035.42,CAD,CP0069,GB,card,settled,D0008
T003529,A0111,C0111,2025-10-10T00:00:00+00:00,inbound,1785.65,USD,CP0061,US,ach,settled,D0029
T001493,A0045,C0045,2025-10-10T00:00:00+00:00,inbound,2386.76,USD,CP0033,CA,ach,refund,D0017
T003308,A0106,C0106,2025-10-10T01:00:00+00:00,outbound,1827.38,USD,CP0136,CA,ach,settled,D0033
T002863,A0091,C0091,2025-10-10T01:00:00+00:00,inbound,705.99,GBP,CP0141,CA,payout,settled,D0006
T000680,A0020,C0020,2025-10-10T02:00:00+00:00,inbound,316.66,GBP,CP0115,BR,p2p,settled,D0008
T002245,A0070,C0070,2025-10-10T04:00:00+00:00,inbound,848.34,USD,CP0015,US,ach,settled,D0052
T003382,A0108,C0108,2025-10-10T08:00:00+00:00,outbound,768.72,USD,CP0066,CA,ach,settled,D0051
T001412,A0042,C0042,2025-10-10T13:00:00+00:00,inbound,553.79,USD,CP0085,BR,card,settled,D0042
T001659,A0049,C0049,2025-10-10T14:00:00+00:00,outbound,168.03,USD,CP0072,US,card,settled,D0026
T002117,A0065,C0065,2025-10-10T16:00:00+00:00,inbound,1738.71,USD,CP0099,US,wire,settled,D0036
T003370,A0108,C0108,2025-10-10T16:00:00+00:00,outbound,2222.34,CAD,CP0003,US,card,settled,D0024
T000907,A0027,C0027,2025-10-10T17:00:00+00:00,inbound,6001.74,USD,CP0094,BR,wire,settled,D0004
T000450,A0013,C0013,2025-10-10T17:00:00+00:00,outbound,453.87,USD,CP0080,CA,wire,settled,D0009
T001168,A0035,C0035,2025-10-10T17:00:00+00:00,outbound,2457.5,USD,CP0126,GB,ach,chargeback,D0003
T002528,A0079,C0079,2025-10-10T18:00:00+00:00,inbound,2020.88,USD,CP0123,MX,card,settled,D0045
T003423,A0109,C0109,2025-10-10T19:00:00+00:00,outbound,853.0,USD,CP0109,US,card,settled,D0012
T002520,A0078,C0078,2025-10-10T19:00:00+00:00,outbound,756.42,USD,CP0134,US,wire,settled,D0014
T001032,A0031,C0031,2025-10-10T19:00:00+00:00,outbound,1697.82,USD,CP0039,US,payout,settled,D0053
T001228,A0037,C0037,2025-10-10T20:00:00+00:00,inbound,1380.18,USD,CP0001,US,ach,settled,D0022
T002128,A0065,C0065,2025-10-10T23:00:00+00:00,outbound,10698.27,USD,CP0111,US,wire,settled,D0038
T003187,A0101,C0101,2025-10-10T23:00:00+00:00,outbound,940.89,USD,CP0014,GB,card,settled,D0013
T003099,A0098,C0098,2025-10-11T01:00:00+00:00,outbound,1009.76,GBP,CP0065,US,p2p,settled,D0005
T002446,A0076,C0076,2025-10-11T01:00:00+00:00,inbound,1503.04,USD,CP0037,US,ach,settled,D0027
T001429,A0042,C0042,2025-10-11T02:00:00+00:00,inbound,1260.48,USD,CP0044,CA,payout,settled,D0011
T000806,A0024,C0024,2025-10-11T02:00:00+00:00,inbound,402.2,USD,CP0003,PA,card,settled,D0046
T001583,A0047,C0047,2025-10-11T03:00:00+00:00,outbound,1159.36,USD,CP0045,US,ach,settled,D0048
T001689,A0051,C0051,2025-10-11T04:00:00+00:00,outbound,537.13,USD,CP0104,US,ach,settled,D0033
T001566,A0046,C0046,2025-10-11T05:00:00+00:00,outbound,933.84,USD,CP0115,CA,payout,settled,D0030
T000418,A0012,C0012,2025-10-11T05:00:00+00:00,inbound,1663.13,USD,CP0093,US,card,settled,D0048
T002728,A0088,C0088,2025-10-11T06:00:00+00:00,outbound,744.43,USD,CP0148,US,p2p,refund,D0013
T001118,A0034,C0034,2025-10-11T06:00:00+00:00,inbound,1091.27,USD,CP0054,GB,card,settled,D0008
T000964,A0029,C0029,2025-10-11T07:00:00+00:00,inbound,1477.09,GBP,CP0118,US,p2p,settled,D0014
T000621,A0019,C0019,2025-10-11T08:00:00+00:00,outbound,970.47,USD,CP0015,US,wire,settled,D0024
T003770,A0119,C0119,2025-10-11T09:00:00+00:00,inbound,1290.64,CAD,CP0139,US,card,settled,D0016
T002008,A0062,C0062,2025-10-11T09:00:00+00:00,outbound,646.75,USD,CP0092,US,p2p,settled,D0035
T003755,A0118,C0118,2025-10-11T09:00:00+00:00,inbound,832.66,CAD,CP0130,US,ach,settled,D0016
T003267,A0104,C0104,2025-10-11T11:00:00+00:00,outbound,634.82,USD,CP0134,US,ach,pending,D0045
T002498,A0078,C0078,2025-10-11T14:00:00+00:00,inbound,1345.69,USD,CP0135,CA,p2p,settled,D0042
T002904,A0092,C0092,2025-10-11T14:00:00+00:00,inbound,1239.37,USD,CP0015,CA,payout,pending,D0008
T000096,A0002,C0002,2025-10-11T14:00:00+00:00,outbound,1499.7,USD,CP0072,US,p2p,settled,D0023
T002805,A0090,C0090,2025-10-11T14:00:00+00:00,inbound,2127.52,CAD,CP0149,BR,card,settled,D0054
T000948,A0028,C0028,2025-10-11T17:00:00+00:00,outbound,1640.8,USD,CP0005,CA,p2p,settled,D0027
T003779,A0119,C0119,2025-10-11T17:00:00+00:00,inbound,2212.99,USD,CP0067,GB,card,refund,D0047
T000148,A0004,C0004,2025-10-11T19:00:00+00:00,outbound,1059.04,USD,CP0132,GB,payout,settled,D0032
T003624,A0114,C0114,2025-10-11T19:00:00+00:00,outbound,1500.62,USD,CP0130,GB,payout,settled,D0028
T000200,A0005,C0005,2025-10-11T20:00:00+00:00,outbound,9782.98,USD,CP0023,US,card,settled,D0014
T003692,A0116,C0116,2025-10-11T20:00:00+00:00,inbound,1619.33,USD,CP0020,US,wire,settled,D0027
T000065,A0002,C0002,2025-10-11T21:00:00+00:00,outbound,189.46,CAD,CP0147,MX,card,settled,D0041
T003279,A0105,C0105,2025-10-11T21:00:00+00:00,inbound,236.8,USD,CP0104,CA,ach,settled,D0015
T000729,A0021,C0021,2025-10-11T22:00:00+00:00,inbound,1406.13,USD,CP0059,CA,card,settled,D0047
T002180,A0067,C0067,2025-10-12T08:00:00+00:00,inbound,1283.93,USD,CP0014,BR,ach,settled,D0015
T000343,A0010,C0010,2025-10-12T10:00:00+00:00,inbound,531.02,USD,CP0084,GB,card,refund,D0031
T001277,A0038,C0038,2025-10-12T12:00:00+00:00,outbound,1188.17,USD,CP0038,US,p2p,settled,D0038
T001700,A0051,C0051,2025-10-12T13:00:00+00:00,inbound,893.05,USD,CP0102,BR,card,settled,D0033
T001307,A0039,C0039,2025-10-12T14:00:00+00:00,inbound,850.64,USD,CP0126,GB,ach,settled,D0007
T003718,A0117,C0117,2025-10-12T14:00:00+00:00,outbound,2098.95,USD,CP0053,BR,p2p,settled,D0041
T002746,A0088,C0088,2025-10-12T15:00:00+00:00,inbound,573.9,GBP,CP0148,US,card,settled,D0014
T000073,A0002,C0002,2025-10-12T15:00:00+00:00,inbound,3223.19,USD,CP0003,US,ach,settled,D0048
T002593,A0082,C0082,2025-10-12T17:00:00+00:00,inbound,1313.37,USD,CP0061,BR,p2p,settled,D0019
T002478,A0077,C0077,2025-10-12T17:00:00+00:00,outbound,1517.32,GBP,CP0071,MX,wire,settled,D0045
T002662,A0085,C0085,2025-10-12T18:00:00+00:00,inbound,715.79,CAD,CP0103,GB,card,settled,D0051
T000895,A0027,C0027,2025-10-12T18:00:00+00:00,inbound,653.02,USD,CP0136,US,wire,settled,D0036
T002317,A0072,C0072,2025-10-12T21:00:00+00:00,outbound,314.36,USD,CP0049,MX,p2p,reversed,D0008
T002486,A0077,C0077,2025-10-12T21:00:00+00:00,inbound,924.13,USD,CP0050,US,ach,settled,D0043
T002467,A0076,C0076,2025-10-13T01:00:00+00:00,inbound,1434.31,USD,CP0144,US,card,pending,D0016
T001657,A0049,C0049,2025-10-13T02:00:00+00:00,outbound,2105.98,USD,CP0103,PA,payout,settled,D0026
T000100,A0003,C0003,2025-10-13T03:00:00+00:00,inbound,3383.77,CAD,CP0043,CA,p2p,settled,D0044
T001416,A0042,C0042,2025-10-13T05:00:00+00:00,outbound,1611.2,USD,CP0123,US,ach,settled,D0045
T003826,A0120,C0120,2025-10-13T05:00:00+00:00,inbound,317.02,USD,CP0078,GB,p2p,settled,D0039
T002438,A0076,C0076,2025-10-13T06:00:00+00:00,inbound,939.66,USD,CP0045,PA,card,settled,D0053
T002115,A0065,C0065,2025-10-13T07:00:00+00:00,inbound,3388.5,USD,CP0052,US,card,refund,D0007
T003728,A0117,C0117,2025-10-13T10:00:00+00:00,outbound,844.58,USD,CP0099,CA,p2p,settled,D0009
T001045,A0031,C0031,2025-10-13T10:00:00+00:00,outbound,867.34,USD,CP0114,US,card,settled,D0052
T003609,A0114,C0114,2025-10-13T12:00:00+00:00,inbound,443.49,USD,CP0105,US,payout,settled,D0040
T001174,A0035,C0035,2025-10-13T16:00:00+00:00,inbound,2005.42,USD,CP0002,CA,card,settled,D0027
T001962,A0060,C0060,2025-10-13T18:00:00+00:00,inbound,778.92,USD,CP0025,US,card,settled,D0001
T001218,A0037,C0037,2025-10-13T19:00:00+00:00,inbound,3645.24,USD,CP0149,CA,p2p,settled,D0014
T002824,A0090,C0090,2025-10-13T19:00:00+00:00,outbound,547.91,USD,CP0142,PA,card,settled,D0021
T003577,A0112,C0112,2025-10-13T20:00:00+00:00,inbound,2705.08,USD,CP0144,GB,ach,refund,D0029
T003360,A0107,C0107,2025-10-13T20:00:00+00:00,outbound,1907.75,USD,CP0005,US,card,failed,D0015
T001606,A0048,C0048,2025-10-13T23:00:00+00:00,inbound,2421.49,GBP,CP0036,US,ach,settled,D0001
T000068,A0002,C0002,2025-10-13T23:00:00+00:00,inbound,951.44,CAD,CP0090,US,p2p,settled,D0023
T001779,A0054,C0054,2025-10-13T23:00:00+00:00,inbound,1688.72,USD,CP0003,CA,wire,settled,D0049
T002199,A0068,C0068,2025-10-14T00:00:00+00:00,outbound,934.9,USD,CP0051,CA,p2p,settled,D0024
T002658,A0085,C0085,2025-10-14T01:00:00+00:00,outbound,1997.44,USD,CP0102,MX,wire,refund,D0002
T002567,A0080,C0080,2025-10-14T02:00:00+00:00,outbound,420.65,CAD,CP0123,US,wire,settled,D0003
T000478,A0014,C0014,2025-10-14T03:00:00+00:00,outbound,1442.46,USD,CP0024,PA,card,pending,D0045
T002687,A0085,C0085,2025-10-14T05:00:00+00:00,inbound,709.41,USD,CP0115,US,card,settled,D0014
T003393,A0108,C0108,2025-10-14T07:00:00+00:00,outbound,9405.18,USD,CP0063,US,wire,failed,D0054
T000298,A0008,C0008,2025-10-14T07:00:00+00:00,inbound,1088.44,USD,CP0041,GB,wire,reversed,D0002
T001019,A0031,C0031,2025-10-14T08:00:00+00:00,inbound,312.73,GBP,CP0065,US,card,settled,D0003
T000336,A0010,C0010,2025-10-14T09:00:00+00:00,inbound,671.09,USD,CP0074,US,ach,settled,D0030
T000352,A0011,C0011,2025-10-14T09:00:00+00:00,inbound,2316.96,USD,CP0061,CA,wire,settled,D0014
T003489,A0110,C0110,2025-10-14T10:00:00+00:00,outbound,636.53,USD,CP0128,US,p2p,settled,D0015
T002669,A0085,C0085,2025-10-14T13:00:00+00:00,outbound,2795.8,CAD,CP0074,GB,p2p,settled,D0030
T002106,A0065,C0065,2025-10-14T14:00:00+00:00,outbound,799.75,USD,CP0051,US,card,settled,D0009
T001059,A0032,C0032,2025-10-14T14:00:00+00:00,outbound,2849.26,USD,CP0019,US,p2p,chargeback,D0049
T002427,A0075,C0075,2025-10-14T15:00:00+00:00,inbound,426.49,USD,CP0122,GB,card,settled,D0048
T001053,A0032,C0032,2025-10-14T18:00:00+00:00,outbound,435.86,USD,CP0029,MX,card,settled,D0032
T003089,A0098,C0098,2025-10-14T19:00:00+00:00,inbound,1566.78,USD,CP0046,US,p2p,settled,D0054
T002707,A0087,C0087,2025-10-14T22:00:00+00:00,outbound,976.31,USD,CP0116,MX,card,settled,D0022
T002531,A0079,C0079,2025-10-14T23:00:00+00:00,outbound,674.17,GBP,CP0131,BR,card,settled,D0019
T001214,A0037,C0037,2025-10-15T01:00:00+00:00,inbound,279.02,USD,CP-HIGH-RISK-HUB,BR,ach,settled,D0023
T003038,A0096,C0096,2025-10-15T02:00:00+00:00,outbound,1028.1,USD,CP0036,US,p2p,settled,D0002
T003512,A0110,C0110,2025-10-15T03:00:00+00:00,outbound,6850.85,USD,CP0085,PA,card,pending,D0030
T002027,A0063,C0063,2025-10-15T05:00:00+00:00,inbound,2690.91,USD,CP-HIGH-RISK-HUB,US,card,failed,D0019
T002495,A0077,C0077,2025-10-15T05:00:00+00:00,inbound,272.5,USD,CP0119,CA,card,settled,D0036
T003439,A0109,C0109,2025-10-15T07:00:00+00:00,inbound,751.93,GBP,CP0069,US,ach,settled,D0033
T002301,A0072,C0072,2025-10-15T07:00:00+00:00,inbound,848.05,GBP,CP0014,US,payout,settled,D0014
T002736,A0088,C0088,2025-10-15T08:00:00+00:00,outbound,625.67,USD,CP0064,BR,ach,settled,D0035
T001251,A0037,C0037,2025-10-15T08:00:00+00:00,inbound,421.4,USD,CP0043,US,p2p,settled,D0039
T000408,A0012,C0012,2025-10-15T09:00:00+00:00,outbound,332.81,USD,CP0069,CA,wire,settled,D0024
T000439,A0012,C0012,2025-10-15T09:00:00+00:00,outbound,1230.08,GBP,CP-HIGH-RISK-HUB,US,ach,settled,D0023
T003570,A0112,C0112,2025-10-15T11:00:00+00:00,inbound,2935.67,USD,CP0132,BR,ach,settled,D0022
T001765,A0053,C0053,2025-10-15T11:00:00+00:00,inbound,996.26,USD,CP0149,BR,payout,settled,D0037
T002109,A0065,C0065,2025-10-15T12:00:00+00:00,outbound,1794.9,GBP,CP0045,US,payout,settled,D0036
T003165,A0101,C0101,2025-10-15T14:00:00+00:00,outbound,2853.34,GBP,CP0129,GB,p2p,settled,D0007
T000383,A0011,C0011,2025-10-15T16:00:00+00:00,outbound,1847.65,CAD,CP0102,PA,wire,settled,D0004
T000130,A0004,C0004,2025-10-15T17:00:00+00:00,outbound,1035.16,USD,CP0090,MX,p2p,pending,D0034
T001049,A0032,C0032,2025-10-15T21:00:00+00:00,outbound,1741.6,USD,CP0135,BR,p2p,refund,D0017
T003665,A0115,C0115,2025-10-15T22:00:00+00:00,outbound,563.66,GBP,CP0040,US,p2p,settled,D0050
T003255,A0104,C0104,2025-10-15T22:00:00+00:00,inbound,3363.47,GBP,CP0100,US,card,settled,D0040
T001071,A0032,C0032,2025-10-16T01:00:00+00:00,inbound,1723.34,USD,CP0016,MX,p2p,settled,D0039
T001957,A0060,C0060,2025-10-16T01:00:00+00:00,inbound,906.04,USD,CP0097,MX,card,settled,D0054
T000063,A0002,C0002,2025-10-16T03:00:00+00:00,outbound,1289.9,USD,CP0065,BR,p2p,pending,D0043
T003475,A0110,C0110,2025-10-16T03:00:00+00:00,inbound,476.07,USD,CP0104,US,p2p,settled,D0050
T002555,A0080,C0080,2025-10-16T03:00:00+00:00,outbound,1425.44,CAD,CP0134,US,wire,pending,D0031
T001389,A0041,C0041,2025-10-16T04:00:00+00:00,outbound,1217.05,CAD,CP0102,PA,ach,settled,D0042
T002458,A0076,C0076,2025-10-16T04:00:00+00:00,inbound,2439.21,USD,CP0034,BR,payout,settled,D0046
T002786,A0089,C0089,2025-10-16T05:00:00+00:00,outbound,93.75,USD,CP0144,BR,ach,failed,D0013
T002948,A0093,C0093,2025-10-16T06:00:00+00:00,outbound,1004.68,USD,CP0056,US,card,settled,D0054
T003178,A0101,C0101,2025-10-16T06:00:00+00:00,inbound,1268.9,CAD,CP0103,MX,ach,pending,D0001
T000465,A0013,C0013,2025-10-16T08:00:00+00:00,inbound,1081.18,USD,CP0007,CA,payout,settled,D0008
T001820,A0055,C0055,2025-10-16T10:00:00+00:00,outbound,2282.78,USD,CP0110,US,card,settled,D0028
T003186,A0101,C0101,2025-10-16T10:00:00+00:00,inbound,221.83,USD,CP0026,MX,p2p,settled,D0036
T003332,A0107,C0107,2025-10-16T11:00:00+00:00,inbound,589.56,USD,CP0130,US,p2p,settled,D0042
T000486,A0014,C0014,2025-10-16T11:00:00+00:00,inbound,602.51,GBP,CP0054,US,card,settled,D0006
T002898,A0092,C0092,2025-10-16T12:00:00+00:00,outbound,2916.43,USD,CP0088,MX,payout,settled,D0006
T002561,A0080,C0080,2025-10-16T15:00:00+00:00,inbound,237.22,USD,CP0143,MX,ach,refund,D0042
T002912,A0092,C0092,2025-10-16T16:00:00+00:00,inbound,983.59,USD,CP0118,US,p2p,settled,D0025
T001656,A0049,C0049,2025-10-16T17:00:00+00:00,inbound,505.81,GBP,CP0120,MX,card,settled,D0014
T000243,A0006,C0006,2025-10-16T17:00:00+00:00,inbound,980.23,USD,CP0138,CA,card,reversed,D0004
T000571,A0017,C0017,2025-10-16T18:00:00+00:00,outbound,270.78,USD,CP0076,BR,p2p,reversed,D0047
T002918,A0092,C0092,2025-10-16T19:00:00+00:00,inbound,1732.52,USD,CP0083,GB,wire,settled,D0046
T001911,A0058,C0058,2025-10-16T21:00:00+00:00,inbound,944.57,USD,CP0012,GB,payout,settled,D0038
T002825,A0090,C0090,2025-10-16T21:00:00+00:00,inbound,1016.98,USD,CP0129,US,card,settled,D0001
T001636,A0049,C0049,2025-10-16T21:00:00+00:00,outbound,932.1,USD,CP0108,US,card,refund,D0019
T001494,A0045,C0045,2025-10-16T23:00:00+00:00,outbound,578.61,CAD,CP0020,MX,payout,settled,D0027
T000654,A0019,C0019,2025-10-16T23:00:00+00:00,inbound,1597.78,USD,CP0144,CA,card,refund,D0018
T000117,A0003,C0003,2025-10-17T00:00:00+00:00,outbound,2678.11,USD,CP0014,MX,p2p,settled,D0029
T000316,A0009,C0009,2025-10-17T01:00:00+00:00,outbound,1359.12,USD,CP0022,CA,card,settled,D0034
T000314,A0009,C0009,2025-10-17T02:00:00+00:00,outbound,1034.45,GBP,CP0064,GB,card,settled,D0011
T003619,A0114,C0114,2025-10-17T02:00:00+00:00,inbound,1483.14,USD,CP0048,PA,ach,settled,D0015
T000182,A0005,C0005,2025-10-17T05:00:00+00:00,inbound,1407.0,USD,CP0114,US,card,settled,D0054
T000115,A0003,C0003,2025-10-17T06:00:00+00:00,outbound,1345.85,GBP,CP0113,CA,ach,settled,D0002
T002155,A0066,C0066,2025-10-17T09:00:00+00:00,inbound,798.18,USD,CP0084,MX,card,pending,D0054
T002209,A0068,C0068,2025-10-17T09:00:00+00:00,inbound,805.33,USD,CP0047,PA,p2p,settled,D0016
T002375,A0074,C0074,2025-10-17T11:00:00+00:00,outbound,2089.63,USD,CP0084,PA,card,settled,D0029
T002401,A0074,C0074,2025-10-17T12:00:00+00:00,inbound,317.53,USD,CP0056,US,ach,settled,D0022
T000342,A0010,C0010,2025-10-17T14:00:00+00:00,outbound,1726.89,USD,CP0137,US,ach,settled,D0041
T002329,A0073,C0073,2025-10-17T14:00:00+00:00,inbound,651.31,USD,CP0118,PA,payout,settled,D0013
T001654,A0049,C0049,2025-10-17T15:00:00+00:00,inbound,497.06,USD,CP0017,US,ach,settled,D0004
T000590,A0018,C0018,2025-10-17T17:00:00+00:00,inbound,344.24,USD,CP0024,US,ach,pending,D0040
T003562,A0112,C0112,2025-10-17T18:00:00+00:00,inbound,322.64,USD,CP0017,US,ach,settled,D0018
T001458,A0044,C0044,2025-10-17T18:00:00+00:00,outbound,3776.66,GBP,CP0132,MX,card,refund,D0006
T001724,A0052,C0052,2025-10-17T20:00:00+00:00,inbound,525.39,USD,CP0002,CA,card,settled,D0009
T001409,A0042,C0042,2025-10-17T22:00:00+00:00,inbound,947.36,USD,CP0081,US,wire,settled,D0025
T002906,A0092,C0092,2025-10-18T00:00:00+00:00,outbound,2904.37,USD,CP0064,US,card,settled,D0005
T001947,A0059,C0059,2025-10-18T02:00:00+00:00,outbound,311.53,CAD,CP0041,CA,card,settled,D0045
T000147,A0004,C0004,2025-10-18T04:00:00+00:00,outbound,1740.91,CAD,CP0125,MX,card,settled,D0006
T003636,A0114,C0114,2025-10-18T05:00:00+00:00,outbound,2186.81,USD,CP0022,US,payout,failed,D0050
T001169,A0035,C0035,2025-10-18T05:00:00+00:00,inbound,538.01,USD,CP0046,US,wire,settled,D0007
T003786,A0119,C0119,2025-10-18T05:00:00+00:00,outbound,2176.23,USD,CP0090,CA,wire,settled,D0033
T000009,A0001,C0001,2025-10-18T06:00:00+00:00,inbound,778.42,USD,CP0011,US,p2p,settled,D0019
T003654,A0115,C0115,2025-10-18T06:00:00+00:00,inbound,1439.87,USD,CP0038,GB,card,settled,D0022
T003716,A0117,C0117,2025-10-18T07:00:00+00:00,outbound,993.43,USD,CP0116,US,card,settled,D0003
T002930,A0092,C0092,2025-10-18T07:00:00+00:00,outbound,3123.29,USD,CP0076,CA,card,settled,D0044
T000963,A0029,C0029,2025-10-18T08:00:00+00:00,inbound,1680.76,USD,CP0078,CA,card,reversed,D0039
T001870,A0056,C0056,2025-10-18T12:00:00+00:00,inbound,6886.25,USD,CP0113,US,card,refund,D0028
T002214,A0069,C0069,2025-10-18T13:00:00+00:00,outbound,409.95,USD,CP0066,PA,card,settled,D0043
T003035,A0096,C0096,2025-10-18T14:00:00+00:00,inbound,1094.77,USD,CP0017,US,wire,settled,D0043
T002908,A0092,C0092,2025-10-18T14:00:00+00:00,inbound,434.21,USD,CP0093,GB,card,settled,D0017
T001125,A0034,C0034,2025-10-18T16:00:00+00:00,inbound,1272.08,GBP,CP0060,CA,payout,settled,D0045
T002649,A0084,C0084,2025-10-18T17:00:00+00:00,inbound,1218.88,USD,CP0095,BR,ach,settled,D0021
T003754,A0118,C0118,2025-10-18T17:00:00+00:00,inbound,1529.84,USD,CP0133,US,card,settled,D0029
T001688,A0051,C0051,2025-10-18T17:00:00+00:00,outbound,232.39,USD,CP0134,US,p2p,settled,D0008
T001248,A0037,C0037,2025-10-18T21:00:00+00:00,outbound,1166.59,USD,CP0062,US,card,settled,D0045
T002235,A0069,C0069,2025-10-18T22:00:00+00:00,outbound,3747.11,USD,CP0139,PA,wire,settled,D0042
T000025,A0001,C0001,2025-10-18T23:00:00+00:00,inbound,705.26,USD,CP0058,MX,card,pending,D0053
T001302,A0039,C0039,2025-10-18T23:00:00+00:00,outbound,1095.78,USD,CP0012,CA,ach,settled,D0009
T003759,A0118,C0118,2025-10-18T23:00:00+00:00,inbound,702.78,USD,CP0091,PA,p2p,settled,D0045
T003179,A0101,C0101,2025-10-19T00:00:00+00:00,inbound,3144.54,USD,CP0037,CA,wire,settled,D0038
T000652,A0019,C0019,2025-10-19T01:00:00+00:00,outbound,815.99,CAD,CP0038,US,card,settled,D0025
T003661,A0115,C0115,2025-10-19T01:00:00+00:00,outbound,756.58,USD,CP0138,MX,wire,pending,D0017
T001674,A0050,C0050,2025-10-19T02:00:00+00:00,inbound,901.98,GBP,CP0120,MX,p2p,settled,D0033
T000554,A0016,C0016,2025-10-19T06:00:00+00:00,outbound,1652.17,USD,CP0047,US,card,refund,D0040
T001763,A0053,C0053,2025-10-19T06:00:00+00:00,inbound,1403.45,USD,CP0099,US,p2p,settled,D0006
T000597,A0018,C0018,2025-10-19T08:00:00+00:00,outbound,2152.08,USD,CP0029,CA,card,settled,D0017
T000761,A0022,C0022,2025-10-19T08:00:00+00:00,inbound,428.25,USD,CP0088,GB,card,settled,D0014
T000454,A0013,C0013,2025-10-19T10:00:00+00:00,inbound,466.77,USD,CP0016,US,card,settled,D0005
T001008,A0030,C0030,2025-10-19T11:00:00+00:00,inbound,578.36,USD,CP0078,GB,p2p,settled,D0043
T000845,A0025,C0025,2025-10-19T11:00:00+00:00,outbound,490.07,USD,CP0113,US,p2p,pending,D0001
T001297,A0039,C0039,2025-10-19T11:00:00+00:00,outbound,2452.5,CAD,CP0130,US,card,failed,D0031
T001217,A0037,C0037,2025-10-19T12:00:00+00:00,outbound,1833.36,USD,CP0018,GB,card,settled,D0013
T002621,A0083,C0083,2025-10-19T15:00:00+00:00,outbound,1373.93,USD,CP0060,CA,card,settled,D0050
T003493,A0110,C0110,2025-10-19T16:00:00+00:00,inbound,1264.67,USD,CP0037,US,card,settled,D0054
T003027,A0096,C0096,2025-10-19T17:00:00+00:00,inbound,1052.1,GBP,CP0061,US,card,settled,D0044
T002266,A0071,C0071,2025-10-19T18:00:00+00:00,inbound,3018.31,USD,CP0005,PA,ach,settled,D0050
T000124,A0003,C0003,2025-10-19T18:00:00+00:00,inbound,2347.64,USD,CP0138,PA,payout,settled,D0018
T000844,A0025,C0025,2025-10-19T20:00:00+00:00,inbound,783.94,USD,CP0060,PA,ach,settled,D0052
T000934,A0028,C0028,2025-10-19T21:00:00+00:00,outbound,1837.25,USD,CP0141,US,card,settled,D0027
T000206,A0005,C0005,2025-10-19T22:00:00+00:00,inbound,1951.85,USD,CP0081,CA,card,settled,D0011
T003638,A0114,C0114,2025-10-19T23:00:00+00:00,inbound,473.4,USD,CP0018,US,card,settled,D0009
T001368,A0041,C0041,2025-10-20T02:00:00+00:00,inbound,225.73,USD,CP0118,BR,ach,settled,D0009
T002768,A0089,C0089,2025-10-20T03:00:00+00:00,outbound,330.9,USD,CP0122,US,ach,settled,D0008
T002601,A0082,C0082,2025-10-20T03:00:00+00:00,inbound,499.31,CAD,CP0132,US,card,reversed,D0003
T002585,A0081,C0081,2025-10-20T03:00:00+00:00,outbound,1064.89,USD,CP0067,GB,p2p,settled,D0044
T002288,A0072,C0072,2025-10-20T04:00:00+00:00,outbound,1276.36,USD,CP0086,US,ach,settled,D0002
T000606,A0018,C0018,2025-10-20T05:00:00+00:00,inbound,2086.33,USD,CP0046,US,ach,settled,D0001
T000020,A0001,C0001,2025-10-20T09:00:00+00:00,outbound,178.62,USD,CP0019,MX,ach,chargeback,D0024
T003002,A0095,C0095,2025-10-20T10:00:00+00:00,outbound,780.04,USD,CP0010,CA,ach,failed,D0028
T001424,A0042,C0042,2025-10-20T13:00:00+00:00,outbound,3559.24,CAD,CP0112,MX,card,chargeback,D0040
T001548,A0046,C0046,2025-10-20T13:00:00+00:00,inbound,1236.27,USD,CP0045,MX,wire,refund,D0025
T002162,A0066,C0066,2025-10-20T13:00:00+00:00,outbound,905.09,USD,CP0117,US,p2p,settled,D0041
T003747,A0118,C0118,2025-10-20T14:00:00+00:00,inbound,1649.59,USD,CP0035,GB,ach,settled,D0018
T002796,A0090,C0090,2025-10-20T14:00:00+00:00,inbound,845.68,CAD,CP0057,CA,card,settled,D0043
T002926,A0092,C0092,2025-10-20T14:00:00+00:00,inbound,7170.71,USD,CP0056,US,payout,settled,D0007
T000970,A0029,C0029,2025-10-20T15:00:00+00:00,outbound,816.62,USD,CP0080,US,payout,settled,D0038
T001847,A0056,C0056,2025-10-20T15:00:00+00:00,outbound,4542.56,GBP,CP0058,MX,p2p,settled,D0041
T000417,A0012,C0012,2025-10-20T16:00:00+00:00,inbound,2046.65,USD,CP0096,US,ach,settled,D0054
T003514,A0110,C0110,2025-10-20T17:00:00+00:00,outbound,8320.73,USD,CP0053,US,wire,settled,D0048
T000198,A0005,C0005,2025-10-20T21:00:00+00:00,outbound,1033.58,USD,CP0147,PA,card,refund,D0022
T001637,A0049,C0049,2025-10-20T22:00:00+00:00,outbound,271.79,USD,CP0087,MX,ach,settled,D0050
T002161,A0066,C0066,2025-10-20T23:00:00+00:00,inbound,484.32,USD,CP0076,US,card,refund,D0034
T002817,A0090,C0090,2025-10-20T23:00:00+00:00,inbound,1264.58,USD,CP0109,US,p2p,settled,D0023
T001587,A0048,C0048,2025-10-21T02:00:00+00:00,outbound,11580.33,USD,CP0134,CA,card,settled,D0042
T002184,A0067,C0067,2025-10-21T02:00:00+00:00,outbound,2648.46,USD,CP0022,GB,payout,settled,D0052
T000306,A0009,C0009,2025-10-21T03:00:00+00:00,inbound,798.51,USD,CP0142,GB,payout,settled,D0048
T003824,A0120,C0120,2025-10-21T04:00:00+00:00,inbound,105.85,USD,CP0147,US,p2p,settled,D0054
T002604,A0082,C0082,2025-10-21T04:00:00+00:00,inbound,2655.97,USD,CP0108,GB,ach,settled,D0017
T002076,A0064,C0064,2025-10-21T04:00:00+00:00,outbound,1636.25,USD,CP0073,BR,wire,settled,D0044
T001347,A0041,C0041,2025-10-21T05:00:00+00:00,inbound,3673.74,USD,CP0007,US,card,settled,D0050
T000078,A0002,C0002,2025-10-21T07:00:00+00:00,outbound,547.71,USD,CP0038,GB,wire,settled,D0016
T000589,A0018,C0018,2025-10-21T07:00:00+00:00,inbound,462.87,USD,CP0138,GB,p2p,settled,D0027
T001432,A0042,C0042,2025-10-21T09:00:00+00:00,inbound,3962.74,USD,CP0079,GB,card,settled,D0047
T003407,A0108,C0108,2025-10-21T09:00:00+00:00,inbound,819.87,USD,CP0107,US,payout,settled,D0029
T003297,A0105,C0105,2025-10-21T13:00:00+00:00,outbound,988.64,USD,CP0105,CA,p2p,settled,D0030
T002083,A0064,C0064,2025-10-21T16:00:00+00:00,outbound,827.1,USD,CP0078,US,card,settled,D0045
T003591,A0113,C0113,2025-10-21T17:00:00+00:00,outbound,848.6,USD,CP0147,US,card,settled,D0028
T003589,A0113,C0113,2025-10-21T23:00:00+00:00,outbound,1153.36,USD,CP0115,GB,card,failed,D0005
T003450,A0109,C0109,2025-10-22T00:00:00+00:00,outbound,1094.89,USD,CP0112,US,wire,settled,D0034
T000832,A0025,C0025,2025-10-22T03:00:00+00:00,inbound,317.26,USD,CP0028,US,card,settled,D0050
T001273,A0038,C0038,2025-10-22T04:00:00+00:00,inbound,1482.79,USD,CP0034,US,p2p,settled,D0004
T000123,A0003,C0003,2025-10-22T06:00:00+00:00,inbound,411.97,USD,CP0028,GB,ach,settled,D0039
T002518,A0078,C0078,2025-10-22T06:00:00+00:00,outbound,3083.37,USD,CP0092,US,ach,settled,D0014
T002730,A0088,C0088,2025-10-22T06:00:00+00:00,inbound,665.39,CAD,CP0065,US,wire,settled,D0039
T002050,A0063,C0063,2025-10-22T08:00:00+00:00,outbound,1002.33,USD,CP0083,CA,p2p,settled,D0021
T000759,A0022,C0022,2025-10-22T08:00:00+00:00,inbound,502.13,USD,CP0074,PA,ach,failed,D0026
T001867,A0056,C0056,2025-10-22T09:00:00+00:00,inbound,433.33,USD,CP0111,MX,ach,settled,D0013
T003176,A0101,C0101,2025-10-22T09:00:00+00:00,outbound,385.79,USD,CP0148,PA,ach,settled,D0030
T001296,A0039,C0039,2025-10-22T09:00:00+00:00,inbound,847.87,USD,CP0055,US,wire,settled,D0027
T000360,A0011,C0011,2025-10-22T10:00:00+00:00,inbound,1826.55,USD,CP0022,US,ach,settled,D0051
T003281,A0105,C0105,2025-10-22T12:00:00+00:00,inbound,318.63,USD,CP0053,US,wire,settled,D0051
T002675,A0085,C0085,2025-10-22T14:00:00+00:00,inbound,1372.97,USD,CP0092,CA,ach,settled,D0029
T002406,A0075,C0075,2025-10-22T14:00:00+00:00,inbound,419.79,USD,CP0121,BR,card,settled,D0046
T001371,A0041,C0041,2025-10-22T14:00:00+00:00,outbound,1264.03,USD,CP0128,US,p2p,settled,D0016
T001088,A0033,C0033,2025-10-22T14:00:00+00:00,inbound,3943.39,CAD,CP0084,BR,card,settled,D0001
T000376,A0011,C0011,2025-10-22T15:00:00+00:00,inbound,2517.46,USD,CP0065,US,card,settled,D0052
T002855,A0091,C0091,2025-10-22T20:00:00+00:00,outbound,1414.89,CAD,CP0107,US,payout,settled,D0021
T000237,A0006,C0006,2025-10-22T23:00:00+00:00,outbound,1056.49,USD,CP0062,US,p2p,settled,D0015
T000440,A0012,C0012,2025-10-22T23:00:00+00:00,outbound,288.69,USD,CP0003,BR,p2p,settled,D0038
T001362,A0041,C0041,2025-10-23T01:00:00+00:00,outbound,1757.89,USD,CP0068,PA,card,settled,D0044
T000653,A0019,C0019,2025-10-23T04:00:00+00:00,outbound,1429.64,CAD,CP0016,PA,wire,settled,D0022
T001283,A0038,C0038,2025-10-23T05:00:00+00:00,inbound,539.35,USD,CP0078,MX,ach,settled,D0021
T003190,A0101,C0101,2025-10-23T06:00:00+00:00,inbound,1767.57,USD,CP0001,US,payout,refund,D0035
T001815,A0055,C0055,2025-10-23T09:00:00+00:00,outbound,695.62,USD,CP0006,CA,card,settled,D0003
T000809,A0024,C0024,2025-10-23T10:00:00+00:00,outbound,2577.14,USD,CP0045,PA,card,settled,D0006
T002689,A0086,C0086,2025-10-23T12:00:00+00:00,inbound,395.68,USD,CP0066,US,p2p,settled,D0017
T002107,A0065,C0065,2025-10-23T13:00:00+00:00,outbound,485.63,USD,CP0017,CA,wire,settled,D0019
T002753,A0089,C0089,2025-10-23T14:00:00+00:00,inbound,2103.76,USD,CP0061,GB,payout,settled,D0036
T003199,A0102,C0102,2025-10-23T17:00:00+00:00,outbound,621.76,USD,CP0134,MX,ach,refund,D0025
T001292,A0039,C0039,2025-10-23T17:00:00+00:00,outbound,1369.2,USD,CP0075,US,payout,settled,D0028
T003820,A0120,C0120,2025-10-23T20:00:00+00:00,inbound,645.58,USD,CP0149,PA,wire,settled,D0018
T002987,A0094,C0094,2025-10-23T23:00:00+00:00,inbound,435.05,USD,CP0071,US,card,settled,D0002
T003590,A0113,C0113,2025-10-24T02:00:00+00:00,outbound,3125.84,USD,CP0101,US,wire,settled,D0009
T000517,A0015,C0015,2025-10-24T02:00:00+00:00,inbound,147.97,CAD,CP0094,GB,ach,settled,D0044
T001328,A0040,C0040,2025-10-24T03:00:00+00:00,inbound,2269.71,USD,CP0014,US,ach,settled,D0034
T003501,A0110,C0110,2025-10-24T03:00:00+00:00,outbound,6809.83,CAD,CP0008,BR,card,settled,D0041
T002315,A0072,C0072,2025-10-24T03:00:00+00:00,inbound,388.07,GBP,CP0017,CA,p2p,settled,D0032
T002505,A0078,C0078,2025-10-24T05:00:00+00:00,outbound,1659.94,USD,CP0140,MX,p2p,settled,D0050
T000434,A0012,C0012,2025-10-24T05:00:00+00:00,inbound,988.57,USD,CP-HIGH-RISK-HUB,US,payout,settled,D0018
T000112,A0003,C0003,2025-10-24T05:00:00+00:00,outbound,1530.13,USD,CP0091,PA,card,settled,D0007
T003802,A0120,C0120,2025-10-24T05:00:00+00:00,outbound,1838.47,USD,CP0064,GB,card,failed,D0029
T001781,A0054,C0054,2025-10-24T06:00:00+00:00,inbound,1261.97,USD,CP0006,BR,payout,settled,D0029
T000619,A0019,C0019,2025-10-24T07:00:00+00:00,inbound,1574.72,USD,CP0006,CA,p2p,settled,D0042
T002426,A0075,C0075,2025-10-24T08:00:00+00:00,inbound,1418.5,USD,CP0144,US,ach,settled,D0025
T001890,A0057,C0057,2025-10-24T08:00:00+00:00,outbound,516.68,USD,CP0112,US,ach,settled,D0053
T003274,A0104,C0104,2025-10-24T08:00:00+00:00,inbound,1135.88,CAD,CP0082,US,card,settled,D0024
T000601,A0018,C0018,2025-10-24T10:00:00+00:00,inbound,1019.16,GBP,CP0017,US,wire,settled,D0007
T003535,A0111,C0111,2025-10-24T12:00:00+00:00,outbound,987.3,USD,CP0038,PA,p2p,settled,D0015
T000235,A0006,C0006,2025-10-24T12:00:00+00:00,inbound,546.74,USD,CP0077,PA,card,settled,D0009
T002319,A0072,C0072,2025-10-24T18:00:00+00:00,inbound,256.3,USD,CP0026,US,card,settled,D0036
T003250,A0103,C0103,2025-10-24T20:00:00+00:00,inbound,2593.46,GBP,CP0095,GB,ach,settled,D0008
T000375,A0011,C0011,2025-10-24T20:00:00+00:00,outbound,715.04,USD,CP0028,CA,ach,failed,D0053
T000351,A0011,C0011,2025-10-24T21:00:00+00:00,inbound,1343.4,GBP,CP0136,CA,card,settled,D0011
T002346,A0073,C0073,2025-10-24T21:00:00+00:00,inbound,2407.64,GBP,CP0038,GB,wire,settled,D0012
T003122,A0099,C0099,2025-10-25T01:00:00+00:00,outbound,199.66,USD,CP0085,GB,ach,settled,D0008
T002549,A0080,C0080,2025-10-25T01:00:00+00:00,inbound,501.74,USD,CP0085,US,card,failed,D0002
T002722,A0087,C0087,2025-10-25T03:00:00+00:00,inbound,381.59,CAD,CP0065,CA,p2p,settled,D0031
T000718,A0021,C0021,2025-10-25T04:00:00+00:00,outbound,562.33,USD,CP0142,BR,ach,settled,D0051
T000835,A0025,C0025,2025-10-25T07:00:00+00:00,inbound,223.49,USD,CP0129,MX,card,settled,D0005
T002248,A0070,C0070,2025-10-25T09:00:00+00:00,outbound,2560.16,USD,CP0102,US,ach,settled,D0014
T001221,A0037,C0037,2025-10-25T09:00:00+00:00,inbound,234.77,USD,CP0038,US,ach,settled,D0031
T002299,A0072,C0072,2025-10-25T10:00:00+00:00,inbound,440.22,USD,CP0124,BR,ach,reversed,D0027
T002548,A0079,C0079,2025-10-25T11:00:00+00:00,inbound,506.8,USD,CP0034,CA,wire,settled,D0022
T000005,A0001,C0001,2025-10-25T11:00:00+00:00,outbound,1387.25,USD,CP0132,BR,card,settled,D0028
T002663,A0085,C0085,2025-10-25T11:00:00+00:00,outbound,749.66,USD,CP0078,BR,p2p,settled,D0045
T000583,A0017,C0017,2025-10-25T11:00:00+00:00,inbound,3073.15,USD,CP0119,MX,card,settled,D0006
T001675,A0050,C0050,2025-10-25T12:00:00+00:00,inbound,2361.64,USD,CP0036,US,card,settled,D0029
T001981,A0061,C0061,2025-10-25T13:00:00+00:00,inbound,1209.35,CAD,CP0104,MX,ach,settled,D0038
T000530,A0015,C0015,2025-10-25T13:00:00+00:00,inbound,2107.52,USD,CP0079,CA,p2p,settled,D0043
T002373,A0074,C0074,2025-10-25T15:00:00+00:00,outbound,818.79,USD,CP0008,US,card,settled,D0050
T000905,A0027,C0027,2025-10-25T17:00:00+00:00,outbound,1492.76,USD,CP0079,US,wire,settled,D0024
T000561,A0017,C0017,2025-10-25T18:00:00+00:00,inbound,1836.56,USD,CP0007,US,ach,chargeback,D0003
T000893,A0027,C0027,2025-10-25T19:00:00+00:00,outbound,394.81,GBP,CP0111,MX,card,refund,D0048
T000013,A0001,C0001,2025-10-25T22:00:00+00:00,outbound,659.9,GBP,CP0059,BR,card,settled,D0026
T003543,A0112,C0112,2025-10-25T23:00:00+00:00,outbound,729.63,USD,CP0005,GB,p2p,settled,D0003
T000279,A0008,C0008,2025-10-26T04:00:00+00:00,inbound,1361.65,USD,CP0113,US,ach,settled,D0053
T001755,A0053,C0053,2025-10-26T05:00:00+00:00,inbound,2046.56,USD,CP0132,US,card,settled,D0035
T002877,A0092,C0092,2025-10-26T07:00:00+00:00,inbound,1384.09,USD,CP0147,MX,card,settled,D0027
T000179,A0005,C0005,2025-10-26T07:00:00+00:00,outbound,2328.69,USD,CP0075,CA,ach,settled,D0014
T001814,A0055,C0055,2025-10-26T15:00:00+00:00,inbound,482.25,USD,CP0036,US,ach,pending,D0028
T002418,A0075,C0075,2025-10-26T18:00:00+00:00,inbound,1441.74,USD,CP0019,PA,ach,settled,D0010
T001461,A0044,C0044,2025-10-26T21:00:00+00:00,inbound,1172.24,USD,CP0142,GB,card,settled,D0030
T002140,A0065,C0065,2025-10-26T21:00:00+00:00,inbound,2784.51,USD,CP0024,US,card,settled,D0020
T000990,A0029,C0029,2025-10-26T22:00:00+00:00,outbound,1367.53,USD,CP0121,US,payout,pending,D0016
T002522,A0078,C0078,2025-10-27T00:00:00+00:00,inbound,2167.94,USD,CP0041,MX,card,settled,D0050
T001425,A0042,C0042,2025-10-27T01:00:00+00:00,inbound,554.17,GBP,CP0057,BR,ach,settled,D0046
T001813,A0055,C0055,2025-10-27T01:00:00+00:00,outbound,2218.48,CAD,CP0017,US,card,reversed,D0006
T001223,A0037,C0037,2025-10-27T01:00:00+00:00,outbound,830.81,USD,CP0101,US,ach,settled,D0017
T001528,A0045,C0045,2025-10-27T05:00:00+00:00,outbound,1386.04,USD,CP0115,US,card,pending,D0013
T003516,A0110,C0110,2025-10-27T06:00:00+00:00,inbound,2569.13,USD,CP0143,US,card,pending,D0037
T002551,A0080,C0080,2025-10-27T06:00:00+00:00,inbound,617.73,USD,CP0093,US,card,settled,D0030
T001897,A0057,C0057,2025-10-27T08:00:00+00:00,inbound,993.43,USD,CP0078,GB,card,refund,D0035
T002572,A0081,C0081,2025-10-27T09:00:00+00:00,outbound,560.75,CAD,CP0106,MX,p2p,settled,D0028
T001726,A0052,C0052,2025-10-27T11:00:00+00:00,inbound,2085.54,USD,CP0111,MX,card,failed,D0024
T003809,A0120,C0120,2025-10-27T12:00:00+00:00,outbound,1529.83,USD,CP0065,CA,ach,pending,D0041
T001767,A0053,C0053,2025-10-27T12:00:00+00:00,inbound,336.86,USD,CP0053,US,wire,settled,D0050
T002892,A0092,C0092,2025-10-27T13:00:00+00:00,inbound,2553.4,USD,CP0078,BR,card,settled,D0003
T002938,A0093,C0093,2025-10-27T18:00:00+00:00,inbound,654.83,USD,CP0053,MX,ach,chargeback,D0048
T001106,A0033,C0033,2025-10-27T19:00:00+00:00,inbound,3758.22,CAD,CP0030,BR,card,settled,D0042
T003659,A0115,C0115,2025-10-27T19:00:00+00:00,inbound,3529.8,USD,CP0134,GB,ach,settled,D0049
T000230,A0006,C0006,2025-10-27T20:00:00+00:00,inbound,2237.66,USD,CP0086,US,ach,settled,D0016
T003727,A0117,C0117,2025-10-27T21:00:00+00:00,outbound,498.92,GBP,CP0062,US,p2p,settled,D0008
T001620,A0048,C0048,2025-10-27T21:00:00+00:00,outbound,2887.43,USD,CP0017,CA,ach,settled,D0038
T001233,A0037,C0037,2025-10-27T23:00:00+00:00,inbound,1325.85,USD,CP0131,US,card,pending,D0051
T001172,A0035,C0035,2025-10-28T00:00:00+00:00,inbound,1252.3,USD,CP0129,CA,wire,settled,D0021
T002039,A0063,C0063,2025-10-28T02:00:00+00:00,outbound,2111.2,USD,CP0066,US,card,settled,D0027
T001607,A0048,C0048,2025-10-28T02:00:00+00:00,outbound,3248.85,USD,CP0007,BR,card,pending,D0027
T003446,A0109,C0109,2025-10-28T03:00:00+00:00,inbound,2243.91,USD,CP0020,CA,card,settled,D0008
T002282,A0071,C0071,2025-10-28T08:00:00+00:00,inbound,2055.55,USD,CP0111,BR,card,settled,D0032
T000137,A0004,C0004,2025-10-28T09:00:00+00:00,outbound,140.99,USD,CP0046,GB,p2p,settled,D0008
T003645,A0115,C0115,2025-10-28T09:00:00+00:00,outbound,1863.43,GBP,CP0088,CA,p2p,settled,D0014
T003544,A0112,C0112,2025-10-28T10:00:00+00:00,inbound,2443.53,USD,CP0118,US,wire,settled,D0012
T001116,A0034,C0034,2025-10-28T11:00:00+00:00,inbound,896.69,USD,CP0128,CA,ach,settled,D0027
T000268,A0007,C0007,2025-10-28T11:00:00+00:00,inbound,741.49,USD,CP0008,US,p2p,settled,D0033
T002294,A0072,C0072,2025-10-28T12:00:00+00:00,inbound,771.95,USD,CP0116,GB,card,refund,D0004
T000120,A0003,C0003,2025-10-28T13:00:00+00:00,outbound,3737.52,USD,CP0062,PA,p2p,refund,D0032
T000526,A0015,C0015,2025-10-28T13:00:00+00:00,inbound,1608.06,USD,CP0091,US,card,settled,D0027
T002903,A0092,C0092,2025-10-28T14:00:00+00:00,outbound,2666.3,USD,CP0094,US,card,failed,D0039
T002616,A0083,C0083,2025-10-28T14:00:00+00:00,inbound,2127.14,USD,CP0081,CA,ach,settled,D0011
T003235,A0103,C0103,2025-10-28T20:00:00+00:00,inbound,611.75,USD,CP0146,MX,p2p,pending,D0019
T001530,A0045,C0045,2025-10-28T21:00:00+00:00,outbound,10396.49,USD,CP0065,BR,card,settled,D0051
T000599,A0018,C0018,2025-10-28T22:00:00+00:00,inbound,1138.16,CAD,CP0100,US,ach,settled,D0014
T000365,A0011,C0011,2025-10-28T22:00:00+00:00,inbound,1055.4,USD,CP0080,CA,card,settled,D0028
T001119,A0034,C0034,2025-10-28T23:00:00+00:00,inbound,1280.76,USD,CP0052,US,card,settled,D0004
T003454,A0110,C0110,2025-10-28T23:00:00+00:00,outbound,781.94,CAD,CP0087,BR,p2p,settled,D0052
T003272,A0104,C0104,2025-10-29T00:00:00+00:00,inbound,900.4,USD,CP0043,US,card,settled,D0024
T001851,A0056,C0056,2025-10-29T00:00:00+00:00,inbound,1449.63,CAD,CP0034,US,ach,settled,D0040
T003402,A0108,C0108,2025-10-29T01:00:00+00:00,outbound,9811.45,GBP,CP0023,BR,ach,settled,D0046
T003422,A0109,C0109,2025-10-29T02:00:00+00:00,inbound,1175.68,USD,CP0090,US,card,settled,D0001
T002146,A0065,C0065,2025-10-29T04:00:00+00:00,outbound,700.18,USD,CP0149,MX,card,settled,D0028
T003386,A0108,C0108,2025-10-29T05:00:00+00:00,inbound,2325.51,USD,CP0063,MX,ach,settled,D0023
T003271,A0104,C0104,2025-10-29T08:00:00+00:00,outbound,1421.59,USD,CP0148,MX,ach,settled,D0025
T003074,A0097,C0097,2025-10-29T09:00:00+00:00,inbound,2052.7,USD,CP0062,MX,payout,settled,D0025
T000392,A0011,C0011,2025-10-29T09:00:00+00:00,inbound,591.36,USD,CP0068,US,p2p,settled,D0022
T001388,A0041,C0041,2025-10-29T12:00:00+00:00,outbound,9930.86,USD,CP0058,GB,card,settled,D0008
T002679,A0085,C0085,2025-10-29T14:00:00+00:00,inbound,929.84,USD,CP0025,US,ach,settled,D0015
T002665,A0085,C0085,2025-10-29T17:00:00+00:00,inbound,1527.68,USD,CP0123,MX,card,settled,D0041
T002538,A0079,C0079,2025-10-29T18:00:00+00:00,inbound,1822.51,USD,CP0072,PA,ach,settled,D0028
T001559,A0046,C0046,2025-10-29T19:00:00+00:00,outbound,959.34,USD,CP0076,US,payout,settled,D0053
T000036,A0001,C0001,2025-10-29T20:00:00+00:00,inbound,769.12,USD,CP0085,US,payout,settled,D0043
T002530,A0079,C0079,2025-10-29T21:00:00+00:00,inbound,3271.84,CAD,CP0133,US,p2p,settled,D0009
T000574,A0017,C0017,2025-10-29T21:00:00+00:00,outbound,429.05,USD,CP0023,CA,p2p,settled,D0035
T001330,A0040,C0040,2025-10-29T22:00:00+00:00,inbound,1246.84,USD,CP0102,US,card,settled,D0010
T002696,A0086,C0086,2025-10-30T00:00:00+00:00,outbound,1207.38,CAD,CP0101,US,p2p,settled,D0009
T002207,A0068,C0068,2025-10-30T00:00:00+00:00,outbound,1080.03,GBP,CP0144,CA,card,settled,D0030
T002559,A0080,C0080,2025-10-30T00:00:00+00:00,outbound,1223.38,USD,CP0045,US,card,settled,D0025
T000223,A0005,C0005,2025-10-30T01:00:00+00:00,inbound,7906.34,USD,CP0029,US,wire,reversed,D0007
T000785,A0023,C0023,2025-10-30T03:00:00+00:00,inbound,1489.56,GBP,CP0035,CA,p2p,settled,D0054
T001829,A0055,C0055,2025-10-30T03:00:00+00:00,outbound,1547.46,USD,CP0019,CA,card,settled,D0035
T002626,A0083,C0083,2025-10-30T05:00:00+00:00,inbound,1120.98,USD,CP0083,PA,payout,pending,D0018
T002639,A0084,C0084,2025-10-30T05:00:00+00:00,inbound,1161.22,USD,CP0130,US,card,settled,D0020
T000837,A0025,C0025,2025-10-30T05:00:00+00:00,inbound,1634.01,USD,CP0082,US,ach,settled,D0031
T000555,A0016,C0016,2025-10-30T10:00:00+00:00,inbound,1220.32,USD,CP0113,GB,wire,settled,D0009
T002762,A0089,C0089,2025-10-30T10:00:00+00:00,outbound,2265.88,USD,CP0008,US,ach,refund,D0008
T000670,A0019,C0019,2025-10-30T11:00:00+00:00,outbound,753.83,USD,CP0041,MX,payout,settled,D0022
T001249,A0037,C0037,2025-10-30T12:00:00+00:00,inbound,569.03,USD,CP-HIGH-RISK-HUB,BR,wire,settled,D0039
T002778,A0089,C0089,2025-10-30T13:00:00+00:00,outbound,880.75,USD,CP0105,US,ach,settled,D0023
T000226,A0006,C0006,2025-10-30T14:00:00+00:00,inbound,507.86,USD,CP0121,US,card,settled,D0007
T001717,A0052,C0052,2025-10-30T15:00:00+00:00,inbound,770.01,USD,CP0047,US,card,settled,D0012
T002655,A0084,C0084,2025-10-30T16:00:00+00:00,inbound,1180.24,USD,CP0029,GB,payout,settled,D0003
T003013,A0095,C0095,2025-10-30T17:00:00+00:00,outbound,1120.09,GBP,CP0068,MX,payout,settled,D0010
T003168,A0101,C0101,2025-10-30T17:00:00+00:00,inbound,436.81,USD,CP0086,US,card,settled,D0016
T001697,A0051,C0051,2025-10-30T18:00:00+00:00,inbound,1549.72,GBP,CP0060,US,card,failed,D0021
T001406,A0042,C0042,2025-10-30T18:00:00+00:00,inbound,643.02,USD,CP0030,US,ach,settled,D0038
T000032,A0001,C0001,2025-10-30T18:00:00+00:00,inbound,660.31,USD,CP0093,CA,card,settled,D0032
T001834,A0056,C0056,2025-10-30T23:00:00+00:00,inbound,1088.13,USD,CP0105,US,p2p,settled,D0012
T000685,A0020,C0020,2025-10-30T23:00:00+00:00,inbound,2772.71,USD,CP0022,US,p2p,settled,D0015
T002430,A0075,C0075,2025-10-31T00:00:00+00:00,inbound,834.1,USD,CP0036,BR,card,settled,D0035
T003367,A0108,C0108,2025-10-31T01:00:00+00:00,inbound,676.13,USD,CP0039,CA,ach,settled,D0053
T002041,A0063,C0063,2025-10-31T05:00:00+00:00,inbound,2323.93,USD,CP0093,BR,ach,settled,D0052
T003161,A0100,C0100,2025-10-31T06:00:00+00:00,outbound,1449.21,USD,CP0118,BR,ach,settled,D0011
T001431,A0042,C0042,2025-10-31T07:00:00+00:00,outbound,1444.14,USD,CP0077,GB,payout,settled,D0013
T000442,A0013,C0013,2025-10-31T08:00:00+00:00,inbound,243.87,GBP,CP0140,CA,p2p,settled,D0022
T000656,A0019,C0019,2025-10-31T09:00:00+00:00,outbound,9058.74,USD,CP0057,PA,ach,settled,D0005
T000787,A0023,C0023,2025-10-31T11:00:00+00:00,inbound,1334.42,USD,CP0059,US,p2p,pending,D0004
T001853,A0056,C0056,2025-10-31T12:00:00+00:00,outbound,1314.26,CAD,CP0055,US,p2p,failed,D0022
T001475,A0044,C0044,2025-10-31T14:00:00+00:00,outbound,153.62,USD,CP0098,GB,payout,refund,D0042
T000541,A0016,C0016,2025-10-31T15:00:00+00:00,inbound,4183.21,USD,CP0108,BR,p2p,reversed,D0004
T002698,A0086,C0086,2025-10-31T15:00:00+00:00,inbound,155.4,USD,CP0018,MX,p2p,settled,D0028
T000452,A0013,C0013,2025-10-31T15:00:00+00:00,inbound,450.53,GBP,CP0003,US,card,settled,D0047
T002867,A0091,C0091,2025-10-31T16:00:00+00:00,outbound,1549.38,USD,CP0002,BR,card,pending,D0002
T002029,A0063,C0063,2025-10-31T18:00:00+00:00,outbound,564.79,CAD,CP0147,CA,p2p,settled,D0011
T001240,A0037,C0037,2025-10-31T18:00:00+00:00,outbound,1174.45,USD,CP0032,BR,card,settled,D0025
T000017,A0001,C0001,2025-10-31T19:00:00+00:00,outbound,924.32,USD,CP0071,US,ach,settled,D0017
T001539,A0046,C0046,2025-10-31T22:00:00+00:00,outbound,1333.37,CAD,CP0135,US,wire,settled,D0033
T002130,A0065,C0065,2025-11-01T00:00:00+00:00,inbound,2186.89,CAD,CP0141,BR,p2p,settled,D0029
T002305,A0072,C0072,2025-11-01T02:00:00+00:00,inbound,385.95,USD,CP0033,PA,p2p,settled,D0044
T003690,A0116,C0116,2025-11-01T03:00:00+00:00,inbound,1399.26,USD,CP0118,US,p2p,settled,D0007
T002808,A0090,C0090,2025-11-01T03:00:00+00:00,outbound,156.63,USD,CP-HIGH-RISK-HUB,US,card,chargeback,D0037
T000582,A0017,C0017,2025-11-01T03:00:00+00:00,outbound,1044.7,USD,CP0020,US,wire,settled,D0011
T003244,A0103,C0103,2025-11-01T04:00:00+00:00,outbound,2065.94,USD,CP0080,US,ach,settled,D0042
T003242,A0103,C0103,2025-11-01T05:00:00+00:00,outbound,890.68,GBP,CP0033,US,card,settled,D0052
T000321,A0009,C0009,2025-11-01T10:00:00+00:00,outbound,1289.08,USD,CP0085,US,card,settled,D0049
T002792,A0090,C0090,2025-11-01T10:00:00+00:00,inbound,1488.64,CAD,CP0137,GB,ach,settled,D0035
T000700,A0020,C0020,2025-11-01T13:00:00+00:00,inbound,847.87,GBP,CP0089,US,card,settled,D0049
T001648,A0049,C0049,2025-11-01T14:00:00+00:00,inbound,1553.34,USD,CP0046,US,payout,settled,D0032
T001811,A0055,C0055,2025-11-01T18:00:00+00:00,outbound,1894.12,CAD,CP0088,US,wire,settled,D0006
T000057,A0001,C0001,2025-11-01T18:00:00+00:00,outbound,7979.71,USD,CP0021,US,card,refund,D0031
T002390,A0074,C0074,2025-11-01T22:00:00+00:00,outbound,1072.77,USD,CP0097,US,ach,settled,D0047
T000550,A0016,C0016,2025-11-01T23:00:00+00:00,inbound,5816.64,USD,CP0064,GB,card,settled,D0004
T001849,A0056,C0056,2025-11-01T23:00:00+00:00,inbound,1936.64,CAD,CP0034,GB,p2p,settled,D0021
T000865,A0026,C0026,2025-11-01T23:00:00+00:00,inbound,1032.76,USD,CP0108,GB,card,settled,D0021
T000980,A0029,C0029,2025-11-02T01:00:00+00:00,inbound,221.31,USD,CP0076,PA,card,settled,D0030
T003794,A0120,C0120,2025-11-02T05:00:00+00:00,outbound,1171.18,USD,CP0072,BR,card,settled,D0020
T001170,A0035,C0035,2025-11-02T06:00:00+00:00,inbound,2166.04,CAD,CP0144,BR,p2p,settled,D0048
T003180,A0101,C0101,2025-11-02T07:00:00+00:00,outbound,259.6,USD,CP0149,US,p2p,failed,D0026
T002789,A0090,C0090,2025-11-02T08:00:00+00:00,outbound,2908.84,USD,CP0069,MX,p2p,failed,D0028
T001293,A0039,C0039,2025-11-02T10:00:00+00:00,inbound,659.2,USD,CP0119,GB,payout,settled,D0012
T000110,A0003,C0003,2025-11-02T12:00:00+00:00,inbound,446.36,USD,CP0053,US,ach,pending,D0004
T002443,A0076,C0076,2025-11-02T17:00:00+00:00,outbound,2200.06,CAD,CP0051,US,payout,settled,D0001
T000659,A0019,C0019,2025-11-02T17:00:00+00:00,outbound,1632.27,USD,CP0086,GB,card,settled,D0016
T002953,A0093,C0093,2025-11-02T18:00:00+00:00,outbound,1206.93,USD,CP0002,CA,wire,settled,D0007
T002653,A0084,C0084,2025-11-02T20:00:00+00:00,outbound,626.43,USD,CP0058,US,p2p,settled,D0011
T001785,A0054,C0054,2025-11-02T22:00:00+00:00,outbound,1270.14,USD,CP0071,CA,ach,settled,D0034
T003632,A0114,C0114,2025-11-03T04:00:00+00:00,outbound,213.42,CAD,CP0069,CA,p2p,failed,D0033
T003079,A0098,C0098,2025-11-03T05:00:00+00:00,outbound,1349.08,CAD,CP0134,US,p2p,failed,D0025
T003321,A0106,C0106,2025-11-03T08:00:00+00:00,outbound,36.15,USD,CP0118,US,card,failed,D0035
T000247,A0006,C0006,2025-11-03T08:00:00+00:00,outbound,405.22,USD,CP0056,CA,wire,settled,D0009
T000681,A0020,C0020,2025-11-03T08:00:00+00:00,inbound,451.44,USD,CP0020,GB,payout,settled,D0045
T003524,A0111,C0111,2025-11-03T09:00:00+00:00,outbound,906.54,CAD,CP0078,US,card,failed,D0031
T001064,A0032,C0032,2025-11-03T10:00:00+00:00,outbound,1331.03,USD,CP0109,BR,ach,settled,D0009
T003226,A0102,C0102,2025-11-03T11:00:00+00:00,inbound,2480.32,CAD,CP0039,PA,card,reversed,D0041
T000033,A0001,C0001,2025-11-03T12:00:00+00:00,inbound,163.3,USD,CP0142,PA,card,settled,D0054
T003461,A0110,C0110,2025-11-03T17:00:00+00:00,inbound,921.72,USD,CP0025,US,card,settled,D0052
T000060,A0001,C0001,2025-11-03T17:00:00+00:00,outbound,5376.5,USD,CP0129,PA,ach,settled,D0014
T000272,A0007,C0007,2025-11-03T18:00:00+00:00,inbound,1947.14,CAD,CP0129,US,p2p,settled,D0013
T001107,A0033,C0033,2025-11-03T19:00:00+00:00,outbound,535.03,USD,CP0139,US,p2p,settled,D0023
T002967,A0094,C0094,2025-11-03T22:00:00+00:00,outbound,1788.55,GBP,CP0061,US,card,settled,D0039
T001382,A0041,C0041,2025-11-03T23:00:00+00:00,inbound,2739.37,USD,CP0091,CA,payout,settled,D0054
T001812,A0055,C0055,2025-11-04T00:00:00+00:00,inbound,1573.25,GBP,CP0050,BR,card,settled,D0006
T003708,A0117,C0117,2025-11-04T03:00:00+00:00,outbound,2640.28,USD,CP0018,GB,card,settled,D0027
T003517,A0111,C0111,2025-11-04T03:00:00+00:00,inbound,1424.5,USD,CP0113,CA,card,refund,D0009
T000037,A0001,C0001,2025-11-04T04:00:00+00:00,outbound,1336.77,USD,CP0015,BR,payout,pending,D0020
T002285,A0072,C0072,2025-11-04T11:00:00+00:00,outbound,3026.2,USD,CP0134,GB,ach,failed,D0002
T000472,A0013,C0013,2025-11-04T15:00:00+00:00,inbound,265.49,USD,CP0013,PA,ach,settled,D0045
T000707,A0021,C0021,2025-11-04T16:00:00+00:00,inbound,352.03,USD,CP0115,US,card,settled,D0038
T003120,A0099,C0099,2025-11-04T16:00:00+00:00,outbound,1249.4,CAD,CP0148,BR,p2p,settled,D0049
T002717,A0087,C0087,2025-11-04T20:00:00+00:00,outbound,1175.81,USD,CP0017,US,wire,failed,D0019
T002700,A0086,C0086,2025-11-04T23:00:00+00:00,inbound,574.5,USD,CP0044,BR,ach,settled,D0038
T001696,A0051,C0051,2025-11-05T01:00:00+00:00,outbound,296.59,USD,CP0006,MX,p2p,settled,D0003
T000238,A0006,C0006,2025-11-05T01:00:00+00:00,inbound,579.17,USD,CP0024,US,card,settled,D0038
T002328,A0073,C0073,2025-11-05T01:00:00+00:00,outbound,2965.58,CAD,CP0074,US,card,pending,D0049
T000799,A0023,C0023,2025-11-05T02:00:00+00:00,inbound,1312.53,CAD,CP0101,US,card,failed,D0027
T003259,A0104,C0104,2025-11-05T02:00:00+00:00,outbound,115.68,USD,CP0070,US,card,failed,D0008
T001355,A0041,C0041,2025-11-05T03:00:00+00:00,inbound,1325.25,USD,CP0110,US,p2p,settled,D0049
T002981,A0094,C0094,2025-11-05T11:00:00+00:00,outbound,589.21,USD,CP0093,US,ach,refund,D0012
T002061,A0063,C0063,2025-11-05T16:00:00+00:00,inbound,2391.92,USD,CP0135,CA,p2p,refund,D0030
T001384,A0041,C0041,2025-11-05T16:00:00+00:00,inbound,567.01,USD,CP0074,US,card,settled,D0008
T003090,A0098,C0098,2025-11-05T16:00:00+00:00,outbound,1585.53,USD,CP0107,US,ach,settled,D0006
T002372,A0074,C0074,2025-11-05T17:00:00+00:00,inbound,589.54,USD,CP0116,US,payout,settled,D0029
T003527,A0111,C0111,2025-11-05T17:00:00+00:00,outbound,367.98,CAD,CP0091,CA,card,settled,D0002
T002637,A0083,C0083,2025-11-05T17:00:00+00:00,inbound,2658.96,USD,CP0092,BR,ach,settled,D0003
T003348,A0107,C0107,2025-11-05T20:00:00+00:00,inbound,3730.67,USD,CP0019,US,payout,failed,D0037
T001486,A0044,C0044,2025-11-05T22:00:00+00:00,outbound,2562.09,USD,CP0111,CA,p2p,refund,D0046
T000839,A0025,C0025,2025-11-05T23:00:00+00:00,outbound,772.86,USD,CP0006,MX,p2p,settled,D0024
T002460,A0076,C0076,2025-11-06T01:00:00+00:00,inbound,334.69,USD,CP0146,GB,ach,settled,D0018
T001360,A0041,C0041,2025-11-06T01:00:00+00:00,outbound,1428.49,USD,CP0119,US,ach,settled,D0038
T000474,A0013,C0013,2025-11-06T02:00:00+00:00,outbound,1122.14,USD,CP0083,US,card,settled,D0049
T000457,A0013,C0013,2025-11-06T02:00:00+00:00,inbound,2591.13,USD,CP0072,MX,p2p,failed,D0054
T001748,A0053,C0053,2025-11-06T02:00:00+00:00,inbound,1590.17,GBP,CP0019,CA,card,settled,D0041
T001229,A0037,C0037,2025-11-06T04:00:00+00:00,inbound,2644.97,USD,CP-HIGH-RISK-HUB,US,p2p,settled,D0050
T001871,A0056,C0056,2025-11-06T04:00:00+00:00,outbound,4558.46,USD,CP0102,US,payout,settled,D0053
T001313,A0040,C0040,2025-11-06T05:00:00+00:00,inbound,163.79,USD,CP0061,US,card,settled,D0001
T001496,A0045,C0045,2025-11-06T05:00:00+00:00,outbound,925.0,USD,CP0028,CA,payout,settled,D0028
T000581,A0017,C0017,2025-11-06T06:00:00+00:00,inbound,824.74,USD,CP0044,BR,wire,settled,D0034
T001821,A0055,C0055,2025-11-06T07:00:00+00:00,inbound,1218.65,USD,CP0032,US,ach,settled,D0024
T000330,A0010,C0010,2025-11-06T07:00:00+00:00,outbound,343.5,USD,CP0023,BR,card,settled,D0034
T001727,A0052,C0052,2025-11-06T08:00:00+00:00,outbound,2875.75,CAD,CP0010,CA,payout,settled,D0051
T003184,A0101,C0101,2025-11-06T09:00:00+00:00,outbound,1568.75,USD,CP0132,GB,card,settled,D0037
T000199,A0005,C0005,2025-11-06T10:00:00+00:00,inbound,7379.64,GBP,CP0139,US,wire,refund,D0033
T002798,A0090,C0090,2025-11-06T11:00:00+00:00,outbound,1867.48,USD,CP-HIGH-RISK-HUB,PA,card,settled,D0047
T003292,A0105,C0105,2025-11-06T12:00:00+00:00,inbound,459.37,USD,CP0117,PA,card,settled,D0011
T003236,A0103,C0103,2025-11-06T12:00:00+00:00,inbound,327.71,USD,CP0124,US,ach,refund,D0042
T000735,A0021,C0021,2025-11-06T12:00:00+00:00,outbound,3343.03,USD,CP0106,CA,card,settled,D0047
T000042,A0001,C0001,2025-11-06T15:00:00+00:00,outbound,742.99,USD,CP0129,US,card,settled,D0034
T000317,A0009,C0009,2025-11-06T16:00:00+00:00,outbound,557.09,USD,CP0074,US,ach,settled,D0001
T003474,A0110,C0110,2025-11-06T17:00:00+00:00,outbound,984.51,USD,CP0033,CA,ach,settled,D0017
T003807,A0120,C0120,2025-11-06T18:00:00+00:00,outbound,1778.88,CAD,CP0068,US,card,settled,D0002
T003414,A0108,C0108,2025-11-06T20:00:00+00:00,outbound,1178.68,USD,CP0135,US,wire,settled,D0032
T001987,A0061,C0061,2025-11-06T21:00:00+00:00,outbound,934.07,USD,CP0117,PA,ach,settled,D0007
T000608,A0018,C0018,2025-11-06T21:00:00+00:00,outbound,604.0,USD,CP0078,GB,wire,settled,D0032
T002733,A0088,C0088,2025-11-06T21:00:00+00:00,inbound,1786.77,CAD,CP0022,BR,ach,settled,D0039
T000678,A0020,C0020,2025-11-07T00:00:00+00:00,outbound,1835.35,USD,CP0023,GB,payout,settled,D0003
T003239,A0103,C0103,2025-11-07T01:00:00+00:00,outbound,538.33,USD,CP0107,US,ach,failed,D0028
T003298,A0106,C0106,2025-11-07T04:00:00+00:00,outbound,271.81,USD,CP0110,PA,card,settled,D0018
T003294,A0105,C0105,2025-11-07T06:00:00+00:00,outbound,860.65,USD,CP0126,GB,card,settled,D0036
T002547,A0079,C0079,2025-11-07T06:00:00+00:00,inbound,1231.81,USD,CP0028,US,wire,failed,D0017
T003215,A0102,C0102,2025-11-07T08:00:00+00:00,inbound,858.67,USD,CP0133,MX,payout,settled,D0044
T003743,A0118,C0118,2025-11-07T10:00:00+00:00,inbound,366.81,USD,CP0077,US,p2p,settled,D0048
T002652,A0084,C0084,2025-11-07T11:00:00+00:00,outbound,816.09,USD,CP0130,MX,p2p,settled,D0030
T003251,A0103,C0103,2025-11-07T11:00:00+00:00,outbound,2374.56,USD,CP0087,MX,card,settled,D0022
T001801,A0054,C0054,2025-11-07T14:00:00+00:00,outbound,2819.25,USD,CP0044,US,ach,settled,D0002
T003711,A0117,C0117,2025-11-07T15:00:00+00:00,outbound,2086.9,USD,CP0014,US,ach,settled,D0050
T001167,A0035,C0035,2025-11-07T17:00:00+00:00,outbound,993.97,USD,CP0064,US,wire,settled,D0049
T000171,A0005,C0005,2025-11-07T17:00:00+00:00,outbound,2441.71,USD,CP0107,BR,card,failed,D0019
T000012,A0001,C0001,2025-11-07T18:00:00+00:00,inbound,1037.62,USD,CP0013,BR,ach,chargeback,D0047
T003214,A0102,C0102,2025-11-07T18:00:00+00:00,inbound,2242.96,CAD,CP0064,MX,p2p,settled,D0053
T001600,A0048,C0048,2025-11-07T18:00:00+00:00,outbound,742.44,USD,CP0123,CA,card,settled,D0018
T003284,A0105,C0105,2025-11-07T23:00:00+00:00,outbound,1874.35,USD,CP0056,BR,ach,settled,D0038
T003015,A0095,C0095,2025-11-07T23:00:00+00:00,outbound,1034.57,CAD,CP0049,US,card,chargeback,D0034
T001976,A0061,C0061,2025-11-08T00:00:00+00:00,inbound,1896.91,USD,CP0126,CA,card,settled,D0053
T001482,A0044,C0044,2025-11-08T03:00:00+00:00,inbound,861.57,GBP,CP0144,US,card,settled,D0054
T002647,A0084,C0084,2025-11-08T04:00:00+00:00,outbound,317.77,USD,CP0103,US,card,settled,D0050
T001164,A0035,C0035,2025-11-08T06:00:00+00:00,inbound,417.78,USD,CP0076,US,p2p,refund,D0007
T002718,A0087,C0087,2025-11-08T06:00:00+00:00,outbound,1127.88,USD,CP0109,PA,p2p,settled,D0024
T001252,A0037,C0037,2025-11-08T08:00:00+00:00,outbound,827.13,USD,CP0103,PA,ach,pending,D0052
T001734,A0052,C0052,2025-11-08T11:00:00+00:00,outbound,449.0,USD,CP0071,GB,card,settled,D0038
T003710,A0117,C0117,2025-11-08T14:00:00+00:00,outbound,1659.3,USD,CP0057,BR,payout,settled,D0047
T001757,A0053,C0053,2025-11-08T14:00:00+00:00,outbound,615.38,CAD,CP0064,US,ach,settled,D0046
T002359,A0074,C0074,2025-11-08T14:00:00+00:00,inbound,565.26,USD,CP0069,BR,card,failed,D0045
T002986,A0094,C0094,2025-11-08T15:00:00+00:00,outbound,1366.93,USD,CP0009,GB,ach,settled,D0017
T002959,A0093,C0093,2025-11-08T15:00:00+00:00,inbound,1043.78,CAD,CP0016,US,card,settled,D0038
T000850,A0026,C0026,2025-11-08T18:00:00+00:00,outbound,3704.55,USD,CP0009,GB,p2p,failed,D0021
T002369,A0074,C0074,2025-11-08T19:00:00+00:00,inbound,9500.26,USD,CP0121,US,card,settled,D0032
T001854,A0056,C0056,2025-11-08T19:00:00+00:00,inbound,4882.4,CAD,CP0115,PA,p2p,settled,D0015
T001602,A0048,C0048,2025-11-08T19:00:00+00:00,inbound,6998.44,USD,CP0128,US,card,settled,D0035
T002015,A0063,C0063,2025-11-08T20:00:00+00:00,outbound,855.64,USD,CP0051,CA,card,settled,D0014
T001690,A0051,C0051,2025-11-08T21:00:00+00:00,outbound,311.39,USD,CP0117,MX,ach,settled,D0005
T001414,A0042,C0042,2025-11-08T21:00:00+00:00,outbound,717.15,CAD,CP0144,PA,wire,settled,D0049
T001653,A0049,C0049,2025-11-08T21:00:00+00:00,inbound,1506.77,USD,CP0083,PA,p2p,settled,D0054
T000350,A0011,C0011,2025-11-08T22:00:00+00:00,inbound,1366.55,USD,CP0128,US,ach,settled,D0043
T000655,A0019,C0019,2025-11-09T00:00:00+00:00,inbound,499.14,CAD,CP0019,US,ach,settled,D0024
T001087,A0033,C0033,2025-11-09T01:00:00+00:00,inbound,1372.16,USD,CP0051,US,p2p,settled,D0018
T001592,A0048,C0048,2025-11-09T01:00:00+00:00,outbound,1357.4,USD,CP0041,US,wire,settled,D0025
T001964,A0060,C0060,2025-11-09T02:00:00+00:00,outbound,768.82,USD,CP0001,BR,card,settled,D0011
T000634,A0019,C0019,2025-11-09T02:00:00+00:00,outbound,1393.12,USD,CP0049,CA,card,settled,D0037
T001952,A0060,C0060,2025-11-09T03:00:00+00:00,inbound,2595.15,USD,CP0096,US,ach,settled,D0037
T001255,A0037,C0037,2025-11-09T03:00:00+00:00,outbound,175.07,USD,CP0037,US,p2p,settled,D0018
T001500,A0045,C0045,2025-11-09T03:00:00+00:00,inbound,879.51,USD,CP0101,CA,card,settled,D0024
T002605,A0082,C0082,2025-11-09T05:00:00+00:00,inbound,1438.82,CAD,CP0046,US,payout,settled,D0007
T003088,A0098,C0098,2025-11-09T06:00:00+00:00,inbound,755.0,USD,CP0011,BR,p2p,settled,D0037
T002539,A0079,C0079,2025-11-09T06:00:00+00:00,inbound,623.27,USD,CP0131,CA,card,settled,D0019
T000311,A0009,C0009,2025-11-09T06:00:00+00:00,inbound,457.76,USD,CP0138,CA,p2p,settled,D0006
T003595,A0113,C0113,2025-11-09T07:00:00+00:00,inbound,1684.65,USD,CP0013,GB,payout,settled,D0038
T002668,A0085,C0085,2025-11-09T08:00:00+00:00,outbound,615.49,USD,CP0051,US,payout,settled,D0030
T002310,A0072,C0072,2025-11-09T10:00:00+00:00,inbound,752.02,USD,CP0141,PA,card,settled,D0011
T002917,A0092,C0092,2025-11-09T14:00:00+00:00,outbound,359.77,GBP,CP0132,US,card,settled,D0018
T002983,A0094,C0094,2025-11-09T14:00:00+00:00,inbound,154.98,USD,CP0135,US,payout,settled,D0038
T002326,A0073,C0073,2025-11-09T15:00:00+00:00,inbound,814.57,GBP,CP0124,MX,payout,settled,D0041
T001422,A0042,C0042,2025-11-09T17:00:00+00:00,inbound,560.05,USD,CP0050,CA,p2p,settled,D0031
T003319,A0106,C0106,2025-11-09T17:00:00+00:00,inbound,765.41,USD,CP0122,BR,ach,failed,D0017
T003157,A0100,C0100,2025-11-09T18:00:00+00:00,inbound,889.61,USD,CP0143,US,ach,settled,D0013
T002603,A0082,C0082,2025-11-09T18:00:00+00:00,outbound,1347.33,GBP,CP0132,BR,payout,settled,D0043
T000821,A0024,C0024,2025-11-09T19:00:00+00:00,inbound,514.23,USD,CP0053,US,p2p,settled,D0037
T001616,A0048,C0048,2025-11-09T21:00:00+00:00,outbound,447.44,USD,CP0098,PA,p2p,settled,D0031
T002403,A0075,C0075,2025-11-09T23:00:00+00:00,outbound,1177.22,USD,CP0004,MX,wire,failed,D0001
T003415,A0108,C0108,2025-11-09T23:00:00+00:00,inbound,423.56,USD,CP0046,US,ach,settled,D0049
T000946,A0028,C0028,2025-11-09T23:00:00+00:00,inbound,761.62,USD,CP0075,MX,payout,settled,D0017
T002422,A0075,C0075,2025-11-10T01:00:00+00:00,outbound,692.34,CAD,CP0131,US,ach,settled,D0006
T001354,A0041,C0041,2025-11-10T02:00:00+00:00,inbound,2439.84,USD,CP0101,US,wire,settled,D0022
T001554,A0046,C0046,2025-11-10T06:00:00+00:00,inbound,891.84,CAD,CP0135,GB,wire,settled,D0003
T002113,A0065,C0065,2025-11-10T08:00:00+00:00,outbound,1482.26,USD,CP0017,US,ach,settled,D0033
T003062,A0097,C0097,2025-11-10T09:00:00+00:00,inbound,1078.67,USD,CP0129,CA,card,settled,D0022
T002358,A0074,C0074,2025-11-10T10:00:00+00:00,inbound,345.42,USD,CP0145,US,ach,settled,D0052
T003246,A0103,C0103,2025-11-10T12:00:00+00:00,outbound,272.09,USD,CP0136,GB,ach,settled,D0034
T002345,A0073,C0073,2025-11-10T13:00:00+00:00,outbound,667.11,USD,CP0019,US,card,settled,D0053
T000811,A0024,C0024,2025-11-10T15:00:00+00:00,inbound,1247.01,USD,CP0004,CA,ach,settled,D0022
T001175,A0035,C0035,2025-11-10T16:00:00+00:00,inbound,1337.68,GBP,CP0052,US,ach,settled,D0001
T000515,A0015,C0015,2025-11-10T16:00:00+00:00,outbound,1325.1,USD,CP0082,PA,payout,settled,D0008
T003323,A0106,C0106,2025-11-10T18:00:00+00:00,inbound,975.94,USD,CP0055,BR,p2p,reversed,D0053
T000609,A0018,C0018,2025-11-10T19:00:00+00:00,inbound,1086.37,USD,CP0073,MX,ach,settled,D0007
T000968,A0029,C0029,2025-11-10T21:00:00+00:00,outbound,390.55,USD,CP0075,CA,p2p,settled,D0046
T000559,A0016,C0016,2025-11-10T23:00:00+00:00,outbound,614.92,USD,CP0089,US,card,settled,D0020
T001991,A0061,C0061,2025-11-11T00:00:00+00:00,inbound,1568.29,USD,CP0090,US,ach,settled,D0034
T001420,A0042,C0042,2025-11-11T00:00:00+00:00,outbound,1485.18,GBP,CP0062,PA,wire,failed,D0048
T002814,A0090,C0090,2025-11-11T01:00:00+00:00,inbound,675.9,USD,CP0042,GB,payout,settled,D0042
T003721,A0117,C0117,2025-11-11T03:00:00+00:00,outbound,409.41,USD,CP0094,US,card,settled,D0033
T003674,A0116,C0116,2025-11-11T03:00:00+00:00,outbound,1434.3,USD,CP0147,BR,payout,pending,D0042
T002950,A0093,C0093,2025-11-11T04:00:00+00:00,inbound,559.37,USD,CP0104,US,ach,settled,D0054
T002838,A0090,C0090,2025-11-11T04:00:00+00:00,outbound,1538.73,USD,CP-HIGH-RISK-HUB,CA,card,pending,D0054
T000269,A0007,C0007,2025-11-11T05:00:00+00:00,outbound,513.08,USD,CP0046,BR,card,settled,D0036
T003463,A0110,C0110,2025-11-11T05:00:00+00:00,outbound,538.31,USD,CP0035,MX,ach,chargeback,D0029
T002765,A0089,C0089,2025-11-11T06:00:00+00:00,outbound,667.8,USD,CP0034,PA,ach,settled,D0036
T002843,A0090,C0090,2025-11-11T08:00:00+00:00,outbound,2270.62,USD,CP-HIGH-RISK-HUB,US,card,settled,D0036
T002262,A0071,C0071,2025-11-11T09:00:00+00:00,outbound,620.09,USD,CP0024,CA,card,settled,D0006
T001935,A0059,C0059,2025-11-11T10:00:00+00:00,inbound,1156.7,USD,CP0074,CA,ach,failed,D0026
T000090,A0002,C0002,2025-11-11T10:00:00+00:00,inbound,1351.54,USD,CP0058,BR,card,settled,D0004
T002469,A0076,C0076,2025-11-11T11:00:00+00:00,inbound,722.77,USD,CP0020,US,card,settled,D0017
T001157,A0035,C0035,2025-11-11T11:00:00+00:00,inbound,1286.93,USD,CP0022,US,card,settled,D0028
T001790,A0054,C0054,2025-11-11T11:00:00+00:00,outbound,521.39,USD,CP0050,US,p2p,settled,D0044
T003662,A0115,C0115,2025-11-11T11:00:00+00:00,outbound,1033.86,GBP,CP0121,MX,card,settled,D0003
T000504,A0014,C0014,2025-11-11T12:00:00+00:00,outbound,1512.19,USD,CP0087,MX,ach,pending,D0009
T001929,A0059,C0059,2025-11-11T16:00:00+00:00,inbound,999.87,USD,CP0123,CA,ach,settled,D0016
T002388,A0074,C0074,2025-11-11T16:00:00+00:00,outbound,372.24,USD,CP0003,MX,wire,pending,D0037
T003003,A0095,C0095,2025-11-11T17:00:00+00:00,inbound,489.36,USD,CP0069,BR,p2p,settled,D0010
T002688,A0086,C0086,2025-11-11T17:00:00+00:00,outbound,1060.94,USD,CP0078,US,card,settled,D0009
T000044,A0001,C0001,2025-11-11T17:00:00+00:00,inbound,1601.36,USD,CP0140,US,ach,settled,D0051
T002754,A0089,C0089,2025-11-11T19:00:00+00:00,outbound,733.82,USD,CP0076,PA,card,settled,D0028
T001027,A0031,C0031,2025-11-11T22:00:00+00:00,inbound,551.78,USD,CP0063,PA,wire,settled,D0038
T003307,A0106,C0106,2025-11-11T22:00:00+00:00,outbound,1003.05,USD,CP0069,GB,p2p,reversed,D0007
T000728,A0021,C0021,2025-11-12T00:00:00+00:00,outbound,718.42,USD,CP0081,US,card,pending,D0014
T002578,A0081,C0081,2025-11-12T00:00:00+00:00,inbound,221.89,USD,CP0098,GB,card,settled,D0035
T002787,A0089,C0089,2025-11-12T00:00:00+00:00,outbound,794.45,USD,CP0031,US,p2p,settled,D0015
T003573,A0112,C0112,2025-11-12T00:00:00+00:00,outbound,1623.63,USD,CP0135,PA,wire,settled,D0019
T003432,A0109,C0109,2025-11-12T01:00:00+00:00,inbound,998.98,USD,CP0070,CA,card,settled,D0017
T003077,A0098,C0098,2025-11-12T03:00:00+00:00,inbound,2336.1,USD,CP0113,US,card,settled,D0009
T000455,A0013,C0013,2025-11-12T04:00:00+00:00,inbound,766.83,USD,CP0061,GB,card,settled,D0039
T002546,A0079,C0079,2025-11-12T04:00:00+00:00,outbound,903.09,GBP,CP0076,GB,payout,settled,D0019
T002079,A0064,C0064,2025-11-12T05:00:00+00:00,inbound,970.82,USD,CP0040,US,card,settled,D0047
T001562,A0046,C0046,2025-11-12T05:00:00+00:00,outbound,698.27,CAD,CP0078,GB,card,settled,D0022
T003479,A0110,C0110,2025-11-12T05:00:00+00:00,outbound,287.16,USD,CP0014,US,ach,pending,D0035
T001887,A0057,C0057,2025-11-12T06:00:00+00:00,inbound,823.74,USD,CP0108,US,card,reversed,D0030
T003717,A0117,C0117,2025-11-12T06:00:00+00:00,inbound,2524.61,USD,CP0018,US,ach,settled,D0006
T000674,A0020,C0020,2025-11-12T07:00:00+00:00,inbound,1674.68,USD,CP0117,US,card,settled,D0054
T001310,A0040,C0040,2025-11-12T09:00:00+00:00,outbound,333.78,USD,CP0137,US,ach,settled,D0043
T000281,A0008,C0008,2025-11-12T09:00:00+00:00,inbound,1114.24,USD,CP0065,US,card,settled,D0047
T000372,A0011,C0011,2025-11-12T10:00:00+00:00,outbound,1835.26,USD,CP0069,US,p2p,settled,D0018
T001858,A0056,C0056,2025-11-12T10:00:00+00:00,inbound,1165.32,USD,CP0092,BR,ach,settled,D0007
T003567,A0112,C0112,2025-11-12T12:00:00+00:00,outbound,352.95,USD,CP0058,MX,p2p,settled,D0039
T000396,A0012,C0012,2025-11-12T12:00:00+00:00,outbound,1142.53,USD,CP0072,US,ach,settled,D0053
T003742,A0118,C0118,2025-11-12T13:00:00+00:00,outbound,292.1,USD,CP0028,MX,card,settled,D0023
T000846,A0025,C0025,2025-11-12T13:00:00+00:00,inbound,166.64,USD,CP0143,US,wire,settled,D0023
T002158,A0066,C0066,2025-11-12T14:00:00+00:00,outbound,275.77,CAD,CP0061,CA,card,settled,D0018
T001842,A0056,C0056,2025-11-12T15:00:00+00:00,inbound,1201.68,CAD,CP0132,MX,card,settled,D0039
T003365,A0107,C0107,2025-11-12T17:00:00+00:00,inbound,1937.75,USD,CP0087,US,card,settled,D0016
T002901,A0092,C0092,2025-11-12T17:00:00+00:00,outbound,733.67,GBP,CP0104,MX,card,settled,D0009
T001556,A0046,C0046,2025-11-12T18:00:00+00:00,inbound,1678.33,USD,CP0133,US,card,settled,D0047
T000546,A0016,C0016,2025-11-12T19:00:00+00:00,outbound,915.55,USD,CP0111,US,ach,settled,D0035
T001972,A0060,C0060,2025-11-12T20:00:00+00:00,outbound,1391.56,USD,CP0006,CA,ach,settled,D0016
T000956,A0029,C0029,2025-11-12T20:00:00+00:00,inbound,359.08,USD,CP0007,US,card,settled,D0010
T003004,A0095,C0095,2025-11-12T21:00:00+00:00,inbound,1293.76,USD,CP0146,PA,card,refund,D0013
T000041,A0001,C0001,2025-11-12T22:00:00+00:00,inbound,801.95,USD,CP0010,BR,ach,settled,D0044
T002123,A0065,C0065,2025-11-12T22:00:00+00:00,outbound,621.99,USD,CP0120,US,card,failed,D0032
T003559,A0112,C0112,2025-11-12T22:00:00+00:00,inbound,2005.33,USD,CP0097,US,card,settled,D0018
T002198,A0068,C0068,2025-11-13T00:00:00+00:00,inbound,581.14,USD,CP0112,PA,p2p,settled,D0029
T001039,A0031,C0031,2025-11-13T01:00:00+00:00,outbound,2293.06,USD,CP0059,PA,card,reversed,D0006
T002163,A0066,C0066,2025-11-13T01:00:00+00:00,outbound,1109.66,USD,CP0142,US,payout,settled,D0051
T001426,A0042,C0042,2025-11-13T02:00:00+00:00,inbound,857.68,USD,CP0058,MX,ach,settled,D0009
T002018,A0063,C0063,2025-11-13T02:00:00+00:00,inbound,2814.77,USD,CP0045,US,card,settled,D0017
T001278,A0038,C0038,2025-11-13T06:00:00+00:00,outbound,788.96,USD,CP0072,CA,card,settled,D0013
T002265,A0071,C0071,2025-11-13T06:00:00+00:00,outbound,894.84,USD,CP0143,CA,p2p,failed,D0023
T000001,A0001,C0001,2025-11-13T07:00:00+00:00,outbound,673.32,USD,CP0126,MX,p2p,settled,D0034
T002835,A0090,C0090,2025-11-13T08:00:00+00:00,inbound,852.21,USD,CP0100,BR,wire,settled,D0014
T000114,A0003,C0003,2025-11-13T08:00:00+00:00,inbound,842.39,USD,CP0042,US,card,settled,D0018
T000506,A0014,C0014,2025-11-13T12:00:00+00:00,outbound,1223.07,USD,CP0025,US,payout,pending,D0041
T003613,A0114,C0114,2025-11-13T12:00:00+00:00,inbound,2414.63,USD,CP0082,BR,p2p,settled,D0004
T003119,A0099,C0099,2025-11-13T12:00:00+00:00,outbound,189.69,USD,CP0019,US,card,settled,D0029
T003621,A0114,C0114,2025-11-13T13:00:00+00:00,inbound,869.17,USD,CP0128,US,wire,settled,D0039
T001990,A0061,C0061,2025-11-13T13:00:00+00:00,outbound,2824.25,CAD,CP0078,GB,payout,settled,D0037
T001614,A0048,C0048,2025-11-13T14:00:00+00:00,inbound,914.39,USD,CP0090,US,payout,settled,D0012
T003372,A0108,C0108,2025-11-13T15:00:00+00:00,outbound,1027.81,USD,CP0119,US,card,settled,D0021
T001295,A0039,C0039,2025-11-13T15:00:00+00:00,inbound,820.18,USD,CP0132,US,card,failed,D0011
T003725,A0117,C0117,2025-11-13T16:00:00+00:00,inbound,847.16,USD,CP0088,PA,wire,settled,D0037
T000928,A0028,C0028,2025-11-13T16:00:00+00:00,inbound,1749.96,GBP,CP0025,US,ach,settled,D0054
T002592,A0082,C0082,2025-11-13T17:00:00+00:00,inbound,1104.03,USD,CP0141,GB,card,chargeback,D0005
T002175,A0067,C0067,2025-11-13T18:00:00+00:00,inbound,1436.48,USD,CP0108,US,ach,pending,D0035
T001305,A0039,C0039,2025-11-13T19:00:00+00:00,inbound,824.77,USD,CP0045,PA,p2p,settled,D0050
T001356,A0041,C0041,2025-11-13T19:00:00+00:00,outbound,870.36,USD,CP0118,US,card,refund,D0008
T002565,A0080,C0080,2025-11-13T19:00:00+00:00,outbound,436.94,GBP,CP0138,PA,p2p,settled,D0044
T003057,A0097,C0097,2025-11-13T19:00:00+00:00,inbound,1576.35,USD,CP0007,US,card,settled,D0043
T002063,A0063,C0063,2025-11-13T20:00:00+00:00,outbound,295.15,USD,CP0142,GB,card,settled,D0016
T001601,A0048,C0048,2025-11-13T23:00:00+00:00,outbound,1550.12,USD,CP0051,US,p2p,settled,D0049
T001604,A0048,C0048,2025-11-13T23:00:00+00:00,inbound,374.11,USD,CP0133,MX,p2p,settled,D0009
T000533,A0015,C0015,2025-11-13T23:00:00+00:00,outbound,1366.94,USD,CP0125,US,p2p,settled,D0026
T003522,A0111,C0111,2025-11-14T00:00:00+00:00,outbound,999.16,USD,CP0061,GB,card,settled,D0045
T002122,A0065,C0065,2025-11-14T01:00:00+00:00,inbound,2079.82,GBP,CP0136,CA,ach,settled,D0029
T002233,A0069,C0069,2025-11-14T03:00:00+00:00,inbound,1245.06,USD,CP0074,US,card,settled,D0053
T000965,A0029,C0029,2025-11-14T03:00:00+00:00,outbound,260.78,USD,CP0124,US,card,settled,D0052
T001294,A0039,C0039,2025-11-14T05:00:00+00:00,inbound,930.98,USD,CP0006,CA,ach,failed,D0045
T000453,A0013,C0013,2025-11-14T07:00:00+00:00,inbound,3432.95,USD,CP0061,US,card,settled,D0027
T003713,A0117,C0117,2025-11-14T08:00:00+00:00,outbound,204.48,USD,CP0062,MX,ach,settled,D0008
T001007,A0030,C0030,2025-11-14T09:00:00+00:00,inbound,884.99,CAD,CP0116,PA,card,settled,D0050
T002994,A0094,C0094,2025-11-14T10:00:00+00:00,outbound,563.23,USD,CP0049,US,card,settled,D0006
T001660,A0049,C0049,2025-11-14T13:00:00+00:00,outbound,806.71,USD,CP0109,PA,card,settled,D0024
T003598,A0113,C0113,2025-11-14T16:00:00+00:00,inbound,1370.06,USD,CP0069,US,card,chargeback,D0023
T000818,A0024,C0024,2025-11-14T16:00:00+00:00,outbound,168.35,USD,CP0109,US,card,reversed,D0015
T001020,A0031,C0031,2025-11-14T17:00:00+00:00,inbound,170.76,USD,CP0085,US,wire,settled,D0044
T001073,A0032,C0032,2025-11-14T17:00:00+00:00,outbound,1548.45,USD,CP0033,GB,wire,settled,D0015
T003730,A0117,C0117,2025-11-14T18:00:00+00:00,outbound,3655.13,USD,CP0120,BR,card,settled,D0037
T001959,A0060,C0060,2025-11-14T18:00:00+00:00,inbound,1462.54,USD,CP0031,CA,p2p,settled,D0048
T002708,A0087,C0087,2025-11-14T19:00:00+00:00,outbound,694.52,USD,CP0072,US,card,settled,D0040
T000189,A0005,C0005,2025-11-14T19:00:00+00:00,inbound,1999.13,USD,CP0028,BR,wire,settled,D0024
T001520,A0045,C0045,2025-11-14T20:00:00+00:00,outbound,564.52,USD,CP0071,US,card,settled,D0023
T001464,A0044,C0044,2025-11-14T21:00:00+00:00,inbound,2815.04,USD,CP0123,GB,card,settled,D0035
T000193,A0005,C0005,2025-11-14T21:00:00+00:00,inbound,605.72,USD,CP0035,US,ach,settled,D0017
T003545,A0112,C0112,2025-11-14T22:00:00+00:00,outbound,623.81,USD,CP0101,US,card,settled,D0003
T001181,A0035,C0035,2025-11-14T22:00:00+00:00,outbound,749.7,USD,CP0032,US,p2p,settled,D0049
T003175,A0101,C0101,2025-11-14T22:00:00+00:00,inbound,851.46,USD,CP0002,US,wire,settled,D0053
T003046,A0097,C0097,2025-11-14T22:00:00+00:00,inbound,769.62,USD,CP0010,CA,card,settled,D0037
T001466,A0044,C0044,2025-11-14T22:00:00+00:00,inbound,466.5,USD,CP0120,US,ach,settled,D0024
T002314,A0072,C0072,2025-11-14T23:00:00+00:00,inbound,984.38,USD,CP0046,BR,card,settled,D0052
T000222,A0005,C0005,2025-11-15T00:00:00+00:00,outbound,518.43,USD,CP0068,GB,card,settled,D0036
T001863,A0056,C0056,2025-11-15T01:00:00+00:00,outbound,5892.57,CAD,CP0083,MX,card,pending,D0047
T002477,A0077,C0077,2025-11-15T03:00:00+00:00,inbound,2699.5,USD,CP0040,BR,wire,settled,D0021
T000827,A0024,C0024,2025-11-15T03:00:00+00:00,outbound,1141.03,USD,CP0105,US,wire,settled,D0035
T002376,A0074,C0074,2025-11-15T04:00:00+00:00,inbound,146.14,USD,CP0072,US,card,settled,D0053
T003811,A0120,C0120,2025-11-15T06:00:00+00:00,inbound,1749.39,USD,CP0056,US,ach,settled,D0022
T000829,A0024,C0024,2025-11-15T09:00:00+00:00,outbound,1258.62,USD,CP0036,US,wire,settled,D0028
T003637,A0114,C0114,2025-11-15T10:00:00+00:00,inbound,643.62,USD,CP0126,CA,p2p,settled,D0037
T000283,A0008,C0008,2025-11-15T10:00:00+00:00,inbound,1505.23,USD,CP0050,CA,ach,settled,D0007
T000594,A0018,C0018,2025-11-15T11:00:00+00:00,inbound,1155.46,CAD,CP0035,US,ach,failed,D0032
T001137,A0034,C0034,2025-11-15T12:00:00+00:00,outbound,2085.34,USD,CP0072,MX,p2p,settled,D0019
T003127,A0099,C0099,2025-11-15T13:00:00+00:00,outbound,347.0,USD,CP0148,CA,card,settled,D0003
T001120,A0034,C0034,2025-11-15T14:00:00+00:00,inbound,2135.12,CAD,CP0102,US,payout,reversed,D0005
T001033,A0031,C0031,2025-11-15T15:00:00+00:00,outbound,302.45,CAD,CP0066,US,wire,settled,D0033
T000089,A0002,C0002,2025-11-15T15:00:00+00:00,inbound,1608.16,USD,CP0103,CA,card,pending,D0004
T000159,A0004,C0004,2025-11-15T15:00:00+00:00,outbound,1531.17,USD,CP0092,US,payout,settled,D0035
T001346,A0041,C0041,2025-11-15T16:00:00+00:00,inbound,569.64,USD,CP0039,US,ach,settled,D0054
T000862,A0026,C0026,2025-11-15T17:00:00+00:00,outbound,2263.86,USD,CP0124,GB,card,settled,D0021
T002587,A0081,C0081,2025-11-15T18:00:00+00:00,inbound,908.2,USD,CP0142,CA,payout,chargeback,D0012
T003029,A0096,C0096,2025-11-15T22:00:00+00:00,outbound,1079.31,USD,CP0079,CA,card,settled,D0049
T001693,A0051,C0051,2025-11-15T23:00:00+00:00,outbound,2761.15,USD,CP0020,MX,card,settled,D0044
T001380,A0041,C0041,2025-11-16T01:00:00+00:00,outbound,163.73,USD,CP0020,US,card,settled,D0050
T002886,A0092,C0092,2025-11-16T03:00:00+00:00,inbound,652.43,USD,CP0011,CA,p2p,settled,D0026
T001485,A0044,C0044,2025-11-16T03:00:00+00:00,outbound,880.72,USD,CP0094,CA,p2p,settled,D0011
T003497,A0110,C0110,2025-11-16T05:00:00+00:00,outbound,411.48,GBP,CP0098,CA,ach,pending,D0015
T002131,A0065,C0065,2025-11-16T06:00:00+00:00,outbound,386.54,USD,CP0018,MX,card,settled,D0021
T002822,A0090,C0090,2025-11-16T06:00:00+00:00,inbound,1474.42,USD,CP0053,US,card,settled,D0013
T002496,A0077,C0077,2025-11-16T07:00:00+00:00,inbound,1466.11,USD,CP0089,US,payout,settled,D0009
T000345,A0011,C0011,2025-11-16T11:00:00+00:00,outbound,421.36,USD,CP0110,US,ach,pending,D0025
T000231,A0006,C0006,2025-11-16T13:00:00+00:00,inbound,1298.26,GBP,CP0085,MX,payout,failed,D0009
T002719,A0087,C0087,2025-11-16T13:00:00+00:00,outbound,736.88,USD,CP0079,US,wire,settled,D0012
T001003,A0030,C0030,2025-11-16T17:00:00+00:00,outbound,1878.37,USD,CP0124,MX,p2p,settled,D0039
T003162,A0100,C0100,2025-11-16T17:00:00+00:00,outbound,1892.24,CAD,CP0060,MX,ach,settled,D0025
T001308,A0040,C0040,2025-11-16T17:00:00+00:00,outbound,2006.22,USD,CP0149,BR,card,settled,D0022
T000186,A0005,C0005,2025-11-16T18:00:00+00:00,outbound,1153.21,USD,CP0016,US,wire,settled,D0039
T001596,A0048,C0048,2025-11-16T18:00:00+00:00,outbound,1279.8,USD,CP0118,US,p2p,settled,D0011
T000776,A0023,C0023,2025-11-16T21:00:00+00:00,inbound,1284.22,USD,CP0014,CA,p2p,settled,D0018
T000483,A0014,C0014,2025-11-16T21:00:00+00:00,outbound,150.83,USD,CP0123,MX,card,settled,D0008
T001597,A0048,C0048,2025-11-17T00:00:00+00:00,outbound,876.08,USD,CP0099,MX,card,settled,D0025
T003766,A0119,C0119,2025-11-17T00:00:00+00:00,inbound,799.99,USD,CP0035,US,ach,settled,D0025
T003203,A0102,C0102,2025-11-17T02:00:00+00:00,outbound,1355.52,USD,CP0085,PA,payout,settled,D0052
T001361,A0041,C0041,2025-11-17T02:00:00+00:00,inbound,9198.25,USD,CP0110,GB,p2p,settled,D0051
T000703,A0021,C0021,2025-11-17T03:00:00+00:00,outbound,993.4,GBP,CP0004,MX,card,failed,D0037
T002202,A0068,C0068,2025-11-17T06:00:00+00:00,outbound,784.93,USD,CP0069,US,ach,settled,D0054
T003627,A0114,C0114,2025-11-17T06:00:00+00:00,outbound,745.66,USD,CP0091,US,card,reversed,D0003
T000637,A0019,C0019,2025-11-17T06:00:00+00:00,inbound,155.95,USD,CP0093,US,card,settled,D0045
T002300,A0072,C0072,2025-11-17T07:00:00+00:00,inbound,835.42,USD,CP0080,US,card,settled,D0046
T001806,A0054,C0054,2025-11-17T10:00:00+00:00,inbound,720.51,USD,CP0110,US,card,settled,D0037
T002784,A0089,C0089,2025-11-17T10:00:00+00:00,inbound,3117.25,USD,CP0096,CA,wire,reversed,D0015
T000534,A0015,C0015,2025-11-17T12:00:00+00:00,outbound,659.41,USD,CP0055,US,ach,settled,D0029
T001363,A0041,C0041,2025-11-17T14:00:00+00:00,inbound,1189.27,USD,CP0131,CA,payout,settled,D0010
T000058,A0001,C0001,2025-11-17T18:00:00+00:00,outbound,4018.21,USD,CP0116,BR,card,settled,D0031
T002111,A0065,C0065,2025-11-17T19:00:00+00:00,inbound,11518.52,USD,CP0063,CA,card,settled,D0034
T000280,A0008,C0008,2025-11-17T19:00:00+00:00,outbound,2015.93,USD,CP0097,MX,card,settled,D0015
T002053,A0063,C0063,2025-11-17T20:00:00+00:00,outbound,219.4,USD,CP0060,US,card,settled,D0001
T002891,A0092,C0092,2025-11-17T20:00:00+00:00,inbound,565.68,GBP,CP0147,US,card,settled,D0032
T003626,A0114,C0114,2025-11-17T21:00:00+00:00,inbound,1057.65,USD,CP0058,GB,wire,settled,D0013
T001166,A0035,C0035,2025-11-17T23:00:00+00:00,outbound,1438.56,USD,CP0110,MX,ach,settled,D0043
T001953,A0060,C0060,2025-11-18T01:00:00+00:00,outbound,234.59,USD,CP0018,US,ach,settled,D0003
T002490,A0077,C0077,2025-11-18T02:00:00+00:00,inbound,3566.26,USD,CP0060,PA,card,settled,D0050
T001478,A0044,C0044,2025-11-18T02:00:00+00:00,outbound,1467.67,CAD,CP0030,GB,ach,chargeback,D0016
T001024,A0031,C0031,2025-11-18T03:00:00+00:00,inbound,1056.47,USD,CP0020,PA,ach,settled,D0052
T001828,A0055,C0055,2025-11-18T05:00:00+00:00,outbound,328.1,USD,CP0144,US,card,settled,D0024
T002394,A0074,C0074,2025-11-18T07:00:00+00:00,inbound,2101.73,USD,CP0033,US,card,settled,D0007
T000699,A0020,C0020,2025-11-18T10:00:00+00:00,outbound,3158.51,USD,CP0110,MX,p2p,settled,D0052
T000622,A0019,C0019,2025-11-18T11:00:00+00:00,inbound,923.81,USD,CP0066,BR,ach,settled,D0053
T003476,A0110,C0110,2025-11-18T11:00:00+00:00,outbound,113.6,USD,CP0077,PA,card,settled,D0048
T003555,A0112,C0112,2025-11-18T14:00:00+00:00,inbound,806.55,USD,CP0037,US,ach,settled,D0025
T000475,A0013,C0013,2025-11-18T14:00:00+00:00,outbound,1338.92,USD,CP0029,US,payout,settled,D0003
T002763,A0089,C0089,2025-11-18T15:00:00+00:00,inbound,677.99,USD,CP0084,US,payout,settled,D0015
T003788,A0119,C0119,2025-11-18T15:00:00+00:00,outbound,2129.89,USD,CP0137,PA,ach,settled,D0033
T001127,A0034,C0034,2025-11-18T16:00:00+00:00,inbound,1696.42,USD,CP0010,US,payout,settled,D0040
T000866,A0026,C0026,2025-11-18T16:00:00+00:00,outbound,175.53,USD,CP0097,CA,card,failed,D0020
T002379,A0074,C0074,2025-11-18T17:00:00+00:00,outbound,1454.35,USD,CP0064,US,wire,settled,D0045
T003200,A0102,C0102,2025-11-18T17:00:00+00:00,outbound,945.86,USD,CP0133,MX,ach,settled,D0024
T001633,A0048,C0048,2025-11-18T17:00:00+00:00,outbound,1553.34,USD,CP0031,MX,ach,settled,D0016
T002873,A0091,C0091,2025-11-18T19:00:00+00:00,outbound,2658.11,USD,CP0052,US,ach,settled,D0009
T000551,A0016,C0016,2025-11-18T20:00:00+00:00,inbound,1731.98,GBP,CP0132,US,ach,settled,D0053
T003689,A0116,C0116,2025-11-18T21:00:00+00:00,inbound,1102.12,USD,CP0113,GB,ach,failed,D0034
T000938,A0028,C0028,2025-11-18T22:00:00+00:00,outbound,2642.35,GBP,CP0147,US,card,settled,D0043
T001545,A0046,C0046,2025-11-18T23:00:00+00:00,outbound,1954.36,USD,CP0139,MX,card,settled,D0012
T000942,A0028,C0028,2025-11-18T23:00:00+00:00,outbound,385.13,CAD,CP0057,US,payout,reversed,D0050
T001915,A0058,C0058,2025-11-19T00:00:00+00:00,outbound,1747.21,USD,CP0018,BR,card,settled,D0050
T001903,A0058,C0058,2025-11-19T00:00:00+00:00,outbound,300.42,USD,CP0054,US,payout,reversed,D0021
T001891,A0057,C0057,2025-11-19T03:00:00+00:00,inbound,1455.77,USD,CP0031,US,payout,settled,D0048
T003373,A0108,C0108,2025-11-19T05:00:00+00:00,outbound,2580.39,USD,CP0024,MX,p2p,pending,D0012
T001608,A0048,C0048,2025-11-19T05:00:00+00:00,inbound,1045.79,GBP,CP0078,PA,ach,settled,D0036
T002367,A0074,C0074,2025-11-19T05:00:00+00:00,inbound,1123.87,USD,CP0128,GB,ach,pending,D0044
T002734,A0088,C0088,2025-11-19T06:00:00+00:00,inbound,3231.62,USD,CP0044,CA,payout,settled,D0029
T002975,A0094,C0094,2025-11-19T08:00:00+00:00,outbound,1277.56,USD,CP0128,US,wire,settled,D0022
T002900,A0092,C0092,2025-11-19T10:00:00+00:00,inbound,4786.29,CAD,CP0144,GB,card,settled,D0019
T001978,A0061,C0061,2025-11-19T11:00:00+00:00,outbound,879.0,USD,CP0093,US,wire,settled,D0024
T003312,A0106,C0106,2025-11-19T12:00:00+00:00,inbound,2700.7,USD,CP0101,US,card,settled,D0014
T000702,A0021,C0021,2025-11-19T12:00:00+00:00,outbound,866.76,USD,CP0075,MX,card,settled,D0022
T002423,A0075,C0075,2025-11-19T16:00:00+00:00,outbound,923.93,USD,CP0062,US,ach,settled,D0039
T003588,A0113,C0113,2025-11-19T17:00:00+00:00,outbound,274.53,USD,CP0111,CA,p2p,settled,D0030
T002366,A0074,C0074,2025-11-19T19:00:00+00:00,outbound,468.69,USD,CP0003,PA,ach,chargeback,D0022
T002464,A0076,C0076,2025-11-19T21:00:00+00:00,inbound,290.94,CAD,CP0035,MX,card,settled,D0041
T000762,A0022,C0022,2025-11-19T22:00:00+00:00,inbound,1620.13,USD,CP0066,US,p2p,refund,D0014
T000857,A0026,C0026,2025-11-19T22:00:00+00:00,outbound,327.64,USD,CP0018,US,card,settled,D0002
T000884,A0027,C0027,2025-11-20T00:00:00+00:00,outbound,10006.41,USD,CP0063,GB,ach,settled,D0041
T000266,A0007,C0007,2025-11-20T02:00:00+00:00,outbound,3181.85,CAD,CP0148,MX,wire,settled,D0004
T001985,A0061,C0061,2025-11-20T02:00:00+00:00,outbound,2150.97,USD,CP0072,MX,p2p,settled,D0038
T002937,A0093,C0093,2025-11-20T03:00:00+00:00,outbound,594.65,USD,CP0127,BR,p2p,settled,D0025
T002485,A0077,C0077,2025-11-20T03:00:00+00:00,inbound,1676.48,USD,CP0144,PA,card,settled,D0053
T002337,A0073,C0073,2025-11-20T04:00:00+00:00,outbound,779.78,USD,CP0062,GB,ach,settled,D0043
T000293,A0008,C0008,2025-11-20T06:00:00+00:00,outbound,197.07,GBP,CP0036,US,card,settled,D0009
T001433,A0043,C0043,2025-11-20T07:00:00+00:00,outbound,798.98,USD,CP0096,CA,payout,settled,D0019
T001230,A0037,C0037,2025-11-20T09:00:00+00:00,outbound,921.25,USD,CP0067,CA,wire,settled,D0047
T002256,A0071,C0071,2025-11-20T11:00:00+00:00,inbound,311.38,CAD,CP0014,US,ach,failed,D0032
T000909,A0027,C0027,2025-11-20T13:00:00+00:00,outbound,468.36,USD,CP0077,GB,p2p,settled,D0003
T001705,A0051,C0051,2025-11-20T14:00:00+00:00,inbound,769.11,USD,CP0055,GB,ach,pending,D0019
T003138,A0100,C0100,2025-11-20T14:00:00+00:00,outbound,385.84,USD,CP0065,MX,card,settled,D0054
T003510,A0110,C0110,2025-11-20T14:00:00+00:00,outbound,2997.13,USD,CP0029,US,ach,settled,D0013
T000208,A0005,C0005,2025-11-20T17:00:00+00:00,outbound,4997.65,USD,CP0036,US,wire,settled,D0051
T002743,A0088,C0088,2025-11-20T17:00:00+00:00,inbound,498.93,USD,CP0078,MX,card,failed,D0028
T002116,A0065,C0065,2025-11-20T18:00:00+00:00,outbound,469.57,USD,CP0048,US,p2p,settled,D0004
T001453,A0043,C0043,2025-11-20T19:00:00+00:00,outbound,505.78,USD,CP0040,US,card,settled,D0014
T001622,A0048,C0048,2025-11-20T21:00:00+00:00,outbound,852.48,USD,CP0024,PA,ach,failed,D0005
T001893,A0057,C0057,2025-11-20T23:00:00+00:00,inbound,2608.23,GBP,CP0117,US,ach,settled,D0007
T000856,A0026,C0026,2025-11-21T00:00:00+00:00,outbound,1551.45,USD,CP0058,BR,wire,settled,D0002
T003295,A0105,C0105,2025-11-21T00:00:00+00:00,inbound,825.61,GBP,CP0041,GB,card,settled,D0002
T003010,A0095,C0095,2025-11-21T00:00:00+00:00,outbound,2189.52,USD,CP0112,CA,ach,settled,D0017
T003158,A0100,C0100,2025-11-21T00:00:00+00:00,inbound,1919.91,USD,CP0082,MX,card,reversed,D0047
T001731,A0052,C0052,2025-11-21T03:00:00+00:00,inbound,837.84,USD,CP0059,US,p2p,settled,D0006
T000487,A0014,C0014,2025-11-21T05:00:00+00:00,inbound,2765.79,USD,CP0068,BR,card,settled,D0037
T001397,A0042,C0042,2025-11-21T05:00:00+00:00,outbound,1127.53,USD,CP0038,US,wire,settled,D0003
T000972,A0029,C0029,2025-11-21T09:00:00+00:00,outbound,1318.05,USD,CP0106,MX,ach,settled,D0011
T000380,A0011,C0011,2025-11-21T11:00:00+00:00,inbound,9001.55,USD,CP0101,MX,p2p,settled,D0020
T003334,A0107,C0107,2025-11-21T12:00:00+00:00,outbound,1045.23,USD,CP0113,US,payout,settled,D0054
T000204,A0005,C0005,2025-11-21T12:00:00+00:00,outbound,1273.84,CAD,CP0119,US,p2p,settled,D0026
T001404,A0042,C0042,2025-11-21T12:00:00+00:00,outbound,1294.18,CAD,CP0016,US,ach,settled,D0025
T003141,A0100,C0100,2025-11-21T12:00:00+00:00,outbound,586.4,USD,CP0083,MX,ach,settled,D0047
T003677,A0116,C0116,2025-11-21T14:00:00+00:00,outbound,755.48,USD,CP0098,US,ach,settled,D0034
T000170,A0005,C0005,2025-11-21T14:00:00+00:00,outbound,3856.97,USD,CP0074,CA,ach,settled,D0034
T003438,A0109,C0109,2025-11-21T15:00:00+00:00,inbound,3585.3,USD,CP0037,MX,ach,settled,D0007
T003007,A0095,C0095,2025-11-21T16:00:00+00:00,inbound,1490.42,USD,CP0074,GB,card,settled,D0037
T000102,A0003,C0003,2025-11-21T16:00:00+00:00,outbound,961.51,USD,CP0062,US,wire,settled,D0018
T000234,A0006,C0006,2025-11-21T16:00:00+00:00,inbound,1791.3,USD,CP0118,US,wire,settled,D0044
T002088,A0064,C0064,2025-11-21T16:00:00+00:00,outbound,1766.38,USD,CP0148,GB,card,failed,D0026
T002721,A0087,C0087,2025-11-21T17:00:00+00:00,inbound,929.07,USD,CP0076,US,card,settled,D0027
T002241,A0070,C0070,2025-11-21T18:00:00+00:00,outbound,3965.69,USD,CP0143,BR,card,settled,D0052
T001094,A0033,C0033,2025-11-21T18:00:00+00:00,inbound,3123.71,USD,CP0133,US,card,settled,D0013
T001857,A0056,C0056,2025-11-21T20:00:00+00:00,inbound,884.51,USD,CP0076,PA,ach,pending,D0008
T003159,A0100,C0100,2025-11-21T20:00:00+00:00,inbound,468.57,USD,CP0097,BR,card,settled,D0035
T001327,A0040,C0040,2025-11-21T21:00:00+00:00,outbound,1153.08,USD,CP0071,BR,card,settled,D0023
T002884,A0092,C0092,2025-11-21T22:00:00+00:00,outbound,442.88,USD,CP0057,CA,ach,settled,D0022
T003507,A0110,C0110,2025-11-22T00:00:00+00:00,outbound,8395.98,USD,CP0123,CA,p2p,settled,D0008
T003757,A0118,C0118,2025-11-22T01:00:00+00:00,inbound,1838.71,USD,CP0138,US,card,settled,D0018
T003777,A0119,C0119,2025-11-22T02:00:00+00:00,inbound,1573.11,USD,CP0035,GB,card,settled,D0001
T001198,A0036,C0036,2025-11-22T02:00:00+00:00,inbound,1633.65,USD,CP0094,PA,card,pending,D0051
T001210,A0037,C0037,2025-11-22T04:00:00+00:00,inbound,1289.41,USD,CP0059,BR,wire,settled,D0053
T003815,A0120,C0120,2025-11-22T04:00:00+00:00,inbound,1594.3,USD,CP0057,US,payout,settled,D0051
T003560,A0112,C0112,2025-11-22T06:00:00+00:00,outbound,2243.1,USD,CP0025,US,p2p,settled,D0024
T003371,A0108,C0108,2025-11-22T08:00:00+00:00,inbound,301.34,CAD,CP0134,GB,card,settled,D0037
T000978,A0029,C0029,2025-11-22T11:00:00+00:00,inbound,2013.81,USD,CP0021,US,card,settled,D0020
T000271,A0007,C0007,2025-11-22T12:00:00+00:00,outbound,1498.32,USD,CP0138,GB,ach,failed,D0048
T001122,A0034,C0034,2025-11-22T15:00:00+00:00,inbound,1039.76,GBP,CP0067,BR,p2p,settled,D0054
T002378,A0074,C0074,2025-11-22T16:00:00+00:00,inbound,9794.83,USD,CP0134,CA,ach,failed,D0025
T000858,A0026,C0026,2025-11-22T18:00:00+00:00,outbound,1202.04,USD,CP0105,US,card,settled,D0041
T000084,A0002,C0002,2025-11-22T18:00:00+00:00,inbound,814.48,USD,CP0038,MX,p2p,chargeback,D0049
T002219,A0069,C0069,2025-11-22T19:00:00+00:00,outbound,461.86,CAD,CP0136,US,p2p,settled,D0014
T002591,A0082,C0082,2025-11-22T19:00:00+00:00,inbound,437.42,USD,CP0139,CA,p2p,settled,D0040
T001430,A0042,C0042,2025-11-22T19:00:00+00:00,inbound,1194.45,USD,CP0116,US,card,failed,D0050
T000663,A0019,C0019,2025-11-22T19:00:00+00:00,outbound,2455.37,USD,CP0069,US,wire,settled,D0054
T001121,A0034,C0034,2025-11-22T20:00:00+00:00,inbound,674.49,USD,CP0127,US,p2p,settled,D0009
T003231,A0103,C0103,2025-11-22T20:00:00+00:00,inbound,680.13,USD,CP0147,US,p2p,failed,D0033
T001329,A0040,C0040,2025-11-22T20:00:00+00:00,inbound,3357.94,USD,CP0081,CA,ach,settled,D0007
T000496,A0014,C0014,2025-11-22T21:00:00+00:00,outbound,1332.13,USD,CP0080,US,ach,settled,D0030
T000953,A0029,C0029,2025-11-22T23:00:00+00:00,outbound,552.32,USD,CP0038,US,ach,settled,D0005
T001762,A0053,C0053,2025-11-22T23:00:00+00:00,inbound,1623.82,USD,CP0105,PA,card,reversed,D0045
T002956,A0093,C0093,2025-11-23T01:00:00+00:00,outbound,1053.31,USD,CP0101,US,payout,pending,D0018
T000772,A0023,C0023,2025-11-23T03:00:00+00:00,inbound,1117.78,GBP,CP0109,CA,card,settled,D0019
T000918,A0027,C0027,2025-11-23T03:00:00+00:00,outbound,382.3,USD,CP0081,US,payout,settled,D0033
T001359,A0041,C0041,2025-11-23T04:00:00+00:00,inbound,418.81,USD,CP0132,GB,ach,settled,D0018
T001377,A0041,C0041,2025-11-23T05:00:00+00:00,outbound,1330.17,CAD,CP0092,US,card,chargeback,D0025
T002494,A0077,C0077,2025-11-23T08:00:00+00:00,inbound,369.59,USD,CP0089,US,p2p,settled,D0016
T002320,A0073,C0073,2025-11-23T08:00:00+00:00,inbound,1132.61,USD,CP0007,US,p2p,settled,D0020
T003509,A0110,C0110,2025-11-23T08:00:00+00:00,outbound,7586.79,GBP,CP0070,PA,card,settled,D0041
T000715,A0021,C0021,2025-11-23T09:00:00+00:00,outbound,482.68,GBP,CP0090,CA,ach,failed,D0001
T000329,A0010,C0010,2025-11-23T12:00:00+00:00,outbound,1254.73,USD,CP0023,US,p2p,pending,D0004
T000181,A0005,C0005,2025-11-23T13:00:00+00:00,inbound,1638.44,USD,CP0041,CA,p2p,settled,D0054
T003026,A0096,C0096,2025-11-23T14:00:00+00:00,inbound,1107.02,USD,CP0070,BR,payout,settled,D0037
T001274,A0038,C0038,2025-11-23T14:00:00+00:00,inbound,612.61,USD,CP0009,GB,card,settled,D0010
T003499,A0110,C0110,2025-11-23T16:00:00+00:00,inbound,7958.45,USD,CP0125,US,wire,pending,D0010
T000441,A0013,C0013,2025-11-23T17:00:00+00:00,inbound,1180.95,USD,CP0123,US,ach,pending,D0019
T000143,A0004,C0004,2025-11-23T18:00:00+00:00,outbound,1001.62,USD,CP0041,US,ach,settled,D0003
T001264,A0038,C0038,2025-11-23T18:00:00+00:00,outbound,1742.89,USD,CP0014,US,ach,settled,D0018
T001802,A0054,C0054,2025-11-23T18:00:00+00:00,inbound,125.25,USD,CP0067,PA,p2p,settled,D0028
T001980,A0061,C0061,2025-11-23T20:00:00+00:00,inbound,604.9,GBP,CP0047,US,card,pending,D0019
T003483,A0110,C0110,2025-11-23T21:00:00+00:00,outbound,1357.77,USD,CP0003,MX,p2p,settled,D0035
T000824,A0024,C0024,2025-11-24T00:00:00+00:00,outbound,183.01,USD,CP0088,US,ach,settled,D0020
T001047,A0031,C0031,2025-11-24T00:00:00+00:00,inbound,559.52,USD,CP0116,BR,ach,settled,D0010
T000139,A0004,C0004,2025-11-24T00:00:00+00:00,inbound,559.92,USD,CP0082,CA,ach,settled,D0047
T002281,A0071,C0071,2025-11-24T02:00:00+00:00,inbound,2874.17,USD,CP0140,US,payout,settled,D0028
T001989,A0061,C0061,2025-11-24T03:00:00+00:00,inbound,998.38,USD,CP0118,US,payout,settled,D0005
T002246,A0070,C0070,2025-11-24T03:00:00+00:00,inbound,657.99,USD,CP0010,US,wire,settled,D0034
T003732,A0118,C0118,2025-11-24T05:00:00+00:00,inbound,209.58,USD,CP0129,US,card,settled,D0005
T002429,A0075,C0075,2025-11-24T05:00:00+00:00,outbound,1690.11,GBP,CP0045,US,card,refund,D0016
T003715,A0117,C0117,2025-11-24T08:00:00+00:00,inbound,724.54,USD,CP0085,US,ach,settled,D0037
T000607,A0018,C0018,2025-11-24T09:00:00+00:00,outbound,2791.35,USD,CP0141,MX,card,settled,D0014
T001145,A0034,C0034,2025-11-24T11:00:00+00:00,inbound,1139.32,USD,CP0134,US,payout,settled,D0047
T002933,A0092,C0092,2025-11-24T11:00:00+00:00,inbound,8475.86,USD,CP0060,BR,p2p,settled,D0030
T003166,A0101,C0101,2025-11-24T15:00:00+00:00,outbound,1661.98,USD,CP0097,MX,card,settled,D0011
T002457,A0076,C0076,2025-11-24T18:00:00+00:00,outbound,2401.65,USD,CP0032,PA,payout,settled,D0014
T002776,A0089,C0089,2025-11-24T19:00:00+00:00,inbound,2035.35,USD,CP0054,US,p2p,pending,D0044
T003094,A0098,C0098,2025-11-24T19:00:00+00:00,inbound,921.35,USD,CP0075,MX,card,settled,D0043
T002533,A0079,C0079,2025-11-24T20:00:00+00:00,outbound,1053.41,USD,CP0033,US,card,settled,D0016
T002506,A0078,C0078,2025-11-24T23:00:00+00:00,outbound,415.8,USD,CP0079,PA,card,settled,D0021
T001986,A0061,C0061,2025-11-25T01:00:00+00:00,inbound,898.73,USD,CP0104,US,ach,settled,D0003
T000536,A0015,C0015,2025-11-25T01:00:00+00:00,inbound,1936.32,USD,CP0116,MX,ach,settled,D0040
T001009,A0030,C0030,2025-11-25T03:00:00+00:00,outbound,583.49,USD,CP0020,PA,wire,pending,D0026
T003227,A0102,C0102,2025-11-25T05:00:00+00:00,inbound,214.61,USD,CP0048,PA,card,failed,D0034
T003639,A0115,C0115,2025-11-25T06:00:00+00:00,inbound,403.79,USD,CP0058,US,ach,settled,D0005
T001552,A0046,C0046,2025-11-25T06:00:00+00:00,inbound,3894.34,USD,CP0133,US,ach,settled,D0024
T001379,A0041,C0041,2025-11-25T06:00:00+00:00,outbound,9156.25,USD,CP0128,MX,card,settled,D0010
T002021,A0063,C0063,2025-11-25T07:00:00+00:00,outbound,511.78,USD,CP0009,BR,payout,settled,D0036
T003440,A0109,C0109,2025-11-25T08:00:00+00:00,outbound,1955.63,USD,CP0083,BR,ach,settled,D0031
T001332,A0040,C0040,2025-11-25T09:00:00+00:00,outbound,3241.69,USD,CP0022,US,ach,settled,D0001
T001279,A0038,C0038,2025-11-25T09:00:00+00:00,inbound,1159.88,USD,CP0123,US,payout,settled,D0016
T003731,A0118,C0118,2025-11-25T10:00:00+00:00,outbound,1125.4,USD,CP0124,US,payout,settled,D0054
T003792,A0120,C0120,2025-11-25T10:00:00+00:00,inbound,2032.71,USD,CP0050,MX,payout,settled,D0021
T001514,A0045,C0045,2025-11-25T13:00:00+00:00,outbound,5454.21,USD,CP0066,US,ach,reversed,D0022
T000273,A0007,C0007,2025-11-25T14:00:00+00:00,outbound,463.12,USD,CP0058,MX,card,settled,D0034
T000144,A0004,C0004,2025-11-25T14:00:00+00:00,outbound,127.33,USD,CP0145,US,ach,settled,D0014
T002194,A0068,C0068,2025-11-25T15:00:00+00:00,inbound,602.33,USD,CP0140,PA,ach,failed,D0030
T001879,A0057,C0057,2025-11-25T21:00:00+00:00,outbound,1481.15,CAD,CP0053,US,card,settled,D0031
T002816,A0090,C0090,2025-11-25T21:00:00+00:00,outbound,1617.28,USD,CP0031,US,card,settled,D0053
T002541,A0079,C0079,2025-11-25T23:00:00+00:00,inbound,606.94,USD,CP0106,CA,wire,settled,D0018
T002386,A0074,C0074,2025-11-25T23:00:00+00:00,inbound,1296.65,USD,CP0044,US,ach,settled,D0039
T000885,A0027,C0027,2025-11-26T00:00:00+00:00,inbound,820.8,USD,CP0141,US,p2p,settled,D0015
T003647,A0115,C0115,2025-11-26T01:00:00+00:00,inbound,587.5,USD,CP0081,BR,card,settled,D0020
T001744,A0053,C0053,2025-11-26T01:00:00+00:00,inbound,1110.77,USD,CP0110,US,ach,settled,D0023
T003667,A0116,C0116,2025-11-26T02:00:00+00:00,inbound,201.18,USD,CP0102,PA,payout,failed,D0037
T000587,A0018,C0018,2025-11-26T02:00:00+00:00,outbound,881.79,USD,CP0078,CA,card,pending,D0033
T002335,A0073,C0073,2025-11-26T03:00:00+00:00,outbound,1332.15,USD,CP0102,BR,card,settled,D0028
T001403,A0042,C0042,2025-11-26T05:00:00+00:00,inbound,2345.47,USD,CP0087,US,card,settled,D0027
T000881,A0027,C0027,2025-11-26T06:00:00+00:00,outbound,898.43,USD,CP0107,US,ach,settled,D0050
T003525,A0111,C0111,2025-11-26T07:00:00+00:00,inbound,2399.46,USD,CP0081,US,card,settled,D0050
T002819,A0090,C0090,2025-11-26T09:00:00+00:00,outbound,1251.16,USD,CP0011,MX,p2p,settled,D0004
T001141,A0034,C0034,2025-11-26T09:00:00+00:00,inbound,380.82,USD,CP0121,US,card,settled,D0003
T001868,A0056,C0056,2025-11-26T09:00:00+00:00,inbound,747.38,USD,CP0149,US,ach,pending,D0036
T003722,A0117,C0117,2025-11-26T11:00:00+00:00,inbound,688.86,GBP,CP0062,BR,card,settled,D0007
T001996,A0062,C0062,2025-11-26T13:00:00+00:00,inbound,602.17,USD,CP0067,MX,card,settled,D0003
T001861,A0056,C0056,2025-11-26T13:00:00+00:00,outbound,1747.35,USD,CP0056,US,payout,settled,D0047
T002229,A0069,C0069,2025-11-26T14:00:00+00:00,outbound,1025.32,USD,CP0085,CA,card,settled,D0046
T002731,A0088,C0088,2025-11-26T16:00:00+00:00,inbound,1824.87,USD,CP0051,US,card,settled,D0018
T002852,A0091,C0091,2025-11-26T18:00:00+00:00,inbound,628.63,USD,CP0059,PA,card,settled,D0032
T003115,A0099,C0099,2025-11-26T19:00:00+00:00,outbound,1012.63,GBP,CP0068,US,card,settled,D0018
T003825,A0120,C0120,2025-11-26T21:00:00+00:00,outbound,3128.61,USD,CP0053,BR,card,settled,D0027
T000331,A0010,C0010,2025-11-26T21:00:00+00:00,inbound,516.92,USD,CP0144,BR,ach,settled,D0039
T002527,A0079,C0079,2025-11-26T23:00:00+00:00,outbound,755.67,USD,CP0061,US,ach,settled,D0038
T001629,A0048,C0048,2025-11-27T00:00:00+00:00,outbound,860.34,USD,CP0113,GB,p2p,pending,D0005
T000831,A0025,C0025,2025-11-27T03:00:00+00:00,inbound,961.39,USD,CP0037,US,payout,refund,D0023
T002232,A0069,C0069,2025-11-27T04:00:00+00:00,outbound,2794.65,USD,CP0121,MX,p2p,settled,D0030
T000429,A0012,C0012,2025-11-27T05:00:00+00:00,inbound,309.05,USD,CP-HIGH-RISK-HUB,GB,card,settled,D0026
T003125,A0099,C0099,2025-11-27T06:00:00+00:00,inbound,721.55,GBP,CP0126,CA,p2p,settled,D0033
T001470,A0044,C0044,2025-11-27T08:00:00+00:00,outbound,795.74,USD,CP0116,US,p2p,settled,D0033
T002066,A0063,C0063,2025-11-27T08:00:00+00:00,outbound,947.64,GBP,CP0032,GB,card,refund,D0026
T000416,A0012,C0012,2025-11-27T09:00:00+00:00,inbound,449.26,USD,CP0090,CA,card,pending,D0009
T001184,A0035,C0035,2025-11-27T09:00:00+00:00,outbound,1745.25,GBP,CP0092,PA,p2p,settled,D0041
T001490,A0045,C0045,2025-11-27T11:00:00+00:00,outbound,9901.63,USD,CP0098,PA,card,pending,D0020
T001344,A0041,C0041,2025-11-27T11:00:00+00:00,outbound,1494.3,USD,CP0002,US,card,settled,D0024
T002775,A0089,C0089,2025-11-27T11:00:00+00:00,inbound,1148.65,USD,CP0133,US,card,settled,D0003
T001662,A0050,C0050,2025-11-27T12:00:00+00:00,inbound,1510.75,USD,CP0030,US,payout,failed,D0045
T000378,A0011,C0011,2025-11-27T12:00:00+00:00,inbound,891.27,USD,CP0075,BR,card,settled,D0050
T000070,A0002,C0002,2025-11-27T13:00:00+00:00,inbound,261.48,USD,CP0071,BR,card,settled,D0003
T003700,A0117,C0117,2025-11-27T13:00:00+00:00,outbound,1787.97,USD,CP0072,US,ach,settled,D0030
T003151,A0100,C0100,2025-11-27T14:00:00+00:00,inbound,1662.3,USD,CP0097,US,p2p,settled,D0035
T002992,A0094,C0094,2025-11-27T15:00:00+00:00,inbound,889.21,CAD,CP0023,PA,ach,settled,D0052
T003336,A0107,C0107,2025-11-27T18:00:00+00:00,outbound,274.19,USD,CP0081,US,card,settled,D0021
T001943,A0059,C0059,2025-11-27T20:00:00+00:00,inbound,1616.84,USD,CP0045,US,payout,pending,D0004
T001048,A0032,C0032,2025-11-27T20:00:00+00:00,outbound,241.94,USD,CP0093,PA,wire,settled,D0009
T002534,A0079,C0079,2025-11-27T21:00:00+00:00,outbound,778.3,USD,CP0143,CA,ach,settled,D0044
T000755,A0022,C0022,2025-11-27T22:00:00+00:00,inbound,998.33,USD,CP0043,GB,card,settled,D0015
T002020,A0063,C0063,2025-11-27T22:00:00+00:00,inbound,2448.36,CAD,CP0100,US,p2p,settled,D0044
T002483,A0077,C0077,2025-11-27T23:00:00+00:00,inbound,1018.31,USD,CP0045,US,card,pending,D0044
T000138,A0004,C0004,2025-11-28T04:00:00+00:00,inbound,1942.83,USD,CP0078,MX,card,pending,D0040
T002293,A0072,C0072,2025-11-28T05:00:00+00:00,inbound,1590.25,GBP,CP0112,MX,card,settled,D0022
T003806,A0120,C0120,2025-11-28T05:00:00+00:00,inbound,581.09,USD,CP0053,BR,card,settled,D0020
T000258,A0007,C0007,2025-11-28T07:00:00+00:00,inbound,985.2,USD,CP0040,US,p2p,settled,D0002
T003024,A0096,C0096,2025-11-28T07:00:00+00:00,outbound,3211.38,USD,CP0134,US,p2p,settled,D0047
T001685,A0051,C0051,2025-11-28T07:00:00+00:00,inbound,3416.96,CAD,CP0113,BR,card,settled,D0002
T003519,A0111,C0111,2025-11-28T07:00:00+00:00,inbound,1009.99,USD,CP0039,PA,card,settled,D0054
T000669,A0019,C0019,2025-11-28T09:00:00+00:00,inbound,878.28,USD,CP0103,US,card,settled,D0017
T000163,A0004,C0004,2025-11-28T09:00:00+00:00,inbound,1320.57,USD,CP0109,PA,card,settled,D0006
T002475,A0077,C0077,2025-11-28T10:00:00+00:00,outbound,1259.23,USD,CP0107,US,p2p,settled,D0026
T002129,A0065,C0065,2025-11-28T12:00:00+00:00,outbound,2670.75,GBP,CP0120,US,ach,settled,D0022
T002896,A0092,C0092,2025-11-28T13:00:00+00:00,inbound,4023.19,USD,CP0126,BR,ach,settled,D0054
T000212,A0005,C0005,2025-11-28T14:00:00+00:00,outbound,820.84,USD,CP0071,US,card,pending,D0001
T000513,A0014,C0014,2025-11-28T14:00:00+00:00,inbound,1050.58,USD,CP0112,US,card,failed,D0027
T002726,A0087,C0087,2025-11-28T15:00:00+00:00,outbound,797.23,USD,CP0072,MX,ach,settled,D0022
T001131,A0034,C0034,2025-11-28T15:00:00+00:00,inbound,288.36,USD,CP0070,US,card,settled,D0025
T002168,A0066,C0066,2025-11-28T16:00:00+00:00,outbound,719.73,USD,CP0118,US,ach,pending,D0033
T000319,A0009,C0009,2025-11-28T16:00:00+00:00,inbound,255.0,USD,CP0015,US,p2p,settled,D0052
T003523,A0111,C0111,2025-11-28T18:00:00+00:00,outbound,744.37,USD,CP0017,US,card,settled,D0027
T001265,A0038,C0038,2025-11-28T18:00:00+00:00,inbound,1130.01,USD,CP0130,PA,ach,settled,D0035
T002344,A0073,C0073,2025-11-28T20:00:00+00:00,inbound,1097.0,CAD,CP0062,GB,p2p,settled,D0051
T001771,A0054,C0054,2025-11-28T20:00:00+00:00,outbound,848.45,USD,CP0060,CA,payout,settled,D0042
T001585,A0047,C0047,2025-11-28T21:00:00+00:00,inbound,394.8,USD,CP0149,US,ach,settled,D0022
T003656,A0115,C0115,2025-11-28T21:00:00+00:00,inbound,1142.07,CAD,CP0121,US,p2p,settled,D0028
T001257,A0037,C0037,2025-11-28T23:00:00+00:00,outbound,472.84,GBP,CP0060,US,wire,settled,D0005
T000160,A0004,C0004,2025-11-29T00:00:00+00:00,inbound,1198.88,USD,CP0048,US,card,settled,D0028
T003401,A0108,C0108,2025-11-29T01:00:00+00:00,outbound,1078.38,USD,CP0067,GB,card,settled,D0019
T000153,A0004,C0004,2025-11-29T01:00:00+00:00,inbound,829.83,USD,CP0056,PA,ach,settled,D0011
T002608,A0082,C0082,2025-11-29T02:00:00+00:00,outbound,1877.09,CAD,CP0109,CA,card,settled,D0001
T001680,A0051,C0051,2025-11-29T02:00:00+00:00,inbound,3002.57,USD,CP0069,US,wire,settled,D0051
T002564,A0080,C0080,2025-11-29T02:00:00+00:00,outbound,1218.11,USD,CP0041,US,card,settled,D0005
T003482,A0110,C0110,2025-11-29T05:00:00+00:00,inbound,1708.24,USD,CP0022,US,ach,settled,D0008
T002861,A0091,C0091,2025-11-29T05:00:00+00:00,inbound,1116.91,CAD,CP0111,US,p2p,settled,D0039
T000847,A0025,C0025,2025-11-29T05:00:00+00:00,inbound,365.76,USD,CP0128,CA,ach,settled,D0032
T001643,A0049,C0049,2025-11-29T06:00:00+00:00,inbound,1270.42,GBP,CP0107,GB,ach,refund,D0017
T000984,A0029,C0029,2025-11-29T07:00:00+00:00,outbound,207.15,USD,CP0064,US,card,settled,D0044
T000894,A0027,C0027,2025-11-29T09:00:00+00:00,outbound,2694.33,GBP,CP0008,MX,p2p,settled,D0051
T000024,A0001,C0001,2025-11-29T09:00:00+00:00,outbound,1938.57,USD,CP0069,US,card,settled,D0029
T000248,A0006,C0006,2025-11-29T09:00:00+00:00,inbound,2072.59,USD,CP0079,US,ach,settled,D0007
T002323,A0073,C0073,2025-11-29T11:00:00+00:00,outbound,274.97,USD,CP0086,MX,wire,pending,D0015
T002516,A0078,C0078,2025-11-29T12:00:00+00:00,inbound,483.46,USD,CP0064,US,card,pending,D0010
T001492,A0045,C0045,2025-11-29T13:00:00+00:00,inbound,2793.97,USD,CP0097,CA,card,settled,D0015
T002333,A0073,C0073,2025-11-29T14:00:00+00:00,outbound,275.81,USD,CP0018,BR,card,pending,D0047
T000301,A0009,C0009,2025-11-29T14:00:00+00:00,outbound,556.11,USD,CP0071,US,card,settled,D0039
T003362,A0107,C0107,2025-11-29T15:00:00+00:00,outbound,701.69,USD,CP0054,GB,card,settled,D0024
T000250,A0006,C0006,2025-11-29T15:00:00+00:00,inbound,750.72,CAD,CP0056,US,p2p,settled,D0024
T001547,A0046,C0046,2025-11-29T16:00:00+00:00,inbound,1377.72,USD,CP0111,BR,card,failed,D0037
T001358,A0041,C0041,2025-11-29T16:00:00+00:00,outbound,1472.4,USD,CP0018,US,p2p,settled,D0011
T002840,A0090,C0090,2025-11-29T16:00:00+00:00,outbound,471.4,USD,CP0014,MX,card,settled,D0037
T002391,A0074,C0074,2025-11-29T18:00:00+00:00,outbound,1122.91,CAD,CP0121,MX,card,settled,D0030
T000612,A0019,C0019,2025-11-29T19:00:00+00:00,inbound,994.59,USD,CP0127,MX,ach,settled,D0048
T002836,A0090,C0090,2025-11-29T20:00:00+00:00,inbound,1117.78,USD,CP0045,US,card,settled,D0027
T003160,A0100,C0100,2025-11-29T22:00:00+00:00,inbound,1063.55,USD,CP0052,US,card,settled,D0040
T002444,A0076,C0076,2025-11-30T03:00:00+00:00,inbound,2739.51,CAD,CP0023,US,wire,settled,D0001
T002269,A0071,C0071,2025-11-30T04:00:00+00:00,outbound,578.49,USD,CP0012,US,card,chargeback,D0046
T003134,A0099,C0099,2025-11-30T04:00:00+00:00,outbound,1572.68,USD,CP0001,US,card,settled,D0041
T002220,A0069,C0069,2025-11-30T04:00:00+00:00,outbound,192.67,USD,CP0141,GB,card,settled,D0045
T002014,A0063,C0063,2025-11-30T06:00:00+00:00,outbound,735.38,USD,CP0006,GB,wire,settled,D0020
T002642,A0084,C0084,2025-11-30T08:00:00+00:00,outbound,412.38,USD,CP0055,US,card,settled,D0032
T003741,A0118,C0118,2025-11-30T08:00:00+00:00,outbound,788.91,USD,CP0106,CA,card,settled,D0011
T000911,A0027,C0027,2025-11-30T08:00:00+00:00,inbound,1420.99,GBP,CP0063,US,ach,failed,D0019
T001534,A0045,C0045,2025-11-30T10:00:00+00:00,outbound,879.63,USD,CP0127,CA,p2p,pending,D0007
T003193,A0102,C0102,2025-11-30T11:00:00+00:00,outbound,338.04,CAD,CP0082,MX,wire,settled,D0046
T002597,A0082,C0082,2025-11-30T12:00:00+00:00,outbound,503.25,USD,CP0100,US,ach,settled,D0001
T000641,A0019,C0019,2025-11-30T12:00:00+00:00,inbound,1546.58,GBP,CP0136,US,p2p,settled,D0015
T001153,A0035,C0035,2025-11-30T13:00:00+00:00,inbound,1916.03,USD,CP0083,US,ach,pending,D0009
T000538,A0015,C0015,2025-11-30T13:00:00+00:00,inbound,1932.68,GBP,CP0007,US,card,settled,D0037
T000950,A0028,C0028,2025-11-30T14:00:00+00:00,outbound,821.98,USD,CP0044,CA,wire,settled,D0028
T002554,A0080,C0080,2025-11-30T14:00:00+00:00,outbound,1231.48,USD,CP0063,MX,ach,settled,D0009
T001342,A0040,C0040,2025-11-30T15:00:00+00:00,inbound,910.33,USD,CP0042,US,card,settled,D0001
T002067,A0063,C0063,2025-11-30T16:00:00+00:00,outbound,784.28,USD,CP-HIGH-RISK-HUB,MX,card,reversed,D0035
T003485,A0110,C0110,2025-11-30T18:00:00+00:00,outbound,906.59,USD,CP0074,MX,ach,settled,D0038
T000660,A0019,C0019,2025-11-30T20:00:00+00:00,inbound,285.76,USD,CP0051,US,card,settled,D0052
T002151,A0065,C0065,2025-11-30T20:00:00+00:00,inbound,9163.91,USD,CP0078,US,p2p,settled,D0011
T003287,A0105,C0105,2025-12-01T02:00:00+00:00,inbound,831.87,USD,CP0031,MX,p2p,settled,D0006
T003253,A0103,C0103,2025-12-01T05:00:00+00:00,inbound,64.43,GBP,CP0112,US,p2p,settled,D0048
T000305,A0009,C0009,2025-12-01T06:00:00+00:00,inbound,471.56,USD,CP0085,US,ach,settled,D0009
T000466,A0013,C0013,2025-12-01T06:00:00+00:00,inbound,860.04,USD,CP0037,MX,wire,settled,D0015
T003058,A0097,C0097,2025-12-01T07:00:00+00:00,inbound,318.68,USD,CP0010,US,ach,settled,D0042
T002795,A0090,C0090,2025-12-01T07:00:00+00:00,outbound,1340.17,USD,CP0114,US,p2p,settled,D0017
T001213,A0037,C0037,2025-12-01T07:00:00+00:00,outbound,826.51,GBP,CP0030,MX,card,settled,D0047
T003375,A0108,C0108,2025-12-01T08:00:00+00:00,outbound,9216.45,USD,CP0023,US,p2p,settled,D0050
T002171,A0066,C0066,2025-12-01T11:00:00+00:00,inbound,311.08,USD,CP0006,BR,payout,settled,D0031
T000616,A0019,C0019,2025-12-01T13:00:00+00:00,inbound,80.32,USD,CP0083,PA,card,settled,D0049
T001161,A0035,C0035,2025-12-01T17:00:00+00:00,outbound,1453.31,USD,CP0079,US,ach,settled,D0028
T001792,A0054,C0054,2025-12-01T18:00:00+00:00,inbound,3417.06,USD,CP0142,GB,card,settled,D0014
T002048,A0063,C0063,2025-12-01T19:00:00+00:00,inbound,1518.82,USD,CP0120,US,wire,settled,D0027
T002097,A0064,C0064,2025-12-01T19:00:00+00:00,inbound,881.88,USD,CP0128,US,card,settled,D0026
T001158,A0035,C0035,2025-12-02T00:00:00+00:00,inbound,380.47,USD,CP0123,PA,card,settled,D0033
T000679,A0020,C0020,2025-12-02T00:00:00+00:00,inbound,1787.18,USD,CP0126,US,wire,settled,D0039
T003739,A0118,C0118,2025-12-02T01:00:00+00:00,outbound,2504.18,GBP,CP0011,US,card,settled,D0009
T002087,A0064,C0064,2025-12-02T01:00:00+00:00,outbound,972.57,USD,CP0128,US,card,refund,D0016
T001038,A0031,C0031,2025-12-02T01:00:00+00:00,outbound,1972.63,GBP,CP0078,US,card,settled,D0037
T001666,A0050,C0050,2025-12-02T02:00:00+00:00,outbound,1252.39,USD,CP0059,BR,payout,settled,D0044
T002425,A0075,C0075,2025-12-02T03:00:00+00:00,inbound,744.61,USD,CP0092,BR,wire,settled,D0017
T003579,A0112,C0112,2025-12-02T05:00:00+00:00,inbound,1024.45,USD,CP0048,GB,wire,settled,D0038
T000085,A0002,C0002,2025-12-02T06:00:00+00:00,inbound,143.06,GBP,CP0096,PA,ach,settled,D0032
T000834,A0025,C0025,2025-12-02T08:00:00+00:00,outbound,540.9,USD,CP0019,GB,p2p,settled,D0011
T003147,A0100,C0100,2025-12-02T09:00:00+00:00,outbound,2073.61,USD,CP0003,GB,card,settled,D0007
T001529,A0045,C0045,2025-12-02T13:00:00+00:00,inbound,10550.3,USD,CP0074,PA,ach,settled,D0043
T002702,A0086,C0086,2025-12-02T14:00:00+00:00,inbound,1510.56,USD,CP0054,PA,p2p,settled,D0013
T000339,A0010,C0010,2025-12-02T14:00:00+00:00,outbound,757.14,CAD,CP0140,MX,card,settled,D0036
T001605,A0048,C0048,2025-12-02T14:00:00+00:00,inbound,1244.71,GBP,CP0059,US,p2p,settled,D0050
T001423,A0042,C0042,2025-12-02T16:00:00+00:00,inbound,1008.69,USD,CP0132,GB,payout,settled,D0026
T002864,A0091,C0091,2025-12-02T16:00:00+00:00,inbound,582.21,CAD,CP0047,MX,card,pending,D0030
T000733,A0021,C0021,2025-12-02T17:00:00+00:00,inbound,1587.9,USD,CP0141,GB,card,settled,D0007
T002921,A0092,C0092,2025-12-02T20:00:00+00:00,inbound,4844.42,USD,CP0003,US,p2p,reversed,D0039
T003810,A0120,C0120,2025-12-02T20:00:00+00:00,outbound,2146.62,USD,CP0033,CA,ach,pending,D0011
T001883,A0057,C0057,2025-12-02T20:00:00+00:00,inbound,1315.98,USD,CP0007,US,p2p,settled,D0007
T002659,A0085,C0085,2025-12-02T22:00:00+00:00,inbound,261.42,USD,CP0077,US,ach,settled,D0020
T000793,A0023,C0023,2025-12-02T22:00:00+00:00,inbound,2277.93,USD,CP0033,US,wire,settled,D0035
T000239,A0006,C0006,2025-12-02T22:00:00+00:00,inbound,524.65,USD,CP0140,GB,p2p,settled,D0052
T003100,A0098,C0098,2025-12-03T00:00:00+00:00,inbound,1557.39,USD,CP0085,US,payout,settled,D0033
T000625,A0019,C0019,2025-12-03T01:00:00+00:00,outbound,409.47,USD,CP0058,GB,ach,settled,D0035
T001752,A0053,C0053,2025-12-03T01:00:00+00:00,inbound,995.12,USD,CP0022,US,p2p,settled,D0032
T000406,A0012,C0012,2025-12-03T03:00:00+00:00,outbound,541.56,USD,CP0068,US,payout,settled,D0027
T000158,A0004,C0004,2025-12-03T03:00:00+00:00,outbound,583.95,USD,CP0121,BR,card,failed,D0020
T001639,A0049,C0049,2025-12-03T04:00:00+00:00,outbound,1601.53,USD,CP0034,US,wire,settled,D0020
T000749,A0022,C0022,2025-12-03T04:00:00+00:00,outbound,584.97,USD,CP0143,US,payout,settled,D0045
T000180,A0005,C0005,2025-12-03T06:00:00+00:00,outbound,585.33,USD,CP0111,US,p2p,settled,D0039
T000168,A0005,C0005,2025-12-03T07:00:00+00:00,outbound,8196.28,USD,CP0116,US,p2p,pending,D0050
T000125,A0003,C0003,2025-12-03T07:00:00+00:00,outbound,411.15,USD,CP0029,GB,card,settled,D0007
T001874,A0056,C0056,2025-12-03T09:00:00+00:00,outbound,2772.19,GBP,CP0019,MX,card,settled,D0041
T003045,A0097,C0097,2025-12-03T11:00:00+00:00,inbound,366.39,CAD,CP0132,US,p2p,settled,D0016
T000295,A0008,C0008,2025-12-03T11:00:00+00:00,outbound,358.41,USD,CP0093,PA,card,pending,D0005
T003737,A0118,C0118,2025-12-03T13:00:00+00:00,inbound,1745.24,USD,CP0104,US,wire,pending,D0029
T002491,A0077,C0077,2025-12-03T13:00:00+00:00,inbound,755.29,USD,CP0002,US,ach,settled,D0002
T000672,A0020,C0020,2025-12-03T14:00:00+00:00,inbound,1456.34,USD,CP0146,CA,p2p,settled,D0043
T002988,A0094,C0094,2025-12-03T15:00:00+00:00,outbound,1422.69,USD,CP0102,GB,ach,settled,D0003
T003687,A0116,C0116,2025-12-03T18:00:00+00:00,inbound,1241.52,USD,CP0117,MX,payout,settled,D0046
T000476,A0013,C0013,2025-12-03T18:00:00+00:00,inbound,1105.57,GBP,CP0118,GB,payout,settled,D0035
T002237,A0070,C0070,2025-12-03T22:00:00+00:00,inbound,1053.93,USD,CP0140,MX,card,chargeback,D0033
T001190,A0036,C0036,2025-12-03T23:00:00+00:00,outbound,1798.39,USD,CP0083,PA,ach,settled,D0043
T002364,A0074,C0074,2025-12-04T00:00:00+00:00,inbound,2768.69,USD,CP0117,US,ach,settled,D0001
T003558,A0112,C0112,2025-12-04T03:00:00+00:00,inbound,576.83,USD,CP0025,US,p2p,settled,D0014
T003016,A0095,C0095,2025-12-04T04:00:00+00:00,outbound,855.61,GBP,CP0019,CA,wire,pending,D0016
T003481,A0110,C0110,2025-12-04T04:00:00+00:00,inbound,1557.99,USD,CP0098,US,p2p,settled,D0021
T000374,A0011,C0011,2025-12-04T05:00:00+00:00,outbound,412.04,USD,CP0128,US,wire,settled,D0001
T000600,A0018,C0018,2025-12-04T05:00:00+00:00,outbound,1461.37,USD,CP0138,US,p2p,settled,D0005
T001797,A0054,C0054,2025-12-04T06:00:00+00:00,outbound,556.52,USD,CP0041,US,payout,settled,D0019
T000687,A0020,C0020,2025-12-04T07:00:00+00:00,outbound,1042.76,USD,CP0003,US,card,settled,D0019
T002447,A0076,C0076,2025-12-04T07:00:00+00:00,outbound,187.59,CAD,CP0069,US,card,reversed,D0036
T002777,A0089,C0089,2025-12-04T07:00:00+00:00,outbound,519.89,USD,CP0064,US,ach,settled,D0026
T000019,A0001,C0001,2025-12-04T08:00:00+00:00,outbound,497.44,USD,CP0040,BR,payout,settled,D0041
T001188,A0036,C0036,2025-12-04T08:00:00+00:00,inbound,735.48,GBP,CP0134,US,ach,settled,D0021
T001445,A0043,C0043,2025-12-04T09:00:00+00:00,inbound,1829.07,USD,CP0119,US,payout,settled,D0020
T000645,A0019,C0019,2025-12-04T10:00:00+00:00,inbound,626.17,USD,CP0060,CA,card,settled,D0044
T001206,A0037,C0037,2025-12-04T11:00:00+00:00,inbound,1477.87,USD,CP0076,GB,p2p,settled,D0012
T000296,A0008,C0008,2025-12-04T12:00:00+00:00,outbound,540.21,USD,CP0030,US,wire,settled,D0052
T003566,A0112,C0112,2025-12-04T13:00:00+00:00,inbound,1486.31,GBP,CP0032,GB,wire,settled,D0012
T002602,A0082,C0082,2025-12-04T14:00:00+00:00,inbound,721.39,USD,CP0097,GB,p2p,settled,D0027
T001136,A0034,C0034,2025-12-04T16:00:00+00:00,outbound,5794.65,USD,CP0139,BR,card,settled,D0009
T000071,A0002,C0002,2025-12-04T17:00:00+00:00,inbound,1832.38,USD,CP0079,BR,card,settled,D0047
T002259,A0071,C0071,2025-12-04T19:00:00+00:00,inbound,1776.12,CAD,CP0021,MX,card,settled,D0017
T001676,A0050,C0050,2025-12-04T19:00:00+00:00,outbound,764.3,USD,CP0027,US,card,failed,D0020
T000926,A0027,C0027,2025-12-04T20:00:00+00:00,outbound,1344.27,USD,CP0137,CA,card,settled,D0006
T003552,A0112,C0112,2025-12-04T21:00:00+00:00,inbound,1685.1,GBP,CP0061,US,p2p,settled,D0019
T003738,A0118,C0118,2025-12-04T21:00:00+00:00,inbound,1882.87,USD,CP0075,CA,p2p,settled,D0015
T003020,A0095,C0095,2025-12-04T21:00:00+00:00,inbound,260.49,USD,CP0088,BR,ach,settled,D0020
T000879,A0027,C0027,2025-12-04T21:00:00+00:00,inbound,163.54,USD,CP0004,MX,ach,settled,D0050
T003576,A0112,C0112,2025-12-05T00:00:00+00:00,inbound,663.47,USD,CP0065,US,ach,settled,D0010
T002946,A0093,C0093,2025-12-05T01:00:00+00:00,outbound,911.48,CAD,CP0063,MX,ach,settled,D0042
T000747,A0022,C0022,2025-12-05T05:00:00+00:00,outbound,1917.52,USD,CP0071,BR,card,settled,D0036
T000401,A0012,C0012,2025-12-05T06:00:00+00:00,inbound,3122.11,USD,CP0034,GB,p2p,settled,D0002
T001171,A0035,C0035,2025-12-05T07:00:00+00:00,outbound,402.27,USD,CP0064,US,payout,settled,D0009
T000803,A0024,C0024,2025-12-05T10:00:00+00:00,outbound,1184.45,USD,CP0063,CA,p2p,chargeback,D0004
T001635,A0048,C0048,2025-12-05T11:00:00+00:00,outbound,9199.1,GBP,CP0050,US,card,settled,D0005
T003409,A0108,C0108,2025-12-05T16:00:00+00:00,outbound,948.79,USD,CP0015,CA,wire,settled,D0032
T001185,A0035,C0035,2025-12-05T17:00:00+00:00,inbound,2019.62,USD,CP0117,US,wire,settled,D0022
T001638,A0049,C0049,2025-12-05T18:00:00+00:00,outbound,594.82,USD,CP0016,US,ach,settled,D0038
T001955,A0060,C0060,2025-12-05T18:00:00+00:00,inbound,529.06,USD,CP0019,MX,p2p,chargeback,D0049
T002141,A0065,C0065,2025-12-05T18:00:00+00:00,outbound,655.14,CAD,CP0065,US,p2p,settled,D0010
T003515,A0110,C0110,2025-12-05T20:00:00+00:00,inbound,4098.95,GBP,CP0033,CA,p2p,settled,D0053
T001960,A0060,C0060,2025-12-05T20:00:00+00:00,inbound,1863.22,USD,CP0082,US,card,settled,D0054
T000448,A0013,C0013,2025-12-05T21:00:00+00:00,outbound,2441.77,USD,CP0050,BR,card,settled,D0049
T003750,A0118,C0118,2025-12-06T01:00:00+00:00,inbound,698.57,CAD,CP0068,US,card,settled,D0002
T000318,A0009,C0009,2025-12-06T03:00:00+00:00,outbound,419.88,GBP,CP0070,PA,ach,settled,D0046
T001934,A0059,C0059,2025-12-06T04:00:00+00:00,outbound,719.41,USD,CP0104,US,ach,settled,D0039
T002072,A0064,C0064,2025-12-06T05:00:00+00:00,inbound,1866.15,USD,CP0107,US,payout,refund,D0047
T001945,A0059,C0059,2025-12-06T05:00:00+00:00,inbound,2206.14,USD,CP0023,CA,p2p,settled,D0042
T000633,A0019,C0019,2025-12-06T07:00:00+00:00,inbound,298.27,USD,CP0021,US,card,settled,D0018
T000794,A0023,C0023,2025-12-06T07:00:00+00:00,inbound,523.35,USD,CP0048,US,ach,failed,D0006
T002902,A0092,C0092,2025-12-06T08:00:00+00:00,inbound,2113.17,USD,CP0062,US,ach,settled,D0037
T003280,A0105,C0105,2025-12-06T09:00:00+00:00,outbound,1680.46,USD,CP0096,US,card,settled,D0054
T001081,A0033,C0033,2025-12-06T09:00:00+00:00,outbound,592.73,CAD,CP0084,US,card,settled,D0034
T001029,A0031,C0031,2025-12-06T09:00:00+00:00,inbound,906.64,USD,CP0026,PA,wire,settled,D0030
T001524,A0045,C0045,2025-12-06T11:00:00+00:00,inbound,1343.53,USD,CP0131,US,card,refund,D0019
T002049,A0063,C0063,2025-12-06T11:00:00+00:00,outbound,1592.74,USD,CP0005,BR,ach,settled,D0015
T000164,A0004,C0004,2025-12-06T13:00:00+00:00,outbound,1034.94,CAD,CP0039,US,payout,settled,D0038
T001483,A0044,C0044,2025-12-06T15:00:00+00:00,inbound,129.56,USD,CP0094,MX,card,settled,D0006
T002156,A0066,C0066,2025-12-06T15:00:00+00:00,outbound,441.98,USD,CP0077,US,ach,chargeback,D0024
T001603,A0048,C0048,2025-12-06T15:00:00+00:00,outbound,9995.0,USD,CP0080,US,card,reversed,D0002
T000413,A0012,C0012,2025-12-06T17:00:00+00:00,outbound,822.65,USD,CP0048,PA,ach,settled,D0007
T003614,A0114,C0114,2025-12-06T18:00:00+00:00,inbound,990.7,CAD,CP0010,BR,p2p,settled,D0020
T002674,A0085,C0085,2025-12-06T18:00:00+00:00,inbound,1879.46,USD,CP0055,GB,p2p,refund,D0013
T000127,A0003,C0003,2025-12-06T20:00:00+00:00,inbound,1496.92,USD,CP0010,US,card,settled,D0017
T001391,A0041,C0041,2025-12-06T23:00:00+00:00,outbound,556.59,USD,CP0082,GB,ach,failed,D0012
T002058,A0063,C0063,2025-12-07T06:00:00+00:00,outbound,3481.78,USD,CP0140,MX,p2p,reversed,D0016
T000734,A0021,C0021,2025-12-07T10:00:00+00:00,inbound,2077.5,USD,CP0008,PA,wire,settled,D0025
T001323,A0040,C0040,2025-12-07T12:00:00+00:00,outbound,807.81,USD,CP0110,US,payout,reversed,D0010
T001667,A0050,C0050,2025-12-07T15:00:00+00:00,inbound,2001.73,CAD,CP0146,PA,payout,settled,D0045
T003309,A0106,C0106,2025-12-07T18:00:00+00:00,outbound,369.03,USD,CP0116,CA,p2p,settled,D0024
T001199,A0036,C0036,2025-12-07T19:00:00+00:00,inbound,3953.87,USD,CP0137,GB,ach,settled,D0022
T002502,A0078,C0078,2025-12-07T20:00:00+00:00,outbound,462.68,USD,CP0095,PA,ach,settled,D0045
T000423,A0012,C0012,2025-12-08T01:00:00+00:00,outbound,1527.7,USD,CP0094,MX,ach,settled,D0054
T002529,A0079,C0079,2025-12-08T03:00:00+00:00,inbound,453.76,GBP,CP0013,BR,card,settled,D0005
T000461,A0013,C0013,2025-12-08T04:00:00+00:00,outbound,267.71,USD,CP0117,CA,card,settled,D0030
T003209,A0102,C0102,2025-12-08T04:00:00+00:00,inbound,50.98,USD,CP0029,GB,ach,refund,D0016
T002316,A0072,C0072,2025-12-08T06:00:00+00:00,inbound,756.39,USD,CP0135,GB,card,settled,D0013
T003350,A0107,C0107,2025-12-08T09:00:00+00:00,inbound,828.05,USD,CP0011,PA,ach,settled,D0043
T001205,A0037,C0037,2025-12-08T09:00:00+00:00,inbound,1579.71,USD,CP0076,US,payout,settled,D0011
T001888,A0057,C0057,2025-12-08T09:00:00+00:00,outbound,690.09,USD,CP0067,BR,ach,settled,D0013
T001713,A0051,C0051,2025-12-08T12:00:00+00:00,outbound,786.57,USD,CP0054,MX,payout,settled,D0025
T002297,A0072,C0072,2025-12-08T12:00:00+00:00,inbound,2627.74,USD,CP0092,US,card,settled,D0013
T000778,A0023,C0023,2025-12-08T13:00:00+00:00,inbound,1413.37,USD,CP0146,PA,wire,settled,D0010
T002755,A0089,C0089,2025-12-08T15:00:00+00:00,outbound,296.89,GBP,CP0134,PA,ach,pending,D0016
T003034,A0096,C0096,2025-12-08T15:00:00+00:00,inbound,874.83,USD,CP0072,US,card,settled,D0042
T003818,A0120,C0120,2025-12-08T15:00:00+00:00,inbound,524.19,CAD,CP0061,US,p2p,pending,D0020
T002362,A0074,C0074,2025-12-08T15:00:00+00:00,inbound,1000.21,USD,CP0143,BR,ach,settled,D0031
T003192,A0102,C0102,2025-12-08T17:00:00+00:00,outbound,2585.75,USD,CP0138,US,ach,settled,D0020
T002114,A0065,C0065,2025-12-08T17:00:00+00:00,outbound,478.72,CAD,CP0037,CA,payout,settled,D0008
T000882,A0027,C0027,2025-12-08T17:00:00+00:00,inbound,505.28,USD,CP0075,BR,card,settled,D0054
T001619,A0048,C0048,2025-12-08T17:00:00+00:00,outbound,11085.52,USD,CP0089,PA,wire,settled,D0044
T001672,A0050,C0050,2025-12-08T18:00:00+00:00,outbound,1221.54,USD,CP0106,PA,p2p,settled,D0053
T000460,A0013,C0013,2025-12-08T22:00:00+00:00,inbound,1062.1,USD,CP0108,PA,card,chargeback,D0010
T001573,A0047,C0047,2025-12-09T06:00:00+00:00,outbound,641.04,USD,CP0084,US,ach,settled,D0003
T002829,A0090,C0090,2025-12-09T08:00:00+00:00,outbound,528.17,USD,CP0049,US,ach,settled,D0020
T003795,A0120,C0120,2025-12-09T10:00:00+00:00,inbound,826.19,USD,CP0081,BR,card,settled,D0054
T001084,A0033,C0033,2025-12-09T12:00:00+00:00,outbound,1969.11,GBP,CP0113,PA,ach,settled,D0020
T002004,A0062,C0062,2025-12-09T15:00:00+00:00,outbound,275.7,CAD,CP0034,GB,ach,settled,D0022
T002939,A0093,C0093,2025-12-09T15:00:00+00:00,outbound,2348.68,CAD,CP0110,US,p2p,settled,D0028
T003379,A0108,C0108,2025-12-09T15:00:00+00:00,outbound,1911.02,USD,CP0119,CA,card,settled,D0030
T002686,A0085,C0085,2025-12-09T16:00:00+00:00,outbound,1330.83,USD,CP0072,MX,card,settled,D0025
T002056,A0063,C0063,2025-12-09T17:00:00+00:00,outbound,5087.59,USD,CP0014,US,ach,settled,D0047
T003234,A0103,C0103,2025-12-09T18:00:00+00:00,outbound,862.38,USD,CP0090,MX,card,settled,D0007
T000869,A0027,C0027,2025-12-09T19:00:00+00:00,inbound,978.81,USD,CP0022,PA,p2p,settled,D0006
T003511,A0110,C0110,2025-12-09T19:00:00+00:00,inbound,3237.26,USD,CP0118,GB,card,settled,D0043
T003568,A0112,C0112,2025-12-09T20:00:00+00:00,outbound,1922.56,USD,CP0124,US,p2p,failed,D0010
T000825,A0024,C0024,2025-12-09T20:00:00+00:00,inbound,1296.67,USD,CP0033,GB,wire,settled,D0005
T001878,A0057,C0057,2025-12-10T03:00:00+00:00,inbound,826.12,CAD,CP0007,US,p2p,settled,D0045
T001668,A0050,C0050,2025-12-10T03:00:00+00:00,inbound,1527.31,USD,CP0143,US,payout,settled,D0051
T000902,A0027,C0027,2025-12-10T03:00:00+00:00,inbound,3177.05,USD,CP0098,US,card,settled,D0024
T003584,A0113,C0113,2025-12-10T04:00:00+00:00,inbound,1476.3,CAD,CP0066,US,card,settled,D0002
T000109,A0003,C0003,2025-12-10T05:00:00+00:00,inbound,707.69,USD,CP0028,US,card,settled,D0025
T002094,A0064,C0064,2025-12-10T07:00:00+00:00,outbound,2355.04,USD,CP0055,US,p2p,settled,D0020
T001533,A0045,C0045,2025-12-10T07:00:00+00:00,inbound,724.94,USD,CP0123,CA,p2p,settled,D0038
T000649,A0019,C0019,2025-12-10T09:00:00+00:00,outbound,2183.32,USD,CP0111,CA,p2p,settled,D0046
T003072,A0097,C0097,2025-12-10T13:00:00+00:00,outbound,1610.79,USD,CP0064,GB,card,settled,D0040
T002785,A0089,C0089,2025-12-10T13:00:00+00:00,outbound,1896.87,USD,CP0091,US,wire,settled,D0054
T000854,A0026,C0026,2025-12-10T13:00:00+00:00,inbound,931.27,GBP,CP0045,US,card,settled,D0048
T001652,A0049,C0049,2025-12-10T14:00:00+00:00,inbound,568.62,USD,CP0129,US,p2p,failed,D0040
T003313,A0106,C0106,2025-12-10T20:00:00+00:00,outbound,274.25,USD,CP0061,US,ach,settled,D0051
T001495,A0045,C0045,2025-12-10T20:00:00+00:00,outbound,1552.76,CAD,CP0087,BR,card,settled,D0017
T000624,A0019,C0019,2025-12-10T21:00:00+00:00,outbound,1588.31,USD,CP0070,US,ach,settled,D0011
T002412,A0075,C0075,2025-12-10T21:00:00+00:00,inbound,2565.43,USD,CP0116,US,card,settled,D0015
T000004,A0001,C0001,2025-12-10T22:00:00+00:00,inbound,234.64,USD,CP0023,PA,payout,settled,D0051
T001723,A0052,C0052,2025-12-10T23:00:00+00:00,inbound,2652.42,CAD,CP0055,GB,ach,settled,D0027
T003303,A0106,C0106,2025-12-11T02:00:00+00:00,inbound,650.18,USD,CP0006,US,p2p,settled,D0007
T002922,A0092,C0092,2025-12-11T03:00:00+00:00,outbound,2640.53,USD,CP0111,MX,p2p,settled,D0025
T001312,A0040,C0040,2025-12-11T04:00:00+00:00,outbound,580.42,USD,CP0112,US,card,settled,D0024
T000011,A0001,C0001,2025-12-11T07:00:00+00:00,inbound,2331.1,USD,CP0113,US,ach,settled,D0034
T002671,A0085,C0085,2025-12-11T07:00:00+00:00,outbound,745.52,USD,CP0109,MX,payout,settled,D0025
T002206,A0068,C0068,2025-12-11T07:00:00+00:00,inbound,654.14,USD,CP0005,US,p2p,settled,D0013
T000277,A0008,C0008,2025-12-11T07:00:00+00:00,outbound,2713.45,USD,CP0003,GB,ach,settled,D0049
T001060,A0032,C0032,2025-12-11T08:00:00+00:00,inbound,1114.7,USD,CP0005,PA,p2p,settled,D0039
T002944,A0093,C0093,2025-12-11T10:00:00+00:00,outbound,485.88,USD,CP0075,GB,ach,settled,D0020
T000438,A0012,C0012,2025-12-11T11:00:00+00:00,inbound,175.98,USD,CP0016,US,ach,settled,D0019
T002749,A0088,C0088,2025-12-11T14:00:00+00:00,inbound,1132.35,USD,CP0122,PA,p2p,settled,D0015
T000682,A0020,C0020,2025-12-11T15:00:00+00:00,inbound,290.03,CAD,CP0112,US,ach,settled,D0036
T002349,A0073,C0073,2025-12-11T16:00:00+00:00,inbound,1116.82,USD,CP0093,CA,p2p,settled,D0002
T000808,A0024,C0024,2025-12-11T19:00:00+00:00,outbound,908.59,USD,CP0028,US,card,settled,D0010
T001067,A0032,C0032,2025-12-11T20:00:00+00:00,inbound,1678.99,USD,CP0120,US,ach,settled,D0014
T000888,A0027,C0027,2025-12-11T21:00:00+00:00,inbound,213.29,USD,CP0025,GB,card,settled,D0022
T003503,A0110,C0110,2025-12-12T01:00:00+00:00,inbound,3473.25,USD,CP0149,MX,p2p,settled,D0035
T000605,A0018,C0018,2025-12-12T02:00:00+00:00,inbound,2271.5,USD,CP0082,US,card,settled,D0001
T000957,A0029,C0029,2025-12-12T04:00:00+00:00,outbound,1588.86,USD,CP0103,BR,wire,settled,D0003
T002196,A0068,C0068,2025-12-12T04:00:00+00:00,inbound,683.89,USD,CP0128,PA,ach,settled,D0039
T002783,A0089,C0089,2025-12-12T05:00:00+00:00,outbound,608.77,USD,CP0025,US,payout,settled,D0046
T003587,A0113,C0113,2025-12-12T05:00:00+00:00,outbound,1218.03,USD,CP0052,US,card,settled,D0051
T003289,A0105,C0105,2025-12-12T06:00:00+00:00,inbound,422.48,USD,CP0084,US,wire,settled,D0052
T002770,A0089,C0089,2025-12-12T08:00:00+00:00,inbound,3852.61,USD,CP0074,CA,card,settled,D0049
T001773,A0054,C0054,2025-12-12T09:00:00+00:00,outbound,79.31,USD,CP0069,US,p2p,pending,D0051
T001462,A0044,C0044,2025-12-12T09:00:00+00:00,inbound,868.35,USD,CP0128,US,ach,failed,D0003
T000544,A0016,C0016,2025-12-12T10:00:00+00:00,inbound,2868.24,GBP,CP0112,CA,ach,settled,D0043
T003404,A0108,C0108,2025-12-12T11:00:00+00:00,inbound,1174.9,USD,CP0004,GB,card,settled,D0032
T002791,A0090,C0090,2025-12-12T11:00:00+00:00,inbound,989.11,GBP,CP0071,MX,p2p,chargeback,D0043
T000576,A0017,C0017,2025-12-12T11:00:00+00:00,outbound,551.04,USD,CP0070,US,card,settled,D0032
T002697,A0086,C0086,2025-12-12T11:00:00+00:00,inbound,1007.11,USD,CP0128,CA,card,settled,D0029
T000717,A0021,C0021,2025-12-12T12:00:00+00:00,outbound,2033.01,CAD,CP0103,US,p2p,settled,D0037
T000855,A0026,C0026,2025-12-12T14:00:00+00:00,inbound,1134.88,USD,CP0076,US,ach,settled,D0026
T001450,A0043,C0043,2025-12-12T14:00:00+00:00,outbound,1711.52,USD,CP0026,US,card,settled,D0012
T002213,A0069,C0069,2025-12-12T16:00:00+00:00,outbound,2526.4,USD,CP0009,US,ach,settled,D0024
T001809,A0055,C0055,2025-12-12T17:00:00+00:00,outbound,1551.64,USD,CP0132,GB,card,settled,D0005
T003736,A0118,C0118,2025-12-12T17:00:00+00:00,outbound,3056.83,USD,CP0100,MX,card,settled,D0045
T002970,A0094,C0094,2025-12-12T18:00:00+00:00,inbound,2007.16,USD,CP0048,CA,card,settled,D0015
T002242,A0070,C0070,2025-12-12T18:00:00+00:00,inbound,1430.77,CAD,CP0018,PA,ach,chargeback,D0048
T003103,A0098,C0098,2025-12-12T20:00:00+00:00,inbound,437.38,USD,CP0026,CA,ach,settled,D0010
T002517,A0078,C0078,2025-12-12T23:00:00+00:00,inbound,844.99,USD,CP0139,GB,payout,settled,D0053
T002348,A0073,C0073,2025-12-12T23:00:00+00:00,outbound,903.93,USD,CP0074,US,ach,failed,D0026
T002396,A0074,C0074,2025-12-13T01:00:00+00:00,outbound,9695.79,USD,CP0036,US,payout,settled,D0010
T000217,A0005,C0005,2025-12-13T01:00:00+00:00,inbound,359.41,GBP,CP0067,MX,p2p,pending,D0001
T000998,A0030,C0030,2025-12-13T02:00:00+00:00,outbound,1516.3,USD,CP0071,BR,wire,settled,D0015
T001447,A0043,C0043,2025-12-13T02:00:00+00:00,inbound,1001.16,USD,CP0111,US,payout,refund,D0044
T001216,A0037,C0037,2025-12-13T04:00:00+00:00,inbound,882.27,CAD,CP0081,BR,ach,settled,D0035
T001473,A0044,C0044,2025-12-13T04:00:00+00:00,outbound,1037.68,USD,CP0124,MX,p2p,failed,D0017
T002508,A0078,C0078,2025-12-13T10:00:00+00:00,outbound,1157.89,USD,CP0011,GB,ach,settled,D0029
T000520,A0015,C0015,2025-12-13T11:00:00+00:00,inbound,499.48,USD,CP0108,US,wire,settled,D0019
T001178,A0035,C0035,2025-12-13T13:00:00+00:00,outbound,660.65,USD,CP0101,CA,card,pending,D0030
T001725,A0052,C0052,2025-12-13T15:00:00+00:00,outbound,1599.24,USD,CP0006,GB,ach,settled,D0024
T002188,A0067,C0067,2025-12-13T16:00:00+00:00,outbound,1271.99,USD,CP0147,MX,wire,settled,D0031
T001869,A0056,C0056,2025-12-13T16:00:00+00:00,inbound,2705.91,USD,CP0016,US,card,settled,D0013
T002276,A0071,C0071,2025-12-13T16:00:00+00:00,inbound,865.07,USD,CP0010,US,card,reversed,D0035
T001777,A0054,C0054,2025-12-13T17:00:00+00:00,outbound,2610.06,USD,CP0016,MX,p2p,settled,D0001
T001563,A0046,C0046,2025-12-13T17:00:00+00:00,inbound,493.3,USD,CP0118,US,ach,settled,D0030
T003008,A0095,C0095,2025-12-13T18:00:00+00:00,inbound,610.71,USD,CP0013,PA,card,settled,D0039
T002354,A0074,C0074,2025-12-13T18:00:00+00:00,outbound,2260.06,USD,CP0039,MX,ach,settled,D0041
T000262,A0007,C0007,2025-12-13T19:00:00+00:00,outbound,486.23,GBP,CP0124,CA,ach,settled,D0005
T002634,A0083,C0083,2025-12-13T23:00:00+00:00,inbound,1455.5,USD,CP0026,US,ach,settled,D0041
T003001,A0095,C0095,2025-12-14T07:00:00+00:00,outbound,873.7,GBP,CP0118,MX,p2p,settled,D0044
T001281,A0038,C0038,2025-12-14T08:00:00+00:00,outbound,1632.76,USD,CP0121,US,ach,pending,D0048
T000076,A0002,C0002,2025-12-14T10:00:00+00:00,inbound,873.85,USD,CP0026,MX,card,settled,D0026
T000240,A0006,C0006,2025-12-14T12:00:00+00:00,inbound,653.11,USD,CP0143,US,card,settled,D0006
T002182,A0067,C0067,2025-12-14T14:00:00+00:00,outbound,2651.59,USD,CP0148,CA,ach,settled,D0054
T000265,A0007,C0007,2025-12-14T14:00:00+00:00,outbound,2254.01,USD,CP0097,US,p2p,settled,D0026
T000985,A0029,C0029,2025-12-14T15:00:00+00:00,inbound,319.44,USD,CP0003,PA,p2p,settled,D0052
T001203,A0036,C0036,2025-12-14T15:00:00+00:00,outbound,1178.53,USD,CP0021,BR,ach,settled,D0009
T000741,A0022,C0022,2025-12-14T16:00:00+00:00,outbound,523.76,USD,CP0066,GB,p2p,settled,D0019
T002432,A0076,C0076,2025-12-14T17:00:00+00:00,inbound,1218.43,USD,CP0117,BR,ach,pending,D0050
T000586,A0018,C0018,2025-12-14T18:00:00+00:00,inbound,659.0,USD,CP0137,US,ach,settled,D0002
T002699,A0086,C0086,2025-12-14T18:00:00+00:00,inbound,992.56,USD,CP0083,MX,card,settled,D0024
T002042,A0063,C0063,2025-12-14T18:00:00+00:00,inbound,2480.77,USD,CP-HIGH-RISK-HUB,GB,payout,settled,D0017
T003144,A0100,C0100,2025-12-14T19:00:00+00:00,inbound,787.23,CAD,CP0070,CA,ach,settled,D0014
T001367,A0041,C0041,2025-12-14T20:00:00+00:00,outbound,460.49,USD,CP0125,US,card,settled,D0028
T003459,A0110,C0110,2025-12-14T20:00:00+00:00,inbound,641.77,USD,CP0121,GB,wire,settled,D0051
T000510,A0014,C0014,2025-12-14T21:00:00+00:00,inbound,1160.06,CAD,CP0023,GB,p2p,settled,D0015
T002889,A0092,C0092,2025-12-14T21:00:00+00:00,outbound,1716.7,CAD,CP0090,GB,p2p,pending,D0013
T000784,A0023,C0023,2025-12-14T22:00:00+00:00,inbound,698.78,GBP,CP0117,US,card,settled,D0009
T003051,A0097,C0097,2025-12-14T22:00:00+00:00,outbound,1655.72,USD,CP0054,US,ach,settled,D0020
T003107,A0098,C0098,2025-12-14T22:00:00+00:00,outbound,2076.76,USD,CP0144,US,ach,settled,D0004
T000603,A0018,C0018,2025-12-14T23:00:00+00:00,outbound,1865.38,USD,CP0053,MX,card,settled,D0045
T003816,A0120,C0120,2025-12-15T00:00:00+00:00,inbound,2675.31,USD,CP0103,US,wire,settled,D0045
T001128,A0034,C0034,2025-12-15T03:00:00+00:00,inbound,748.03,USD,CP0110,PA,card,settled,D0009
T003065,A0097,C0097,2025-12-15T05:00:00+00:00,outbound,934.68,USD,CP0078,GB,card,settled,D0011
T000996,A0030,C0030,2025-12-15T07:00:00+00:00,outbound,469.87,USD,CP0021,US,ach,settled,D0008
T001155,A0035,C0035,2025-12-15T08:00:00+00:00,outbound,688.78,USD,CP0071,BR,card,settled,D0053
T001599,A0048,C0048,2025-12-15T08:00:00+00:00,inbound,740.72,USD,CP0072,CA,p2p,settled,D0046
T003634,A0114,C0114,2025-12-15T09:00:00+00:00,inbound,555.37,USD,CP0026,US,payout,settled,D0046
T003296,A0105,C0105,2025-12-15T09:00:00+00:00,outbound,1850.5,USD,CP0110,MX,ach,settled,D0039
T002911,A0092,C0092,2025-12-15T09:00:00+00:00,inbound,830.56,USD,CP0064,PA,wire,settled,D0033
T001906,A0058,C0058,2025-12-15T10:00:00+00:00,inbound,422.56,GBP,CP0030,GB,p2p,failed,D0008
T003652,A0115,C0115,2025-12-15T10:00:00+00:00,outbound,613.15,USD,CP0051,BR,p2p,settled,D0028
T002607,A0082,C0082,2025-12-15T10:00:00+00:00,inbound,989.02,USD,CP0016,PA,card,settled,D0015
T003366,A0108,C0108,2025-12-15T11:00:00+00:00,outbound,9267.41,USD,CP0044,US,wire,settled,D0012
T001519,A0045,C0045,2025-12-15T11:00:00+00:00,outbound,1305.93,USD,CP0061,US,card,settled,D0009
T002360,A0074,C0074,2025-12-15T12:00:00+00:00,outbound,9018.61,USD,CP0147,US,card,settled,D0030
T001634,A0048,C0048,2025-12-15T13:00:00+00:00,inbound,10505.61,USD,CP0034,US,wire,settled,D0003
T002599,A0082,C0082,2025-12-15T16:00:00+00:00,inbound,2062.79,CAD,CP0089,US,card,settled,D0006
T002673,A0085,C0085,2025-12-15T20:00:00+00:00,inbound,777.38,USD,CP0111,US,card,settled,D0044
T003021,A0095,C0095,2025-12-15T21:00:00+00:00,inbound,1393.87,USD,CP0110,BR,ach,settled,D0036
T003211,A0102,C0102,2025-12-15T21:00:00+00:00,outbound,181.63,USD,CP0075,US,p2p,settled,D0008
T002990,A0094,C0094,2025-12-15T22:00:00+00:00,outbound,420.35,CAD,CP0134,US,p2p,settled,D0001
T002465,A0076,C0076,2025-12-15T22:00:00+00:00,inbound,976.15,USD,CP0104,BR,wire,settled,D0043
T002514,A0078,C0078,2025-12-15T22:00:00+00:00,outbound,365.78,USD,CP0144,US,wire,settled,D0019
T002571,A0081,C0081,2025-12-15T22:00:00+00:00,outbound,4869.13,GBP,CP0078,US,payout,settled,D0027
T002761,A0089,C0089,2025-12-16T00:00:00+00:00,outbound,2105.64,USD,CP0140,US,card,settled,D0037
T001567,A0047,C0047,2025-12-16T01:00:00+00:00,outbound,306.88,CAD,CP0025,MX,card,settled,D0054
T003495,A0110,C0110,2025-12-16T02:00:00+00:00,outbound,1381.71,CAD,CP0129,US,p2p,settled,D0003
T001211,A0037,C0037,2025-12-16T04:00:00+00:00,outbound,890.86,USD,CP0091,US,card,settled,D0043
T001052,A0032,C0032,2025-12-16T05:00:00+00:00,outbound,201.25,USD,CP0080,US,card,settled,D0016
T003304,A0106,C0106,2025-12-16T05:00:00+00:00,inbound,749.48,USD,CP0126,US,card,settled,D0001
T001444,A0043,C0043,2025-12-16T05:00:00+00:00,inbound,2501.44,GBP,CP0143,US,card,settled,D0011
T002834,A0090,C0090,2025-12-16T06:00:00+00:00,outbound,919.1,USD,CP0102,BR,ach,settled,D0044
T003352,A0107,C0107,2025-12-16T06:00:00+00:00,inbound,952.27,GBP,CP0047,US,ach,settled,D0006
T000592,A0018,C0018,2025-12-16T08:00:00+00:00,outbound,1498.15,CAD,CP0015,MX,payout,failed,D0026
T003417,A0108,C0108,2025-12-16T08:00:00+00:00,inbound,1513.17,USD,CP0109,US,payout,settled,D0036
T002468,A0076,C0076,2025-12-16T11:00:00+00:00,inbound,885.27,GBP,CP0072,BR,p2p,settled,D0010
T000664,A0019,C0019,2025-12-16T13:00:00+00:00,inbound,1567.83,USD,CP0021,US,ach,settled,D0014
T000727,A0021,C0021,2025-12-16T15:00:00+00:00,inbound,902.61,USD,CP0069,US,p2p,settled,D0015
T003105,A0098,C0098,2025-12-16T16:00:00+00:00,inbound,1478.6,USD,CP0047,US,ach,settled,D0016
T000464,A0013,C0013,2025-12-16T16:00:00+00:00,inbound,1025.49,USD,CP0052,BR,ach,settled,D0027
T001677,A0050,C0050,2025-12-16T18:00:00+00:00,inbound,105.59,GBP,CP0046,US,card,failed,D0029
T000326,A0010,C0010,2025-12-16T19:00:00+00:00,outbound,721.24,USD,CP0111,CA,card,settled,D0038
T000322,A0010,C0010,2025-12-16T21:00:00+00:00,outbound,557.14,USD,CP0038,GB,ach,failed,D0052
T001598,A0048,C0048,2025-12-16T21:00:00+00:00,outbound,1224.36,USD,CP0110,US,ach,settled,D0050
T003033,A0096,C0096,2025-12-16T23:00:00+00:00,outbound,280.24,CAD,CP0098,US,card,settled,D0021
T001480,A0044,C0044,2025-12-17T00:00:00+00:00,inbound,1359.9,USD,CP0111,MX,wire,settled,D0003
T003032,A0096,C0096,2025-12-17T01:00:00+00:00,inbound,2180.47,USD,CP0007,GB,wire,settled,D0048
T003410,A0108,C0108,2025-12-17T02:00:00+00:00,inbound,777.76,CAD,CP0087,CA,payout,pending,D0013
T000535,A0015,C0015,2025-12-17T02:00:00+00:00,outbound,837.48,USD,CP0012,US,card,settled,D0009
T000580,A0017,C0017,2025-12-17T02:00:00+00:00,outbound,2006.83,USD,CP0105,PA,p2p,settled,D0035
T000088,A0002,C0002,2025-12-17T04:00:00+00:00,outbound,645.55,USD,CP0147,MX,ach,settled,D0025
T003763,A0118,C0118,2025-12-17T04:00:00+00:00,outbound,510.22,GBP,CP0142,CA,payout,settled,D0005
T000480,A0014,C0014,2025-12-17T04:00:00+00:00,inbound,1346.36,USD,CP0096,US,p2p,settled,D0038
T001195,A0036,C0036,2025-12-17T04:00:00+00:00,inbound,1062.18,USD,CP0060,US,card,settled,D0010
T001260,A0037,C0037,2025-12-17T05:00:00+00:00,inbound,973.91,USD,CP0030,CA,ach,settled,D0031
T003460,A0110,C0110,2025-12-17T09:00:00+00:00,outbound,1768.21,USD,CP0136,GB,card,settled,D0052
T001994,A0062,C0062,2025-12-17T10:00:00+00:00,inbound,153.36,USD,CP0019,US,card,settled,D0031
T002929,A0092,C0092,2025-12-17T10:00:00+00:00,inbound,7054.2,USD,CP0053,US,card,refund,D0008
T002286,A0072,C0072,2025-12-17T11:00:00+00:00,outbound,949.91,GBP,CP0017,US,card,settled,D0015
T003137,A0100,C0100,2025-12-17T11:00:00+00:00,inbound,1763.27,USD,CP0104,US,card,settled,D0023
T001926,A0059,C0059,2025-12-17T13:00:00+00:00,inbound,304.31,USD,CP0120,GB,card,failed,D0037
T001739,A0053,C0053,2025-12-17T13:00:00+00:00,inbound,1248.85,USD,CP0001,GB,p2p,settled,D0029
T002865,A0091,C0091,2025-12-17T13:00:00+00:00,outbound,1346.31,USD,CP0010,US,ach,pending,D0005
T001474,A0044,C0044,2025-12-17T15:00:00+00:00,outbound,1123.91,USD,CP0029,BR,card,reversed,D0014
T002038,A0063,C0063,2025-12-17T22:00:00+00:00,outbound,1058.14,CAD,CP0042,CA,wire,settled,D0036
T000276,A0007,C0007,2025-12-18T00:00:00+00:00,inbound,1400.03,GBP,CP0075,US,card,settled,D0034
T000730,A0021,C0021,2025-12-18T01:00:00+00:00,inbound,295.26,USD,CP0123,US,card,settled,D0030
T001207,A0037,C0037,2025-12-18T01:00:00+00:00,outbound,1293.11,USD,CP0013,US,ach,settled,D0001
T003764,A0118,C0118,2025-12-18T02:00:00+00:00,outbound,827.6,USD,CP0027,BR,ach,settled,D0010
T001630,A0048,C0048,2025-12-18T03:00:00+00:00,outbound,1411.63,USD,CP0082,PA,card,settled,D0027
T001909,A0058,C0058,2025-12-18T05:00:00+00:00,outbound,1159.5,USD,CP0005,US,wire,settled,D0031
T003445,A0109,C0109,2025-12-18T08:00:00+00:00,outbound,990.31,USD,CP0010,MX,payout,settled,D0041
T003070,A0097,C0097,2025-12-18T09:00:00+00:00,inbound,1124.77,USD,CP0057,US,p2p,settled,D0006
T000545,A0016,C0016,2025-12-18T12:00:00+00:00,inbound,2934.51,CAD,CP0023,US,card,settled,D0030
T001966,A0060,C0060,2025-12-18T12:00:00+00:00,outbound,1168.75,USD,CP0115,BR,ach,settled,D0044
T003546,A0112,C0112,2025-12-18T13:00:00+00:00,outbound,1609.03,USD,CP0056,CA,ach,failed,D0022
T000328,A0010,C0010,2025-12-18T13:00:00+00:00,inbound,846.3,USD,CP0139,US,p2p,settled,D0025
T002839,A0090,C0090,2025-12-18T14:00:00+00:00,inbound,1766.9,GBP,CP0054,US,p2p,pending,D0051
T002070,A0063,C0063,2025-12-18T20:00:00+00:00,outbound,1778.67,USD,CP0058,US,card,settled,D0035
T002340,A0073,C0073,2025-12-18T22:00:00+00:00,inbound,1206.61,USD,CP0095,MX,wire,settled,D0017
T000565,A0017,C0017,2025-12-18T23:00:00+00:00,inbound,529.2,USD,CP0122,US,ach,settled,D0005
T000045,A0001,C0001,2025-12-18T23:00:00+00:00,outbound,2120.23,USD,CP0010,GB,card,chargeback,D0001
T000456,A0013,C0013,2025-12-18T23:00:00+00:00,inbound,1756.35,USD,CP0044,US,wire,settled,D0023
T000770,A0022,C0022,2025-12-19T01:00:00+00:00,outbound,872.92,USD,CP0067,US,payout,settled,D0005
T001617,A0048,C0048,2025-12-19T01:00:00+00:00,inbound,565.55,USD,CP0143,US,payout,settled,D0036
T001454,A0044,C0044,2025-12-19T02:00:00+00:00,outbound,427.75,USD,CP0051,CA,ach,settled,D0039
T001481,A0044,C0044,2025-12-19T03:00:00+00:00,inbound,1309.59,GBP,CP0077,PA,p2p,settled,D0028
T002542,A0079,C0079,2025-12-19T04:00:00+00:00,inbound,248.02,CAD,CP0101,US,card,settled,D0038
T000161,A0004,C0004,2025-12-19T04:00:00+00:00,inbound,1024.98,USD,CP0140,US,wire,refund,D0016
T002187,A0067,C0067,2025-12-19T05:00:00+00:00,outbound,55.46,GBP,CP0044,US,p2p,settled,D0003
T002445,A0076,C0076,2025-12-19T07:00:00+00:00,outbound,1124.76,GBP,CP0072,MX,p2p,refund,D0043
T000363,A0011,C0011,2025-12-19T08:00:00+00:00,outbound,2321.88,USD,CP0024,MX,card,settled,D0042
T002244,A0070,C0070,2025-12-19T08:00:00+00:00,inbound,160.82,USD,CP0026,US,p2p,settled,D0021
T003155,A0100,C0100,2025-12-19T09:00:00+00:00,outbound,1830.48,USD,CP0071,CA,wire,settled,D0024
T000958,A0029,C0029,2025-12-19T10:00:00+00:00,outbound,1104.7,USD,CP0057,PA,card,settled,D0043
T002544,A0079,C0079,2025-12-19T13:00:00+00:00,outbound,1603.84,USD,CP0047,US,p2p,pending,D0020
T001738,A0053,C0053,2025-12-19T15:00:00+00:00,inbound,935.43,USD,CP0108,US,p2p,settled,D0051
T002177,A0067,C0067,2025-12-19T15:00:00+00:00,outbound,477.59,CAD,CP0018,MX,payout,settled,D0020
T002410,A0075,C0075,2025-12-19T17:00:00+00:00,outbound,2531.02,USD,CP0037,BR,card,settled,D0025
T002932,A0092,C0092,2025-12-19T17:00:00+00:00,inbound,3536.06,USD,CP0094,MX,ach,settled,D0036
T002510,A0078,C0078,2025-12-19T17:00:00+00:00,inbound,1808.74,USD,CP0026,US,ach,refund,D0033
T002794,A0090,C0090,2025-12-19T17:00:00+00:00,outbound,281.42,USD,CP0147,US,card,settled,D0042
T003019,A0095,C0095,2025-12-19T19:00:00+00:00,outbound,741.78,USD,CP0009,US,ach,failed,D0006
T002627,A0083,C0083,2025-12-19T20:00:00+00:00,outbound,1482.42,USD,CP0024,GB,card,settled,D0022
T000823,A0024,C0024,2025-12-19T22:00:00+00:00,outbound,679.85,USD,CP0102,GB,card,settled,D0002
T000325,A0010,C0010,2025-12-19T22:00:00+00:00,outbound,1962.7,USD,CP0027,BR,p2p,settled,D0030
T002105,A0065,C0065,2025-12-20T00:00:00+00:00,inbound,3313.23,USD,CP0118,BR,wire,reversed,D0046
T000667,A0019,C0019,2025-12-20T00:00:00+00:00,inbound,1360.72,USD,CP0139,US,ach,settled,D0010
T001965,A0060,C0060,2025-12-20T00:00:00+00:00,inbound,1230.89,USD,CP0040,US,card,settled,D0045
T001078,A0032,C0032,2025-12-20T00:00:00+00:00,inbound,512.04,USD,CP0139,US,ach,settled,D0009
T000564,A0017,C0017,2025-12-20T01:00:00+00:00,inbound,315.73,USD,CP0022,US,card,settled,D0026
T001133,A0034,C0034,2025-12-20T03:00:00+00:00,outbound,2854.79,USD,CP0143,US,card,settled,D0043
T000695,A0020,C0020,2025-12-20T04:00:00+00:00,outbound,1340.35,USD,CP0106,US,card,settled,D0025
T002135,A0065,C0065,2025-12-20T07:00:00+00:00,inbound,8370.85,USD,CP0005,BR,p2p,settled,D0046
T001413,A0042,C0042,2025-12-20T08:00:00+00:00,outbound,1183.21,USD,CP0078,MX,p2p,settled,D0012
T000767,A0022,C0022,2025-12-20T09:00:00+00:00,inbound,886.96,USD,CP0040,CA,card,settled,D0053
T001865,A0056,C0056,2025-12-20T10:00:00+00:00,outbound,236.64,USD,CP0073,US,payout,failed,D0024
T000407,A0012,C0012,2025-12-20T11:00:00+00:00,outbound,1751.62,USD,CP0084,US,card,settled,D0041
T002543,A0079,C0079,2025-12-20T15:00:00+00:00,outbound,786.32,USD,CP0121,CA,p2p,settled,D0008
T002524,A0078,C0078,2025-12-20T15:00:00+00:00,outbound,945.07,USD,CP0095,CA,ach,failed,D0013
T003720,A0117,C0117,2025-12-20T18:00:00+00:00,outbound,624.16,USD,CP0024,PA,p2p,settled,D0002
T003819,A0120,C0120,2025-12-20T18:00:00+00:00,inbound,875.65,USD,CP0015,CA,ach,failed,D0051
T003663,A0115,C0115,2025-12-20T19:00:00+00:00,inbound,1211.31,USD,CP0011,US,wire,settled,D0047
T002392,A0074,C0074,2025-12-20T23:00:00+00:00,inbound,231.18,GBP,CP0006,US,card,settled,D0025
T000892,A0027,C0027,2025-12-20T23:00:00+00:00,outbound,10824.41,USD,CP0094,MX,payout,settled,D0038
T000389,A0011,C0011,2025-12-20T23:00:00+00:00,inbound,9616.09,USD,CP0008,US,card,settled,D0007
T000886,A0027,C0027,2025-12-21T03:00:00+00:00,inbound,2413.71,USD,CP0052,PA,ach,failed,D0041
T001298,A0039,C0039,2025-12-21T04:00:00+00:00,inbound,2515.59,USD,CP0042,CA,card,settled,D0008
T001180,A0035,C0035,2025-12-21T05:00:00+00:00,outbound,1680.76,USD,CP0117,US,ach,settled,D0051
T001212,A0037,C0037,2025-12-21T06:00:00+00:00,outbound,1425.66,USD,CP0025,US,p2p,settled,D0032
T001352,A0041,C0041,2025-12-21T06:00:00+00:00,inbound,9626.06,CAD,CP0065,US,payout,settled,D0010
T001132,A0034,C0034,2025-12-21T07:00:00+00:00,inbound,511.94,USD,CP0062,US,p2p,settled,D0025
T003679,A0116,C0116,2025-12-21T08:00:00+00:00,inbound,1426.44,USD,CP0096,US,card,settled,D0013
T002556,A0080,C0080,2025-12-21T10:00:00+00:00,inbound,871.7,USD,CP0137,PA,wire,settled,D0009
T003733,A0118,C0118,2025-12-21T11:00:00+00:00,inbound,979.97,USD,CP0138,US,payout,settled,D0038
T002595,A0082,C0082,2025-12-21T11:00:00+00:00,outbound,409.21,USD,CP0053,US,card,settled,D0015
T003574,A0112,C0112,2025-12-21T13:00:00+00:00,inbound,844.22,USD,CP0047,GB,card,settled,D0007
T001315,A0040,C0040,2025-12-21T14:00:00+00:00,outbound,2963.74,USD,CP0102,US,p2p,settled,D0053
T003083,A0098,C0098,2025-12-21T15:00:00+00:00,inbound,740.48,USD,CP0126,CA,payout,settled,D0002
T001320,A0040,C0040,2025-12-21T16:00:00+00:00,inbound,776.08,USD,CP0052,CA,card,settled,D0042
T003330,A0106,C0106,2025-12-21T16:00:00+00:00,outbound,581.36,USD,CP0113,CA,ach,settled,D0041
T001057,A0032,C0032,2025-12-21T16:00:00+00:00,outbound,2393.81,USD,CP0129,US,wire,settled,D0024
T000497,A0014,C0014,2025-12-21T17:00:00+00:00,inbound,1581.99,USD,CP0138,US,ach,pending,D0036
T002709,A0087,C0087,2025-12-21T19:00:00+00:00,outbound,793.46,USD,CP0126,CA,card,settled,D0050
T003752,A0118,C0118,2025-12-21T22:00:00+00:00,inbound,1972.29,USD,CP0004,US,ach,pending,D0002
T003421,A0109,C0109,2025-12-21T22:00:00+00:00,inbound,685.98,CAD,CP0100,MX,ach,refund,D0017
T000593,A0018,C0018,2025-12-22T00:00:00+00:00,outbound,1105.78,USD,CP0055,BR,card,pending,D0015
T002991,A0094,C0094,2025-12-22T01:00:00+00:00,outbound,1116.09,USD,CP0069,US,wire,settled,D0030
T000941,A0028,C0028,2025-12-22T01:00:00+00:00,outbound,452.74,USD,CP0081,MX,card,pending,D0022
T002963,A0093,C0093,2025-12-22T02:00:00+00:00,outbound,1646.24,CAD,CP0034,US,p2p,settled,D0008
T003260,A0104,C0104,2025-12-22T04:00:00+00:00,inbound,2842.92,USD,CP0105,US,card,settled,D0027
T000039,A0001,C0001,2025-12-22T04:00:00+00:00,inbound,907.84,USD,CP0059,MX,ach,reversed,D0046
T000215,A0005,C0005,2025-12-22T04:00:00+00:00,inbound,6365.06,USD,CP0133,MX,wire,settled,D0025
T003028,A0096,C0096,2025-12-22T05:00:00+00:00,outbound,647.45,USD,CP0139,US,p2p,settled,D0037
T003228,A0103,C0103,2025-12-22T05:00:00+00:00,outbound,1145.2,USD,CP0113,US,ach,settled,D0052
T000822,A0024,C0024,2025-12-22T08:00:00+00:00,outbound,3523.16,USD,CP0137,MX,wire,reversed,D0025
T002368,A0074,C0074,2025-12-22T08:00:00+00:00,outbound,1017.46,USD,CP0138,CA,p2p,settled,D0044
T002690,A0086,C0086,2025-12-22T09:00:00+00:00,inbound,662.53,USD,CP0083,PA,p2p,settled,D0041
T000048,A0001,C0001,2025-12-22T09:00:00+00:00,outbound,3286.93,USD,CP0030,BR,card,settled,D0006
T002667,A0085,C0085,2025-12-22T10:00:00+00:00,inbound,1098.02,GBP,CP0114,MX,card,settled,D0008
T002046,A0063,C0063,2025-12-22T11:00:00+00:00,inbound,703.54,USD,CP0058,GB,card,settled,D0016
T002859,A0091,C0091,2025-12-22T12:00:00+00:00,inbound,357.12,CAD,CP0127,MX,card,settled,D0037
T001686,A0051,C0051,2025-12-22T13:00:00+00:00,inbound,614.95,CAD,CP0057,US,p2p,settled,D0020
T003699,A0117,C0117,2025-12-22T14:00:00+00:00,outbound,1380.86,USD,CP0140,US,payout,settled,D0036
T002619,A0083,C0083,2025-12-22T14:00:00+00:00,outbound,1354.58,USD,CP0137,MX,p2p,settled,D0031
T003644,A0115,C0115,2025-12-22T14:00:00+00:00,inbound,345.04,USD,CP0053,US,card,settled,D0054
T000002,A0001,C0001,2025-12-22T15:00:00+00:00,inbound,2577.61,USD,CP0044,US,card,settled,D0016
T002272,A0071,C0071,2025-12-22T16:00:00+00:00,inbound,712.37,USD,CP0081,PA,ach,settled,D0027
T001998,A0062,C0062,2025-12-22T16:00:00+00:00,inbound,264.63,USD,CP0124,US,p2p,settled,D0015
T001189,A0036,C0036,2025-12-22T17:00:00+00:00,outbound,816.86,USD,CP0134,CA,p2p,pending,D0044
T002238,A0070,C0070,2025-12-22T18:00:00+00:00,inbound,2485.09,USD,CP0119,GB,p2p,settled,D0014
T001692,A0051,C0051,2025-12-22T18:00:00+00:00,inbound,761.43,USD,CP0100,MX,p2p,chargeback,D0026
T000484,A0014,C0014,2025-12-22T20:00:00+00:00,inbound,3373.43,USD,CP0137,US,card,settled,D0053
T002007,A0062,C0062,2025-12-22T21:00:00+00:00,outbound,5172.5,USD,CP0124,PA,p2p,settled,D0034
T001417,A0042,C0042,2025-12-22T22:00:00+00:00,outbound,538.12,USD,CP0047,US,p2p,settled,D0050
T000307,A0009,C0009,2025-12-23T02:00:00+00:00,outbound,903.3,USD,CP0127,US,wire,settled,D0039
T003791,A0119,C0119,2025-12-23T02:00:00+00:00,inbound,1151.91,GBP,CP0105,US,wire,refund,D0012
T003188,A0101,C0101,2025-12-23T02:00:00+00:00,inbound,718.24,USD,CP0061,GB,p2p,settled,D0042
T001796,A0054,C0054,2025-12-23T03:00:00+00:00,outbound,61.79,USD,CP0146,GB,p2p,settled,D0003
T000481,A0014,C0014,2025-12-23T03:00:00+00:00,inbound,2133.15,USD,CP0101,US,payout,settled,D0006
T000887,A0027,C0027,2025-12-23T05:00:00+00:00,inbound,97.63,CAD,CP0061,GB,ach,settled,D0012
T001923,A0058,C0058,2025-12-23T06:00:00+00:00,inbound,498.04,USD,CP0120,US,p2p,settled,D0036
T002844,A0091,C0091,2025-12-23T06:00:00+00:00,outbound,361.59,USD,CP0149,GB,p2p,settled,D0011
T001564,A0046,C0046,2025-12-23T07:00:00+00:00,inbound,474.65,USD,CP0146,US,card,settled,D0050
T001484,A0044,C0044,2025-12-23T07:00:00+00:00,outbound,740.2,USD,CP0021,US,payout,chargeback,D0016
T000874,A0027,C0027,2025-12-23T07:00:00+00:00,inbound,387.84,USD,CP0084,US,card,settled,D0039
T003238,A0103,C0103,2025-12-23T10:00:00+00:00,inbound,784.89,CAD,CP0135,GB,card,settled,D0039
T001113,A0034,C0034,2025-12-23T12:00:00+00:00,outbound,1061.08,USD,CP0079,US,ach,settled,D0021
T001612,A0048,C0048,2025-12-23T12:00:00+00:00,inbound,2005.45,USD,CP0146,BR,ach,settled,D0016
T001004,A0030,C0030,2025-12-23T12:00:00+00:00,outbound,623.86,USD,CP0064,MX,card,pending,D0019
T003126,A0099,C0099,2025-12-23T14:00:00+00:00,outbound,1556.72,USD,CP0036,US,card,settled,D0045
T000748,A0022,C0022,2025-12-23T14:00:00+00:00,inbound,1096.65,USD,CP0115,US,wire,reversed,D0052
T003005,A0095,C0095,2025-12-23T15:00:00+00:00,outbound,5090.55,USD,CP0126,MX,card,settled,D0037
T000485,A0014,C0014,2025-12-23T15:00:00+00:00,outbound,1084.68,USD,CP0079,US,p2p,settled,D0020
T002470,A0077,C0077,2025-12-23T18:00:00+00:00,outbound,1005.11,USD,CP0030,US,wire,settled,D0019
T000997,A0030,C0030,2025-12-23T19:00:00+00:00,outbound,1591.38,USD,CP0023,US,p2p,settled,D0008
T000225,A0006,C0006,2025-12-23T23:00:00+00:00,inbound,1231.72,USD,CP0041,MX,p2p,pending,D0045
T002910,A0092,C0092,2025-12-24T00:00:00+00:00,inbound,936.05,CAD,CP0138,US,card,settled,D0014
T002966,A0093,C0093,2025-12-24T00:00:00+00:00,outbound,33.87,USD,CP0118,US,ach,settled,D0021
T000362,A0011,C0011,2025-12-24T03:00:00+00:00,inbound,9684.13,USD,CP0087,CA,wire,settled,D0030
T000270,A0007,C0007,2025-12-24T03:00:00+00:00,outbound,1442.01,CAD,CP0018,CA,card,settled,D0016
T003466,A0110,C0110,2025-12-24T04:00:00+00:00,outbound,1541.97,USD,CP0147,BR,p2p,settled,D0034
T002338,A0073,C0073,2025-12-24T05:00:00+00:00,outbound,301.5,USD,CP0007,US,p2p,settled,D0042
T000899,A0027,C0027,2025-12-24T06:00:00+00:00,inbound,11043.64,GBP,CP0010,GB,wire,settled,D0037
T001749,A0053,C0053,2025-12-24T07:00:00+00:00,inbound,876.43,GBP,CP0009,GB,p2p,settled,D0042
T001658,A0049,C0049,2025-12-24T08:00:00+00:00,outbound,602.72,USD,CP0021,PA,card,settled,D0033
T002441,A0076,C0076,2025-12-24T09:00:00+00:00,inbound,1568.48,USD,CP0092,US,p2p,settled,D0054
T001408,A0042,C0042,2025-12-24T09:00:00+00:00,inbound,1270.29,USD,CP0121,US,wire,settled,D0022
T002341,A0073,C0073,2025-12-24T09:00:00+00:00,outbound,1522.8,USD,CP0121,MX,p2p,settled,D0016
T001521,A0045,C0045,2025-12-24T10:00:00+00:00,inbound,7611.08,CAD,CP0045,US,payout,settled,D0005
T000961,A0029,C0029,2025-12-24T11:00:00+00:00,inbound,1732.0,USD,CP0089,GB,card,settled,D0054
T000364,A0011,C0011,2025-12-24T11:00:00+00:00,outbound,573.9,USD,CP0056,US,card,settled,D0013
T001588,A0048,C0048,2025-12-24T12:00:00+00:00,inbound,424.12,USD,CP0058,US,ach,settled,D0030
T000387,A0011,C0011,2025-12-24T13:00:00+00:00,outbound,1552.22,USD,CP0021,CA,card,reversed,D0041
T002395,A0074,C0074,2025-12-24T13:00:00+00:00,outbound,1376.85,USD,CP0057,US,ach,settled,D0022
T001721,A0052,C0052,2025-12-24T14:00:00+00:00,inbound,2114.96,USD,CP0084,US,p2p,failed,D0014
T003681,A0116,C0116,2025-12-24T15:00:00+00:00,outbound,748.23,USD,CP0141,US,ach,failed,D0010
T003392,A0108,C0108,2025-12-24T15:00:00+00:00,outbound,1005.49,USD,CP0139,US,card,chargeback,D0010
T002803,A0090,C0090,2025-12-24T16:00:00+00:00,outbound,759.98,USD,CP-HIGH-RISK-HUB,MX,card,settled,D0001
T002576,A0081,C0081,2025-12-24T16:00:00+00:00,inbound,2091.69,USD,CP0022,BR,card,settled,D0019
T003078,A0098,C0098,2025-12-24T17:00:00+00:00,inbound,1753.08,USD,CP0063,BR,p2p,settled,D0034
T000175,A0005,C0005,2025-12-24T18:00:00+00:00,inbound,8041.08,USD,CP0122,MX,p2p,settled,D0005
T000046,A0001,C0001,2025-12-24T19:00:00+00:00,outbound,2861.98,USD,CP0123,US,wire,pending,D0042
T003719,A0117,C0117,2025-12-24T20:00:00+00:00,outbound,1230.13,USD,CP0005,MX,payout,settled,D0052
T000203,A0005,C0005,2025-12-24T21:00:00+00:00,inbound,597.07,GBP,CP0037,US,p2p,settled,D0036
T000145,A0004,C0004,2025-12-24T21:00:00+00:00,outbound,1568.18,USD,CP0031,US,card,reversed,D0014
T000863,A0026,C0026,2025-12-24T23:00:00+00:00,inbound,1925.77,USD,CP0129,PA,card,settled,D0001
T002090,A0064,C0064,2025-12-24T23:00:00+00:00,outbound,2334.68,GBP,CP0135,US,ach,settled,D0041
T001144,A0034,C0034,2025-12-24T23:00:00+00:00,outbound,515.54,USD,CP0067,CA,ach,settled,D0022
T001418,A0042,C0042,2025-12-25T01:00:00+00:00,outbound,450.46,USD,CP0122,MX,card,settled,D0046
T002584,A0081,C0081,2025-12-25T02:00:00+00:00,inbound,186.18,USD,CP0030,US,card,settled,D0044
T003601,A0113,C0113,2025-12-25T03:00:00+00:00,outbound,356.92,USD,CP0005,US,card,settled,D0042
T002059,A0063,C0063,2025-12-25T05:00:00+00:00,outbound,1044.43,GBP,CP0041,CA,payout,settled,D0038
T001143,A0034,C0034,2025-12-25T05:00:00+00:00,outbound,2248.76,USD,CP0133,US,card,settled,D0006
T001832,A0056,C0056,2025-12-25T07:00:00+00:00,inbound,1425.99,USD,CP0096,CA,payout,settled,D0032
T001649,A0049,C0049,2025-12-25T11:00:00+00:00,inbound,2259.14,USD,CP0092,GB,p2p,failed,D0036
T000310,A0009,C0009,2025-12-25T13:00:00+00:00,inbound,2258.57,USD,CP0059,CA,wire,settled,D0027
T002878,A0092,C0092,2025-12-25T15:00:00+00:00,inbound,1581.54,USD,CP0148,US,card,settled,D0038
T002729,A0088,C0088,2025-12-25T15:00:00+00:00,inbound,582.6,USD,CP0005,US,card,settled,D0006
T001565,A0046,C0046,2025-12-25T16:00:00+00:00,inbound,915.04,USD,CP0043,US,wire,settled,D0031
T002638,A0084,C0084,2025-12-25T16:00:00+00:00,outbound,180.84,USD,CP0072,US,p2p,settled,D0054
T003774,A0119,C0119,2025-12-25T17:00:00+00:00,inbound,530.54,USD,CP0043,US,ach,settled,D0002
T002515,A0078,C0078,2025-12-25T19:00:00+00:00,outbound,524.8,USD,CP0093,US,p2p,settled,D0051
T002408,A0075,C0075,2025-12-25T19:00:00+00:00,inbound,1890.38,USD,CP0068,MX,wire,settled,D0010
T001472,A0044,C0044,2025-12-25T20:00:00+00:00,inbound,600.95,USD,CP0103,GB,p2p,settled,D0026
T002629,A0083,C0083,2025-12-25T21:00:00+00:00,outbound,1263.35,CAD,CP0105,MX,card,settled,D0033
T001942,A0059,C0059,2025-12-25T22:00:00+00:00,outbound,1720.24,USD,CP0082,US,card,settled,D0036
T003528,A0111,C0111,2025-12-25T23:00:00+00:00,inbound,823.13,USD,CP0017,US,payout,settled,D0037
T001973,A0060,C0060,2025-12-26T00:00:00+00:00,outbound,1924.99,USD,CP0091,US,card,settled,D0032
T002574,A0081,C0081,2025-12-26T00:00:00+00:00,outbound,1016.3,USD,CP0060,US,ach,reversed,D0016
T002845,A0091,C0091,2025-12-26T00:00:00+00:00,inbound,2408.45,USD,CP0040,BR,card,settled,D0037
T000830,A0025,C0025,2025-12-26T00:00:00+00:00,inbound,1087.5,USD,CP0081,PA,card,settled,D0012
T002831,A0090,C0090,2025-12-26T01:00:00+00:00,inbound,2382.87,USD,CP0071,PA,p2p,failed,D0012
T001841,A0056,C0056,2025-12-26T02:00:00+00:00,outbound,1545.44,USD,CP0117,US,card,settled,D0026
T002264,A0071,C0071,2025-12-26T03:00:00+00:00,inbound,1283.31,CAD,CP0069,US,card,refund,D0021
T002984,A0094,C0094,2025-12-26T04:00:00+00:00,inbound,1066.43,CAD,CP0102,MX,card,settled,D0053
T003723,A0117,C0117,2025-12-26T05:00:00+00:00,inbound,598.08,GBP,CP0031,BR,ach,settled,D0027
T003625,A0114,C0114,2025-12-26T05:00:00+00:00,outbound,406.48,CAD,CP0021,US,card,settled,D0006
T002569,A0080,C0080,2025-12-26T06:00:00+00:00,inbound,643.68,USD,CP0016,BR,ach,refund,D0020
T000552,A0016,C0016,2025-12-26T06:00:00+00:00,outbound,536.11,USD,CP0084,US,card,pending,D0023
T000246,A0006,C0006,2025-12-26T06:00:00+00:00,inbound,291.39,USD,CP0012,US,ach,failed,D0014
T000050,A0001,C0001,2025-12-26T09:00:00+00:00,outbound,4350.0,USD,CP0019,US,ach,settled,D0032
T001357,A0041,C0041,2025-12-26T11:00:00+00:00,inbound,1825.51,USD,CP0144,GB,p2p,settled,D0036
T002606,A0082,C0082,2025-12-26T11:00:00+00:00,inbound,1332.67,GBP,CP0049,MX,card,settled,D0019
T000979,A0029,C0029,2025-12-26T13:00:00+00:00,inbound,162.13,USD,CP0031,US,ach,refund,D0016
T002002,A0062,C0062,2025-12-26T13:00:00+00:00,inbound,469.33,USD,CP0031,BR,card,settled,D0053
T003657,A0115,C0115,2025-12-26T17:00:00+00:00,outbound,2234.65,USD,CP0020,CA,card,settled,D0031
T003293,A0105,C0105,2025-12-26T20:00:00+00:00,outbound,1997.34,USD,CP0006,US,wire,settled,D0051
T003391,A0108,C0108,2025-12-26T20:00:00+00:00,inbound,809.11,USD,CP0108,US,ach,settled,D0040
T003344,A0107,C0107,2025-12-26T21:00:00+00:00,inbound,813.58,USD,CP0085,US,ach,settled,D0007
T001859,A0056,C0056,2025-12-26T22:00:00+00:00,inbound,665.03,USD,CP0062,BR,p2p,settled,D0036
T001560,A0046,C0046,2025-12-26T22:00:00+00:00,inbound,1935.69,USD,CP0141,MX,card,settled,D0042
T003009,A0095,C0095,2025-12-27T00:00:00+00:00,outbound,641.93,USD,CP0119,MX,ach,settled,D0032
T002842,A0090,C0090,2025-12-27T01:00:00+00:00,inbound,1183.2,USD,CP0026,CA,p2p,pending,D0036
T001862,A0056,C0056,2025-12-27T02:00:00+00:00,inbound,5406.85,USD,CP0032,PA,card,chargeback,D0034
T002095,A0064,C0064,2025-12-27T04:00:00+00:00,outbound,1210.78,USD,CP0071,PA,wire,settled,D0021
T001200,A0036,C0036,2025-12-27T04:00:00+00:00,inbound,751.41,CAD,CP0079,MX,ach,refund,D0013
T002098,A0064,C0064,2025-12-27T12:00:00+00:00,outbound,893.4,USD,CP0091,CA,p2p,settled,D0022
T000738,A0021,C0021,2025-12-27T12:00:00+00:00,inbound,2381.21,GBP,CP0117,US,card,settled,D0038
T002165,A0066,C0066,2025-12-27T16:00:00+00:00,outbound,388.07,USD,CP0060,GB,wire,settled,D0028
T001898,A0058,C0058,2025-12-27T16:00:00+00:00,inbound,914.53,CAD,CP0139,US,card,settled,D0051
T000800,A0023,C0023,2025-12-27T21:00:00+00:00,inbound,379.9,USD,CP0147,US,card,settled,D0023
T003355,A0107,C0107,2025-12-28T01:00:00+00:00,inbound,1385.35,USD,CP0109,US,card,settled,D0017
T000500,A0014,C0014,2025-12-28T01:00:00+00:00,outbound,1083.41,USD,CP0026,MX,ach,settled,D0022
T002747,A0088,C0088,2025-12-28T01:00:00+00:00,outbound,398.03,USD,CP0082,MX,ach,pending,D0048
T003059,A0097,C0097,2025-12-28T01:00:00+00:00,inbound,2008.38,CAD,CP0012,GB,wire,failed,D0005
T003380,A0108,C0108,2025-12-28T04:00:00+00:00,outbound,1074.81,USD,CP0112,GB,card,settled,D0005
T000696,A0020,C0020,2025-12-28T04:00:00+00:00,outbound,80.88,USD,CP0081,PA,p2p,settled,D0009
T001885,A0057,C0057,2025-12-28T05:00:00+00:00,outbound,668.85,USD,CP0111,CA,ach,settled,D0033
T003194,A0102,C0102,2025-12-28T05:00:00+00:00,inbound,751.74,USD,CP0051,CA,card,settled,D0041
T002612,A0082,C0082,2025-12-28T05:00:00+00:00,outbound,2210.3,USD,CP0119,PA,p2p,settled,D0040
T002613,A0082,C0082,2025-12-28T05:00:00+00:00,inbound,184.73,USD,CP0020,BR,p2p,settled,D0052
T002260,A0071,C0071,2025-12-28T05:00:00+00:00,outbound,1295.5,USD,CP0073,PA,p2p,settled,D0036
T001944,A0059,C0059,2025-12-28T07:00:00+00:00,inbound,494.37,GBP,CP0149,US,ach,reversed,D0052
T001907,A0058,C0058,2025-12-28T07:00:00+00:00,outbound,1582.84,USD,CP0113,US,card,settled,D0029
T002034,A0063,C0063,2025-12-28T08:00:00+00:00,outbound,1555.1,USD,CP0042,US,p2p,settled,D0036
T001913,A0058,C0058,2025-12-28T12:00:00+00:00,outbound,2475.44,USD,CP0081,MX,p2p,refund,D0013
T000174,A0005,C0005,2025-12-28T14:00:00+00:00,outbound,446.73,USD,CP0011,GB,ach,settled,D0027
T000617,A0019,C0019,2025-12-28T14:00:00+00:00,inbound,860.49,USD,CP0091,BR,card,settled,D0003
T003537,A0111,C0111,2025-12-28T15:00:00+00:00,inbound,1031.53,USD,CP0064,CA,card,settled,D0008
T001504,A0045,C0045,2025-12-28T16:00:00+00:00,outbound,441.19,USD,CP0042,US,p2p,settled,D0014
T000765,A0022,C0022,2025-12-28T16:00:00+00:00,inbound,207.72,CAD,CP0058,GB,payout,settled,D0041
T001237,A0037,C0037,2025-12-28T17:00:00+00:00,outbound,335.29,USD,CP0109,PA,card,failed,D0032
T000022,A0001,C0001,2025-12-28T19:00:00+00:00,outbound,88.99,USD,CP0060,US,card,settled,D0044
T001467,A0044,C0044,2025-12-28T19:00:00+00:00,outbound,449.31,USD,CP0061,US,wire,settled,D0003
T001439,A0043,C0043,2025-12-28T21:00:00+00:00,inbound,826.07,USD,CP0069,BR,ach,settled,D0009
T003753,A0118,C0118,2025-12-28T22:00:00+00:00,inbound,2519.44,USD,CP0049,CA,card,settled,D0017
T002357,A0074,C0074,2025-12-28T22:00:00+00:00,inbound,1634.32,USD,CP0029,US,ach,settled,D0053
T003744,A0118,C0118,2025-12-28T23:00:00+00:00,inbound,1132.52,USD,CP0149,US,p2p,settled,D0047
T001102,A0033,C0033,2025-12-29T00:00:00+00:00,outbound,1221.71,CAD,CP0067,CA,wire,settled,D0009
T002268,A0071,C0071,2025-12-29T02:00:00+00:00,outbound,981.61,CAD,CP0098,US,ach,settled,D0010
T000989,A0029,C0029,2025-12-29T04:00:00+00:00,outbound,1409.21,CAD,CP0023,GB,card,refund,D0052
T000692,A0020,C0020,2025-12-29T05:00:00+00:00,inbound,1056.89,USD,CP0030,MX,p2p,failed,D0001
T001316,A0040,C0040,2025-12-29T05:00:00+00:00,inbound,1109.84,USD,CP0030,CA,card,reversed,D0031
T000573,A0017,C0017,2025-12-29T08:00:00+00:00,inbound,818.01,USD,CP0108,BR,card,settled,D0047
T001831,A0056,C0056,2025-12-29T08:00:00+00:00,outbound,10336.68,USD,CP0147,GB,ach,reversed,D0014
T000725,A0021,C0021,2025-12-29T09:00:00+00:00,inbound,1902.99,USD,CP0055,US,card,settled,D0017
T002144,A0065,C0065,2025-12-29T10:00:00+00:00,outbound,9091.94,USD,CP0102,US,payout,settled,D0002
T000146,A0004,C0004,2025-12-29T10:00:00+00:00,outbound,2716.03,USD,CP0137,US,ach,settled,D0027
T000053,A0001,C0001,2025-12-29T11:00:00+00:00,outbound,8492.98,CAD,CP0092,MX,ach,settled,D0039
T003086,A0098,C0098,2025-12-29T11:00:00+00:00,inbound,611.02,USD,CP0136,US,ach,settled,D0049
T002414,A0075,C0075,2025-12-29T12:00:00+00:00,inbound,372.81,USD,CP0056,US,ach,reversed,D0041
T002136,A0065,C0065,2025-12-29T12:00:00+00:00,outbound,9731.75,USD,CP0149,CA,ach,settled,D0025
T003142,A0100,C0100,2025-12-29T13:00:00+00:00,inbound,1233.09,USD,CP0111,US,ach,settled,D0014
T001506,A0045,C0045,2025-12-29T13:00:00+00:00,outbound,10347.08,USD,CP0133,GB,ach,settled,D0010
T002110,A0065,C0065,2025-12-29T14:00:00+00:00,inbound,3267.4,USD,CP0089,BR,card,settled,D0040
T000578,A0017,C0017,2025-12-29T14:00:00+00:00,outbound,1480.89,USD,CP0137,US,ach,settled,D0023
T002434,A0076,C0076,2025-12-29T16:00:00+00:00,inbound,3611.29,USD,CP0086,US,ach,settled,D0019
T001875,A0056,C0056,2025-12-29T19:00:00+00:00,outbound,2830.41,USD,CP0029,PA,payout,settled,D0040
T000132,A0004,C0004,2025-12-29T21:00:00+00:00,outbound,477.33,USD,CP0013,PA,p2p,settled,D0011
T003081,A0098,C0098,2025-12-29T21:00:00+00:00,outbound,251.63,USD,CP0032,CA,ach,settled,D0010
T000313,A0009,C0009,2025-12-29T22:00:00+00:00,inbound,1825.0,USD,CP0028,US,p2p,settled,D0041
T002355,A0074,C0074,2025-12-29T23:00:00+00:00,inbound,802.39,USD,CP0029,US,card,settled,D0043
T003745,A0118,C0118,2025-12-30T00:00:00+00:00,inbound,1704.15,USD,CP0116,PA,p2p,settled,D0020
T003132,A0099,C0099,2025-12-30T00:00:00+00:00,outbound,1625.91,USD,CP0046,GB,p2p,settled,D0036
T003136,A0100,C0100,2025-12-30T00:00:00+00:00,outbound,3506.3,USD,CP0027,BR,card,settled,D0006
T000810,A0024,C0024,2025-12-30T01:00:00+00:00,outbound,601.3,USD,CP0045,CA,payout,settled,D0049
T000629,A0019,C0019,2025-12-30T02:00:00+00:00,outbound,9180.59,USD,CP0019,PA,ach,settled,D0042
T000282,A0008,C0008,2025-12-30T03:00:00+00:00,inbound,1674.25,USD,CP0101,US,payout,failed,D0048
T000668,A0019,C0019,2025-12-30T04:00:00+00:00,inbound,1643.72,USD,CP0097,US,payout,reversed,D0032
T001936,A0059,C0059,2025-12-30T06:00:00+00:00,outbound,1623.31,USD,CP0024,BR,p2p,settled,D0017
T001899,A0058,C0058,2025-12-30T06:00:00+00:00,outbound,418.47,USD,CP0048,BR,card,settled,D0017
T000553,A0016,C0016,2025-12-30T08:00:00+00:00,outbound,1029.45,USD,CP0027,US,card,settled,D0019
T000967,A0029,C0029,2025-12-30T08:00:00+00:00,outbound,1128.88,USD,CP0082,MX,wire,reversed,D0006
T001703,A0051,C0051,2025-12-30T09:00:00+00:00,inbound,1124.75,USD,CP0044,US,card,settled,D0022
T000947,A0028,C0028,2025-12-30T09:00:00+00:00,outbound,463.94,USD,CP0065,US,card,settled,D0044
T003285,A0105,C0105,2025-12-30T09:00:00+00:00,inbound,2570.17,USD,CP0075,MX,wire,settled,D0039
T002552,A0080,C0080,2025-12-30T10:00:00+00:00,outbound,1248.77,GBP,CP0101,BR,card,settled,D0005
T000397,A0012,C0012,2025-12-30T10:00:00+00:00,inbound,1805.38,USD,CP0012,US,wire,failed,D0019
T002043,A0063,C0063,2025-12-30T11:00:00+00:00,inbound,1197.81,USD,CP0100,GB,card,settled,D0036
T001301,A0039,C0039,2025-12-30T12:00:00+00:00,outbound,2792.53,GBP,CP0095,US,card,reversed,D0024
T003498,A0110,C0110,2025-12-30T14:00:00+00:00,outbound,4760.07,USD,CP0121,GB,ach,pending,D0010
T003814,A0120,C0120,2025-12-30T15:00:00+00:00,inbound,504.41,USD,CP0139,US,p2p,failed,D0015
T003388,A0108,C0108,2025-12-30T17:00:00+00:00,outbound,1553.82,USD,CP0064,US,payout,settled,D0047
T001577,A0047,C0047,2025-12-30T20:00:00+00:00,outbound,484.56,USD,CP0047,US,payout,settled,D0025
T003782,A0119,C0119,2025-12-30T22:00:00+00:00,outbound,715.54,USD,CP0030,US,card,settled,D0038
T003384,A0108,C0108,2025-12-30T23:00:00+00:00,outbound,9208.89,USD,CP0047,GB,wire,settled,D0042
T000540,A0016,C0016,2025-12-31T01:00:00+00:00,inbound,714.03,CAD,CP0092,MX,p2p,settled,D0036
T000927,A0027,C0027,2025-12-31T02:00:00+00:00,outbound,533.89,USD,CP0040,PA,ach,failed,D0046
T000780,A0023,C0023,2025-12-31T02:00:00+00:00,inbound,774.41,USD,CP0139,GB,p2p,settled,D0054
T000443,A0013,C0013,2025-12-31T02:00:00+00:00,outbound,491.33,USD,CP0065,US,ach,settled,D0043
T001225,A0037,C0037,2025-12-31T03:00:00+00:00,outbound,1018.08,USD,CP0075,US,payout,failed,D0020
T000384,A0011,C0011,2025-12-31T04:00:00+00:00,inbound,1385.84,USD,CP0132,MX,card,settled,D0008
T002275,A0071,C0071,2025-12-31T08:00:00+00:00,inbound,2009.7,GBP,CP0120,US,ach,settled,D0005
T000940,A0028,C0028,2025-12-31T10:00:00+00:00,inbound,375.21,USD,CP0036,BR,p2p,settled,D0011
T001001,A0030,C0030,2025-12-31T11:00:00+00:00,outbound,845.84,USD,CP0016,US,card,settled,D0031
T002625,A0083,C0083,2025-12-31T11:00:00+00:00,inbound,963.44,GBP,CP0021,MX,ach,settled,D0037
T000303,A0009,C0009,2025-12-31T12:00:00+00:00,inbound,336.83,USD,CP0036,US,ach,settled,D0024
T000278,A0008,C0008,2025-12-31T14:00:00+00:00,inbound,1423.06,CAD,CP0109,GB,ach,failed,D0025
T000731,A0021,C0021,2025-12-31T15:00:00+00:00,outbound,1617.14,USD,CP0136,CA,wire,settled,D0031
T002001,A0062,C0062,2025-12-31T15:00:00+00:00,inbound,1761.42,USD,CP0055,US,wire,settled,D0009
T000251,A0007,C0007,2025-12-31T15:00:00+00:00,inbound,729.43,GBP,CP0137,US,p2p,reversed,D0036
T001714,A0051,C0051,2025-12-31T16:00:00+00:00,outbound,426.79,USD,CP0119,BR,ach,settled,D0032
T003541,A0111,C0111,2025-12-31T17:00:00+00:00,inbound,917.68,USD,CP0011,US,card,settled,D0043
T002101,A0064,C0064,2025-12-31T18:00:00+00:00,inbound,567.55,CAD,CP0026,BR,p2p,settled,D0047
T003426,A0109,C0109,2025-12-31T19:00:00+00:00,inbound,569.08,USD,CP0100,CA,card,settled,D0005
T001823,A0055,C0055,2025-12-31T20:00:00+00:00,outbound,1801.09,USD,CP0064,US,card,settled,D0026
T000562,A0017,C0017,2025-12-31T20:00:00+00:00,inbound,1591.13,USD,CP0101,US,p2p,settled,D0027
T001407,A0042,C0042,2025-12-31T21:00:00+00:00,outbound,1859.45,CAD,CP0135,BR,p2p,settled,D0009
T002236,A0070,C0070,2025-12-31T22:00:00+00:00,inbound,1297.84,USD,CP0020,BR,p2p,settled,D0011
T001261,A0037,C0037,2025-12-31T22:00:00+00:00,inbound,507.75,USD,CP0013,US,card,settled,D0048
T000757,A0022,C0022,2025-12-31T23:00:00+00:00,outbound,860.05,USD,CP0059,BR,payout,refund,D0024
T000357,A0011,C0011,2026-01-01T00:00:00+00:00,outbound,1587.38,USD,CP0019,MX,payout,settled,D0025
T001729,A0052,C0052,2026-01-01T00:00:00+00:00,outbound,524.71,USD,CP0104,GB,card,pending,D0036
T000557,A0016,C0016,2026-01-01T01:00:00+00:00,inbound,221.43,USD,CP0046,CA,card,settled,D0051
T000988,A0029,C0029,2026-01-01T01:00:00+00:00,outbound,433.71,USD,CP0143,GB,p2p,settled,D0010
T000427,A0012,C0012,2026-01-01T04:00:00+00:00,outbound,860.22,CAD,CP0046,US,card,settled,D0050
T003349,A0107,C0107,2026-01-01T05:00:00+00:00,outbound,1996.76,USD,CP0054,US,p2p,settled,D0042
T001661,A0050,C0050,2026-01-01T05:00:00+00:00,inbound,177.87,USD,CP0075,GB,ach,settled,D0039
T000522,A0015,C0015,2026-01-01T06:00:00+00:00,inbound,2149.3,USD,CP0057,CA,ach,failed,D0039
T001877,A0056,C0056,2026-01-01T08:00:00+00:00,outbound,1136.97,CAD,CP0007,PA,card,settled,D0030
T001578,A0047,C0047,2026-01-01T08:00:00+00:00,inbound,308.11,USD,CP0040,BR,card,settled,D0041
T001758,A0053,C0053,2026-01-01T10:00:00+00:00,outbound,1445.94,USD,CP0138,BR,p2p,settled,D0016
T000519,A0015,C0015,2026-01-01T12:00:00+00:00,outbound,799.3,USD,CP0107,US,card,settled,D0017
T002851,A0091,C0091,2026-01-01T12:00:00+00:00,outbound,2810.94,USD,CP0020,US,wire,refund,D0034
T000349,A0011,C0011,2026-01-01T13:00:00+00:00,outbound,1453.54,GBP,CP0119,US,p2p,pending,D0006
T002725,A0087,C0087,2026-01-01T13:00:00+00:00,inbound,384.68,GBP,CP0138,MX,p2p,refund,D0004
T001042,A0031,C0031,2026-01-01T15:00:00+00:00,outbound,557.4,USD,CP0122,US,card,settled,D0013
T003320,A0106,C0106,2026-01-01T16:00:00+00:00,inbound,950.99,USD,CP0007,US,card,settled,D0008
T000324,A0010,C0010,2026-01-01T18:00:00+00:00,inbound,2356.47,USD,CP0101,US,card,settled,D0050
T000933,A0028,C0028,2026-01-01T19:00:00+00:00,outbound,232.64,USD,CP0051,CA,p2p,settled,D0047
T002417,A0075,C0075,2026-01-01T19:00:00+00:00,inbound,903.79,USD,CP0013,US,wire,settled,D0024
T000816,A0024,C0024,2026-01-01T20:00:00+00:00,inbound,294.05,USD,CP0043,PA,ach,settled,D0029
T002757,A0089,C0089,2026-01-01T21:00:00+00:00,inbound,725.24,USD,CP0037,GB,card,settled,D0022
T000706,A0021,C0021,2026-01-01T21:00:00+00:00,inbound,4272.44,USD,CP0055,US,ach,settled,D0016
T002210,A0069,C0069,2026-01-01T22:00:00+00:00,inbound,1248.51,USD,CP0049,US,ach,settled,D0054
T002230,A0069,C0069,2026-01-01T22:00:00+00:00,outbound,542.92,USD,CP0071,MX,ach,failed,D0048
T001830,A0056,C0056,2026-01-01T22:00:00+00:00,inbound,9261.51,USD,CP0079,US,card,reversed,D0030
T001268,A0038,C0038,2026-01-01T23:00:00+00:00,outbound,3264.33,USD,CP0117,CA,payout,settled,D0043
T002701,A0086,C0086,2026-01-01T23:00:00+00:00,inbound,2508.19,GBP,CP0083,GB,ach,settled,D0027
T000955,A0029,C0029,2026-01-02T02:00:00+00:00,outbound,745.3,USD,CP0078,US,card,failed,D0034
T002309,A0072,C0072,2026-01-02T02:00:00+00:00,inbound,1162.68,USD,CP0062,US,wire,settled,D0011
T003707,A0117,C0117,2026-01-02T05:00:00+00:00,outbound,940.0,USD,CP0033,CA,card,settled,D0005
T003698,A0117,C0117,2026-01-02T05:00:00+00:00,outbound,1359.94,USD,CP0066,BR,ach,settled,D0017
T001759,A0053,C0053,2026-01-02T05:00:00+00:00,outbound,288.85,CAD,CP0042,PA,card,settled,D0040
T003156,A0100,C0100,2026-01-02T08:00:00+00:00,inbound,1248.29,USD,CP0030,US,payout,settled,D0042
T003521,A0111,C0111,2026-01-02T08:00:00+00:00,inbound,738.57,USD,CP0107,BR,ach,settled,D0012
T000891,A0027,C0027,2026-01-02T09:00:00+00:00,inbound,5596.02,USD,CP0085,US,card,refund,D0041
T003651,A0115,C0115,2026-01-02T10:00:00+00:00,inbound,84.89,USD,CP0030,PA,card,settled,D0001
T000113,A0003,C0003,2026-01-02T10:00:00+00:00,inbound,811.52,GBP,CP0092,US,card,settled,D0042
T001243,A0037,C0037,2026-01-02T11:00:00+00:00,inbound,1050.55,USD,CP0011,US,card,settled,D0035
T001642,A0049,C0049,2026-01-02T12:00:00+00:00,inbound,405.69,USD,CP0074,MX,wire,settled,D0013
T002833,A0090,C0090,2026-01-02T12:00:00+00:00,outbound,691.17,USD,CP-HIGH-RISK-HUB,MX,card,settled,D0028
T002251,A0070,C0070,2026-01-02T13:00:00+00:00,outbound,1464.23,USD,CP0133,BR,ach,settled,D0020
T002211,A0069,C0069,2026-01-02T13:00:00+00:00,outbound,1594.16,USD,CP0063,CA,card,settled,D0046
T001443,A0043,C0043,2026-01-02T14:00:00+00:00,inbound,725.4,CAD,CP0049,GB,p2p,settled,D0020
T000016,A0001,C0001,2026-01-02T15:00:00+00:00,inbound,319.74,USD,CP0101,US,p2p,settled,D0043
T002977,A0094,C0094,2026-01-02T19:00:00+00:00,outbound,1731.92,USD,CP0128,US,p2p,settled,D0034
T001054,A0032,C0032,2026-01-02T19:00:00+00:00,outbound,176.23,USD,CP0143,BR,p2p,settled,D0038
T001091,A0033,C0033,2026-01-02T20:00:00+00:00,inbound,1501.25,GBP,CP0103,PA,p2p,settled,D0036
T002453,A0076,C0076,2026-01-02T22:00:00+00:00,outbound,1345.78,USD,CP0085,US,ach,settled,D0038
T000851,A0026,C0026,2026-01-02T22:00:00+00:00,inbound,1040.11,USD,CP0108,CA,card,settled,D0052
T000095,A0002,C0002,2026-01-02T22:00:00+00:00,inbound,932.03,GBP,CP0131,BR,payout,settled,D0042
T002433,A0076,C0076,2026-01-03T00:00:00+00:00,outbound,1466.51,USD,CP0083,US,p2p,failed,D0007
T003345,A0107,C0107,2026-01-03T00:00:00+00:00,outbound,436.84,USD,CP0055,BR,ach,settled,D0026
T003430,A0109,C0109,2026-01-03T00:00:00+00:00,inbound,1078.79,USD,CP0023,US,p2p,settled,D0036
T001522,A0045,C0045,2026-01-03T00:00:00+00:00,outbound,6086.22,USD,CP0085,US,p2p,settled,D0014
T002322,A0073,C0073,2026-01-03T03:00:00+00:00,inbound,593.19,USD,CP0092,MX,card,settled,D0053
T001395,A0041,C0041,2026-01-03T05:00:00+00:00,outbound,1040.65,USD,CP0065,CA,ach,chargeback,D0028
T000992,A0030,C0030,2026-01-03T05:00:00+00:00,inbound,653.76,USD,CP0008,US,card,refund,D0007
T002750,A0088,C0088,2026-01-03T06:00:00+00:00,outbound,1997.91,CAD,CP0028,US,payout,settled,D0026
T002448,A0076,C0076,2026-01-03T07:00:00+00:00,inbound,1267.94,USD,CP0142,US,p2p,settled,D0046
T002181,A0067,C0067,2026-01-03T07:00:00+00:00,outbound,365.41,USD,CP0093,US,card,reversed,D0007
T000195,A0005,C0005,2026-01-03T09:00:00+00:00,inbound,1520.6,USD,CP0062,CA,payout,settled,D0041
T002440,A0076,C0076,2026-01-03T11:00:00+00:00,inbound,1702.97,USD,CP0057,US,ach,settled,D0032
T000097,A0002,C0002,2026-01-03T11:00:00+00:00,inbound,2007.81,GBP,CP0082,MX,ach,settled,D0017
T000820,A0024,C0024,2026-01-03T12:00:00+00:00,outbound,2621.14,USD,CP0136,GB,wire,settled,D0030
T003220,A0102,C0102,2026-01-03T12:00:00+00:00,inbound,432.7,USD,CP0142,GB,card,reversed,D0006
T002609,A0082,C0082,2026-01-03T13:00:00+00:00,outbound,863.68,USD,CP0045,US,payout,settled,D0026
T003520,A0111,C0111,2026-01-03T13:00:00+00:00,outbound,523.48,USD,CP0032,US,ach,settled,D0002
T000184,A0005,C0005,2026-01-03T14:00:00+00:00,outbound,5253.92,GBP,CP0048,US,wire,pending,D0045
T003343,A0107,C0107,2026-01-03T14:00:00+00:00,inbound,1916.82,USD,CP0088,US,ach,pending,D0003
T000308,A0009,C0009,2026-01-03T17:00:00+00:00,inbound,1956.55,USD,CP0047,US,card,settled,D0041
T003424,A0109,C0109,2026-01-03T19:00:00+00:00,inbound,1089.64,USD,CP0143,MX,p2p,settled,D0032
T003241,A0103,C0103,2026-01-03T20:00:00+00:00,outbound,862.71,USD,CP0069,US,wire,chargeback,D0047
T000521,A0015,C0015,2026-01-03T21:00:00+00:00,inbound,837.49,USD,CP0045,CA,card,failed,D0048
T000873,A0027,C0027,2026-01-03T22:00:00+00:00,inbound,961.64,USD,CP0004,BR,ach,failed,D0017
T003317,A0106,C0106,2026-01-03T22:00:00+00:00,inbound,1012.86,USD,CP0052,CA,payout,settled,D0025
T000705,A0021,C0021,2026-01-04T00:00:00+00:00,outbound,2566.4,USD,CP0087,US,wire,settled,D0043
T003635,A0114,C0114,2026-01-04T00:00:00+00:00,outbound,1784.31,USD,CP0039,US,card,pending,D0026
T002247,A0070,C0070,2026-01-04T02:00:00+00:00,inbound,2179.96,USD,CP0032,CA,wire,settled,D0040
T003597,A0113,C0113,2026-01-04T03:00:00+00:00,outbound,1743.4,USD,CP0103,US,payout,settled,D0052
T003551,A0112,C0112,2026-01-04T06:00:00+00:00,outbound,617.69,GBP,CP0137,CA,p2p,settled,D0017
T003082,A0098,C0098,2026-01-04T08:00:00+00:00,outbound,825.85,USD,CP0048,PA,p2p,settled,D0018
T002767,A0089,C0089,2026-01-04T11:00:00+00:00,outbound,195.56,CAD,CP0137,GB,ach,settled,D0048
T001235,A0037,C0037,2026-01-04T12:00:00+00:00,inbound,1622.33,USD,CP0069,US,ach,settled,D0011
T002740,A0088,C0088,2026-01-04T13:00:00+00:00,outbound,1542.36,USD,CP0095,US,ach,settled,D0008
T002568,A0080,C0080,2026-01-04T13:00:00+00:00,outbound,2125.59,USD,CP0041,MX,p2p,settled,D0030
T003291,A0105,C0105,2026-01-04T15:00:00+00:00,outbound,2448.65,USD,CP0134,US,card,settled,D0053
T002656,A0084,C0084,2026-01-04T16:00:00+00:00,outbound,878.71,GBP,CP0089,US,p2p,settled,D0034
T003449,A0109,C0109,2026-01-04T19:00:00+00:00,outbound,1528.89,USD,CP0144,BR,card,settled,D0002
T001764,A0053,C0053,2026-01-04T20:00:00+00:00,outbound,494.03,USD,CP0140,US,card,failed,D0036
T001250,A0037,C0037,2026-01-04T22:00:00+00:00,outbound,1033.3,USD,CP0060,MX,ach,settled,D0047
T001930,A0059,C0059,2026-01-05T00:00:00+00:00,inbound,706.68,CAD,CP0075,CA,ach,reversed,D0011
T002745,A0088,C0088,2026-01-05T00:00:00+00:00,outbound,2910.06,USD,CP0026,US,card,settled,D0045
T002462,A0076,C0076,2026-01-05T01:00:00+00:00,inbound,519.02,USD,CP0099,US,ach,settled,D0001
T003041,A0096,C0096,2026-01-05T01:00:00+00:00,inbound,718.63,USD,CP0038,US,payout,failed,D0036
T003455,A0110,C0110,2026-01-05T01:00:00+00:00,inbound,919.79,USD,CP0037,CA,card,settled,D0003
T003683,A0116,C0116,2026-01-05T02:00:00+00:00,inbound,215.03,USD,CP0044,US,card,settled,D0011
T003390,A0108,C0108,2026-01-05T03:00:00+00:00,inbound,1067.07,USD,CP0107,US,ach,settled,D0002
T001525,A0045,C0045,2026-01-05T03:00:00+00:00,outbound,1978.92,GBP,CP0053,MX,p2p,settled,D0045
T003305,A0106,C0106,2026-01-05T04:00:00+00:00,inbound,1882.24,GBP,CP0096,US,card,pending,D0022
T000537,A0015,C0015,2026-01-05T08:00:00+00:00,inbound,549.61,USD,CP0052,CA,ach,pending,D0034
T003465,A0110,C0110,2026-01-05T09:00:00+00:00,inbound,2040.56,USD,CP0002,US,card,settled,D0040
T002398,A0074,C0074,2026-01-05T12:00:00+00:00,inbound,809.88,USD,CP0109,US,wire,settled,D0019
T001695,A0051,C0051,2026-01-05T13:00:00+00:00,inbound,71.43,USD,CP0127,US,ach,settled,D0051
T002104,A0065,C0065,2026-01-05T16:00:00+00:00,outbound,8115.6,USD,CP0138,US,card,settled,D0026
T003691,A0116,C0116,2026-01-05T17:00:00+00:00,outbound,974.55,USD,CP0127,CA,card,settled,D0025
T000029,A0001,C0001,2026-01-05T19:00:00+00:00,inbound,1802.06,USD,CP0128,BR,ach,settled,D0022
T003283,A0105,C0105,2026-01-05T19:00:00+00:00,inbound,799.33,USD,CP0018,GB,p2p,settled,D0046
T000769,A0022,C0022,2026-01-05T19:00:00+00:00,outbound,1568.13,USD,CP0032,US,card,settled,D0010
T000867,A0027,C0027,2026-01-05T20:00:00+00:00,inbound,10705.78,USD,CP0009,US,payout,settled,D0016
T000432,A0012,C0012,2026-01-05T21:00:00+00:00,outbound,726.86,USD,CP0049,US,card,settled,D0035
T003801,A0120,C0120,2026-01-05T21:00:00+00:00,inbound,1025.13,USD,CP0052,GB,ach,settled,D0027
T000346,A0011,C0011,2026-01-05T23:00:00+00:00,inbound,1256.17,USD,CP0124,GB,card,pending,D0017
T002806,A0090,C0090,2026-01-06T01:00:00+00:00,outbound,406.89,USD,CP0112,BR,payout,settled,D0011
T002204,A0068,C0068,2026-01-06T01:00:00+00:00,outbound,1310.19,USD,CP0039,US,p2p,settled,D0008
T003359,A0107,C0107,2026-01-06T02:00:00+00:00,outbound,133.97,USD,CP0122,US,p2p,settled,D0033
T002463,A0076,C0076,2026-01-06T05:00:00+00:00,inbound,3002.14,USD,CP0088,BR,ach,settled,D0053
T002217,A0069,C0069,2026-01-06T05:00:00+00:00,inbound,1061.76,USD,CP0001,GB,ach,settled,D0028
T002306,A0072,C0072,2026-01-06T06:00:00+00:00,outbound,590.76,USD,CP0013,BR,card,reversed,D0051
T003533,A0111,C0111,2026-01-06T07:00:00+00:00,outbound,1758.32,USD,CP0143,US,card,settled,D0026
T001835,A0056,C0056,2026-01-06T07:00:00+00:00,inbound,1841.57,USD,CP0120,PA,ach,settled,D0038
T000691,A0020,C0020,2026-01-06T08:00:00+00:00,inbound,1803.44,USD,CP0094,US,p2p,settled,D0052
T001826,A0055,C0055,2026-01-06T10:00:00+00:00,outbound,2944.21,USD,CP0108,PA,ach,settled,D0020
T000187,A0005,C0005,2026-01-06T12:00:00+00:00,inbound,485.8,USD,CP0125,PA,p2p,settled,D0029
T001089,A0033,C0033,2026-01-06T13:00:00+00:00,outbound,1228.51,GBP,CP0007,MX,card,settled,D0032
T003060,A0097,C0097,2026-01-06T14:00:00+00:00,outbound,1474.82,USD,CP0025,US,card,settled,D0012
T000267,A0007,C0007,2026-01-06T14:00:00+00:00,inbound,1103.79,USD,CP0130,CA,ach,settled,D0051
T002152,A0065,C0065,2026-01-06T14:00:00+00:00,outbound,11511.92,GBP,CP0100,CA,wire,settled,D0011
T002085,A0064,C0064,2026-01-06T15:00:00+00:00,inbound,153.26,USD,CP0106,GB,wire,settled,D0004
T001267,A0038,C0038,2026-01-06T16:00:00+00:00,inbound,461.65,USD,CP0144,US,p2p,settled,D0007
T002481,A0077,C0077,2026-01-06T16:00:00+00:00,outbound,1010.53,USD,CP0033,PA,ach,settled,D0025
T000779,A0023,C0023,2026-01-06T16:00:00+00:00,outbound,414.84,USD,CP0094,US,card,settled,D0049
T003599,A0113,C0113,2026-01-06T17:00:00+00:00,outbound,1649.87,USD,CP0090,GB,card,settled,D0052
T000508,A0014,C0014,2026-01-06T18:00:00+00:00,outbound,1567.78,USD,CP0048,US,card,pending,D0054
T003628,A0114,C0114,2026-01-06T20:00:00+00:00,inbound,1016.41,USD,CP0108,US,card,settled,D0006
T002160,A0066,C0066,2026-01-06T21:00:00+00:00,outbound,1051.45,USD,CP0012,MX,card,settled,D0049
T000814,A0024,C0024,2026-01-06T22:00:00+00:00,inbound,440.97,USD,CP0001,CA,card,failed,D0048
T000290,A0008,C0008,2026-01-06T22:00:00+00:00,outbound,2854.55,USD,CP0067,US,payout,settled,D0031
T002223,A0069,C0069,2026-01-06T23:00:00+00:00,outbound,1583.54,USD,CP0091,US,card,settled,D0051
T000106,A0003,C0003,2026-01-07T02:00:00+00:00,inbound,1227.79,USD,CP0148,BR,card,settled,D0009
T000801,A0023,C0023,2026-01-07T06:00:00+00:00,outbound,575.33,USD,CP0095,BR,ach,settled,D0036
T000739,A0022,C0022,2026-01-07T07:00:00+00:00,outbound,1030.06,GBP,CP0052,US,wire,settled,D0036
T001017,A0031,C0031,2026-01-07T07:00:00+00:00,inbound,1551.24,USD,CP0124,CA,p2p,settled,D0030
T002500,A0078,C0078,2026-01-07T11:00:00+00:00,outbound,1331.49,USD,CP0101,US,p2p,settled,D0054
T003768,A0119,C0119,2026-01-07T12:00:00+00:00,inbound,1478.62,USD,CP0144,US,ach,settled,D0049
T001694,A0051,C0051,2026-01-07T14:00:00+00:00,inbound,104.86,USD,CP0025,US,wire,settled,D0014
T003563,A0112,C0112,2026-01-07T15:00:00+00:00,inbound,705.97,USD,CP0088,MX,card,settled,D0013
T003471,A0110,C0110,2026-01-07T15:00:00+00:00,inbound,1272.92,USD,CP0027,US,card,settled,D0006
T000871,A0027,C0027,2026-01-07T16:00:00+00:00,outbound,1409.49,CAD,CP0067,US,payout,pending,D0012
T000643,A0019,C0019,2026-01-07T18:00:00+00:00,outbound,3501.81,USD,CP0116,GB,p2p,settled,D0039
T003724,A0117,C0117,2026-01-07T20:00:00+00:00,inbound,930.05,USD,CP0019,US,p2p,reversed,D0003
T002212,A0069,C0069,2026-01-07T20:00:00+00:00,inbound,934.97,USD,CP0074,US,ach,pending,D0009
T003586,A0113,C0113,2026-01-08T02:00:00+00:00,outbound,2631.52,GBP,CP0051,US,p2p,settled,D0043
T003262,A0104,C0104,2026-01-08T02:00:00+00:00,inbound,645.24,CAD,CP0078,US,p2p,settled,D0012
T000382,A0011,C0011,2026-01-08T02:00:00+00:00,inbound,1960.32,USD,CP0131,BR,card,pending,D0050
T003771,A0119,C0119,2026-01-08T07:00:00+00:00,outbound,1146.26,USD,CP0053,MX,payout,settled,D0010
T001665,A0050,C0050,2026-01-08T09:00:00+00:00,outbound,1245.77,USD,CP0137,US,card,settled,D0010
T001219,A0037,C0037,2026-01-08T09:00:00+00:00,outbound,2103.77,USD,CP-HIGH-RISK-HUB,US,card,settled,D0036
T002382,A0074,C0074,2026-01-08T09:00:00+00:00,outbound,1217.6,USD,CP0101,BR,card,settled,D0033
T003302,A0106,C0106,2026-01-08T11:00:00+00:00,outbound,2817.79,USD,CP0070,US,payout,settled,D0029
T002226,A0069,C0069,2026-01-08T13:00:00+00:00,inbound,1556.23,USD,CP0027,PA,card,settled,D0049
T002032,A0063,C0063,2026-01-08T13:00:00+00:00,outbound,184.62,USD,CP-HIGH-RISK-HUB,US,payout,chargeback,D0023
T003571,A0112,C0112,2026-01-08T16:00:00+00:00,inbound,320.54,USD,CP0059,MX,p2p,settled,D0022
T003169,A0101,C0101,2026-01-08T17:00:00+00:00,inbound,415.32,USD,CP0086,CA,p2p,settled,D0004
T001438,A0043,C0043,2026-01-08T18:00:00+00:00,outbound,976.06,USD,CP0116,GB,ach,settled,D0017
T002841,A0090,C0090,2026-01-08T18:00:00+00:00,outbound,212.05,USD,CP0122,US,ach,reversed,D0022
T000006,A0001,C0001,2026-01-08T19:00:00+00:00,outbound,1033.07,GBP,CP0098,CA,card,settled,D0007
T003006,A0095,C0095,2026-01-08T20:00:00+00:00,inbound,336.33,USD,CP0041,US,card,pending,D0030
T000722,A0021,C0021,2026-01-08T21:00:00+00:00,outbound,621.88,USD,CP0098,US,p2p,settled,D0023
T003804,A0120,C0120,2026-01-08T21:00:00+00:00,inbound,536.6,GBP,CP0074,US,p2p,settled,D0001
T002371,A0074,C0074,2026-01-08T21:00:00+00:00,inbound,1145.05,USD,CP0085,MX,p2p,settled,D0051
T002383,A0074,C0074,2026-01-08T23:00:00+00:00,outbound,1896.2,USD,CP0008,US,wire,settled,D0012
T001610,A0048,C0048,2026-01-09T01:00:00+00:00,inbound,9072.05,USD,CP0055,CA,ach,settled,D0029
T003256,A0104,C0104,2026-01-09T01:00:00+00:00,inbound,1741.2,USD,CP0103,US,p2p,settled,D0038
T000943,A0028,C0028,2026-01-09T02:00:00+00:00,outbound,1412.85,USD,CP0037,US,ach,settled,D0038
T001284,A0038,C0038,2026-01-09T03:00:00+00:00,inbound,714.74,USD,CP0095,US,ach,settled,D0018
T001068,A0032,C0032,2026-01-09T05:00:00+00:00,outbound,800.57,USD,CP0099,US,p2p,settled,D0021
T001208,A0037,C0037,2026-01-09T06:00:00+00:00,inbound,318.15,USD,CP0148,BR,p2p,settled,D0001
T000491,A0014,C0014,2026-01-09T07:00:00+00:00,outbound,996.81,GBP,CP0044,US,card,settled,D0009
T003443,A0109,C0109,2026-01-09T08:00:00+00:00,outbound,704.35,USD,CP0147,US,p2p,settled,D0007
T002535,A0079,C0079,2026-01-09T09:00:00+00:00,inbound,3440.62,USD,CP0023,PA,wire,chargeback,D0044
T003017,A0095,C0095,2026-01-09T11:00:00+00:00,inbound,1661.42,USD,CP0026,GB,card,settled,D0053
T001716,A0052,C0052,2026-01-09T12:00:00+00:00,inbound,2321.78,USD,CP0149,CA,card,settled,D0027
T002540,A0079,C0079,2026-01-09T13:00:00+00:00,outbound,1058.8,USD,CP0008,BR,wire,settled,D0008
T001708,A0051,C0051,2026-01-09T14:00:00+00:00,inbound,1361.14,USD,CP0121,US,ach,settled,D0007
T002069,A0063,C0063,2026-01-09T14:00:00+00:00,outbound,976.24,USD,CP0149,US,p2p,chargeback,D0010
T001884,A0057,C0057,2026-01-09T16:00:00+00:00,inbound,1515.27,USD,CP0040,US,p2p,settled,D0031
T000056,A0001,C0001,2026-01-09T17:00:00+00:00,outbound,3671.11,USD,CP0009,BR,wire,settled,D0040
T001427,A0042,C0042,2026-01-09T17:00:00+00:00,outbound,1086.45,USD,CP0009,CA,ach,settled,D0038
T000252,A0007,C0007,2026-01-09T23:00:00+00:00,outbound,1651.76,USD,CP0082,US,card,settled,D0013
T002883,A0092,C0092,2026-01-09T23:00:00+00:00,inbound,2623.33,USD,CP0120,GB,ach,settled,D0009
T003664,A0115,C0115,2026-01-09T23:00:00+00:00,outbound,2043.51,USD,CP0111,BR,p2p,settled,D0017
T001722,A0052,C0052,2026-01-10T00:00:00+00:00,outbound,986.86,USD,CP0016,GB,ach,settled,D0054
T001201,A0036,C0036,2026-01-10T01:00:00+00:00,inbound,641.62,GBP,CP0068,BR,ach,settled,D0003
T001995,A0062,C0062,2026-01-10T05:00:00+00:00,inbound,894.69,USD,CP0129,US,card,reversed,D0031
T003067,A0097,C0097,2026-01-10T07:00:00+00:00,inbound,2016.32,USD,CP0122,BR,p2p,failed,D0001
T000635,A0019,C0019,2026-01-10T07:00:00+00:00,inbound,542.4,USD,CP0066,CA,card,settled,D0040
T000122,A0003,C0003,2026-01-10T08:00:00+00:00,outbound,575.37,USD,CP0090,CA,card,settled,D0021
T002450,A0076,C0076,2026-01-10T08:00:00+00:00,outbound,1418.09,USD,CP0094,BR,p2p,settled,D0021
T001227,A0037,C0037,2026-01-10T11:00:00+00:00,inbound,785.46,USD,CP0079,US,p2p,settled,D0012
T000289,A0008,C0008,2026-01-10T12:00:00+00:00,outbound,610.11,USD,CP0023,MX,payout,settled,D0024
T002033,A0063,C0063,2026-01-10T15:00:00+00:00,outbound,1346.71,USD,CP0142,US,card,settled,D0001
T000249,A0006,C0006,2026-01-10T16:00:00+00:00,outbound,754.64,USD,CP0129,CA,ach,settled,D0018
T003167,A0101,C0101,2026-01-10T16:00:00+00:00,inbound,1181.93,USD,CP0036,US,ach,settled,D0054
T001840,A0056,C0056,2026-01-10T17:00:00+00:00,inbound,2424.13,USD,CP0008,CA,p2p,settled,D0022
T002216,A0069,C0069,2026-01-10T19:00:00+00:00,outbound,603.05,USD,CP0018,MX,ach,settled,D0022
T000913,A0027,C0027,2026-01-10T22:00:00+00:00,outbound,2716.31,USD,CP0100,CA,ach,settled,D0017
T000807,A0024,C0024,2026-01-10T23:00:00+00:00,outbound,741.78,USD,CP0027,BR,wire,settled,D0001
T001126,A0034,C0034,2026-01-11T00:00:00+00:00,inbound,810.39,USD,CP0079,US,wire,settled,D0026
T001770,A0053,C0053,2026-01-11T00:00:00+00:00,outbound,125.1,USD,CP0136,GB,card,settled,D0036
T002660,A0085,C0085,2026-01-11T01:00:00+00:00,outbound,522.13,USD,CP0021,GB,p2p,refund,D0003
T002874,A0091,C0091,2026-01-11T01:00:00+00:00,inbound,1805.62,USD,CP0029,US,ach,settled,D0026
T003036,A0096,C0096,2026-01-11T02:00:00+00:00,inbound,1386.76,USD,CP0144,CA,card,settled,D0052
T000764,A0022,C0022,2026-01-11T04:00:00+00:00,inbound,1882.61,USD,CP0089,PA,card,settled,D0046
T001134,A0034,C0034,2026-01-11T08:00:00+00:00,inbound,677.19,USD,CP0012,US,p2p,settled,D0011
T000111,A0003,C0003,2026-01-11T10:00:00+00:00,inbound,1448.12,USD,CP0052,US,card,settled,D0019
T000904,A0027,C0027,2026-01-11T10:00:00+00:00,inbound,1410.62,USD,CP0133,US,p2p,settled,D0024
T001963,A0060,C0060,2026-01-11T11:00:00+00:00,outbound,1195.83,USD,CP0140,CA,card,settled,D0041
T002270,A0071,C0071,2026-01-11T14:00:00+00:00,inbound,329.78,USD,CP0062,US,card,settled,D0009
T000852,A0026,C0026,2026-01-11T15:00:00+00:00,outbound,893.43,USD,CP0140,US,card,settled,D0010
T002075,A0064,C0064,2026-01-11T15:00:00+00:00,inbound,545.59,USD,CP0065,CA,ach,settled,D0043
T000646,A0019,C0019,2026-01-11T16:00:00+00:00,outbound,1343.48,USD,CP0038,US,p2p,settled,D0041
T003767,A0119,C0119,2026-01-11T18:00:00+00:00,inbound,1875.92,GBP,CP0108,US,ach,settled,D0043
T000421,A0012,C0012,2026-01-11T21:00:00+00:00,inbound,1365.42,USD,CP0029,US,p2p,settled,D0019
T000059,A0001,C0001,2026-01-11T21:00:00+00:00,outbound,3747.99,USD,CP0078,US,p2p,settled,D0013
T001682,A0051,C0051,2026-01-11T22:00:00+00:00,outbound,1364.14,USD,CP0122,US,card,settled,D0030
T002291,A0072,C0072,2026-01-11T22:00:00+00:00,inbound,102.46,USD,CP0087,US,wire,settled,D0001
T000740,A0022,C0022,2026-01-11T23:00:00+00:00,inbound,1930.28,USD,CP0138,MX,card,refund,D0043
T000495,A0014,C0014,2026-01-12T00:00:00+00:00,outbound,1861.48,CAD,CP0037,US,ach,settled,D0035
T001123,A0034,C0034,2026-01-12T00:00:00+00:00,inbound,919.09,USD,CP0145,CA,card,settled,D0022
T003275,A0105,C0105,2026-01-12T01:00:00+00:00,outbound,1358.75,USD,CP0131,US,card,settled,D0008
T003328,A0106,C0106,2026-01-12T02:00:00+00:00,inbound,252.65,USD,CP0089,CA,wire,settled,D0010
T002771,A0089,C0089,2026-01-12T02:00:00+00:00,inbound,2072.55,USD,CP0106,US,card,settled,D0025
T003765,A0118,C0118,2026-01-12T03:00:00+00:00,inbound,1371.22,USD,CP0140,CA,payout,settled,D0029
T001477,A0044,C0044,2026-01-12T04:00:00+00:00,outbound,2524.9,USD,CP0013,PA,p2p,settled,D0053
T002821,A0090,C0090,2026-01-12T04:00:00+00:00,outbound,1065.62,USD,CP0062,US,payout,settled,D0036
T001096,A0033,C0033,2026-01-12T08:00:00+00:00,inbound,339.48,CAD,CP0034,US,ach,settled,D0041
T003290,A0105,C0105,2026-01-12T09:00:00+00:00,inbound,790.98,GBP,CP0099,BR,ach,settled,D0033
T002536,A0079,C0079,2026-01-12T09:00:00+00:00,inbound,1173.45,GBP,CP0011,GB,payout,settled,D0018
T000094,A0002,C0002,2026-01-12T10:00:00+00:00,inbound,839.2,CAD,CP0013,PA,card,reversed,D0010
T001542,A0046,C0046,2026-01-12T11:00:00+00:00,outbound,1264.98,USD,CP0075,US,ach,settled,D0046
T001044,A0031,C0031,2026-01-12T11:00:00+00:00,inbound,454.29,USD,CP0092,US,card,settled,D0005
T000630,A0019,C0019,2026-01-12T15:00:00+00:00,outbound,752.59,USD,CP0129,US,wire,settled,D0043
T000813,A0024,C0024,2026-01-12T19:00:00+00:00,outbound,808.12,CAD,CP0057,PA,card,settled,D0042
T002521,A0078,C0078,2026-01-12T23:00:00+00:00,inbound,2496.15,USD,CP0032,US,payout,settled,D0018
T000426,A0012,C0012,2026-01-13T00:00:00+00:00,outbound,1826.99,USD,CP0086,US,p2p,settled,D0034
T001593,A0048,C0048,2026-01-13T02:00:00+00:00,inbound,1943.8,USD,CP0077,CA,card,settled,D0008
T002727,A0087,C0087,2026-01-13T02:00:00+00:00,outbound,976.52,USD,CP0027,CA,wire,settled,D0038
T002231,A0069,C0069,2026-01-13T02:00:00+00:00,outbound,729.65,GBP,CP0061,CA,card,settled,D0040
T002022,A0063,C0063,2026-01-13T05:00:00+00:00,inbound,1316.5,USD,CP-HIGH-RISK-HUB,US,card,settled,D0019
T003453,A0110,C0110,2026-01-13T05:00:00+00:00,inbound,448.44,GBP,CP0092,US,payout,settled,D0043
T000424,A0012,C0012,2026-01-13T05:00:00+00:00,outbound,852.98,GBP,CP-HIGH-RISK-HUB,US,card,pending,D0013
T003496,A0110,C0110,2026-01-13T08:00:00+00:00,outbound,2351.2,USD,CP0083,GB,wire,settled,D0008
T003808,A0120,C0120,2026-01-13T08:00:00+00:00,outbound,354.2,USD,CP0013,CA,wire,settled,D0037
T002499,A0078,C0078,2026-01-13T10:00:00+00:00,inbound,1207.35,USD,CP0139,US,ach,settled,D0001
T003356,A0107,C0107,2026-01-13T14:00:00+00:00,inbound,1669.37,USD,CP0007,US,wire,settled,D0054
T000176,A0005,C0005,2026-01-13T17:00:00+00:00,outbound,6290.89,USD,CP0101,PA,ach,failed,D0013
T003655,A0115,C0115,2026-01-13T17:00:00+00:00,outbound,1229.75,USD,CP0050,US,ach,refund,D0022
T003377,A0108,C0108,2026-01-13T18:00:00+00:00,outbound,180.53,USD,CP0075,US,card,pending,D0037
T001836,A0056,C0056,2026-01-13T19:00:00+00:00,inbound,869.59,USD,CP0082,PA,card,pending,D0040
T003339,A0107,C0107,2026-01-13T20:00:00+00:00,outbound,1648.7,USD,CP0142,US,payout,settled,D0052
T002807,A0090,C0090,2026-01-13T23:00:00+00:00,outbound,1189.91,USD,CP0007,MX,card,settled,D0024
T002646,A0084,C0084,2026-01-14T00:00:00+00:00,inbound,2534.85,USD,CP0058,US,card,settled,D0023
T003230,A0103,C0103,2026-01-14T01:00:00+00:00,outbound,1566.85,USD,CP0117,US,card,settled,D0035
T002691,A0086,C0086,2026-01-14T02:00:00+00:00,outbound,1448.79,USD,CP0089,BR,ach,settled,D0050
T001110,A0034,C0034,2026-01-14T02:00:00+00:00,outbound,1155.48,USD,CP0047,GB,card,settled,D0032
T001192,A0036,C0036,2026-01-14T03:00:00+00:00,outbound,623.85,USD,CP0125,BR,payout,settled,D0048
T001925,A0059,C0059,2026-01-14T04:00:00+00:00,outbound,1287.02,USD,CP0028,CA,ach,settled,D0026
T000726,A0021,C0021,2026-01-14T05:00:00+00:00,outbound,560.54,USD,CP0017,CA,ach,settled,D0002
T003376,A0108,C0108,2026-01-14T06:00:00+00:00,inbound,1118.81,GBP,CP0104,MX,ach,chargeback,D0002
T002999,A0095,C0095,2026-01-14T11:00:00+00:00,inbound,2929.23,CAD,CP0103,US,wire,settled,D0009
T001055,A0032,C0032,2026-01-14T12:00:00+00:00,inbound,331.18,USD,CP0106,US,ach,settled,D0013
T000528,A0015,C0015,2026-01-14T12:00:00+00:00,outbound,1216.58,USD,CP0005,BR,ach,settled,D0012
T001582,A0047,C0047,2026-01-14T13:00:00+00:00,inbound,1015.86,USD,CP0124,US,p2p,settled,D0041
T003756,A0118,C0118,2026-01-14T14:00:00+00:00,outbound,1581.82,USD,CP0023,BR,ach,settled,D0011
T002976,A0094,C0094,2026-01-14T15:00:00+00:00,inbound,1225.9,GBP,CP0147,US,card,settled,D0016
T001463,A0044,C0044,2026-01-14T15:00:00+00:00,inbound,582.97,USD,CP0114,US,card,failed,D0011
T001236,A0037,C0037,2026-01-14T17:00:00+00:00,inbound,1283.83,USD,CP0084,GB,card,settled,D0015
T001532,A0045,C0045,2026-01-14T17:00:00+00:00,inbound,1148.76,CAD,CP0027,US,p2p,settled,D0035
T001497,A0045,C0045,2026-01-14T19:00:00+00:00,inbound,4699.24,USD,CP0050,GB,card,settled,D0017
T003480,A0110,C0110,2026-01-14T20:00:00+00:00,inbound,1830.19,USD,CP0121,BR,wire,settled,D0023
T003212,A0102,C0102,2026-01-14T22:00:00+00:00,inbound,908.48,GBP,CP0029,MX,ach,pending,D0018
T001948,A0059,C0059,2026-01-14T23:00:00+00:00,outbound,779.9,USD,CP0065,MX,ach,settled,D0032
T001822,A0055,C0055,2026-01-14T23:00:00+00:00,outbound,2064.81,USD,CP0040,BR,ach,settled,D0008
T001584,A0047,C0047,2026-01-15T00:00:00+00:00,inbound,347.81,USD,CP0149,PA,wire,settled,D0029
T002693,A0086,C0086,2026-01-15T00:00:00+00:00,outbound,542.45,USD,CP0133,US,p2p,chargeback,D0042
T002618,A0083,C0083,2026-01-15T09:00:00+00:00,inbound,533.91,USD,CP0114,US,card,chargeback,D0001
T001457,A0044,C0044,2026-01-15T10:00:00+00:00,inbound,439.3,USD,CP0064,US,p2p,refund,D0019
T002885,A0092,C0092,2026-01-15T11:00:00+00:00,outbound,286.75,USD,CP0102,PA,ach,failed,D0054
T003666,A0116,C0116,2026-01-15T13:00:00+00:00,inbound,1463.01,USD,CP0034,US,card,settled,D0016
T000791,A0023,C0023,2026-01-15T13:00:00+00:00,inbound,885.79,USD,CP0016,BR,card,settled,D0054
T002421,A0075,C0075,2026-01-15T16:00:00+00:00,inbound,1668.13,USD,CP0124,MX,wire,settled,D0028
T000361,A0011,C0011,2026-01-15T17:00:00+00:00,outbound,1352.65,USD,CP0030,CA,card,settled,D0012
T002815,A0090,C0090,2026-01-15T17:00:00+00:00,inbound,881.13,USD,CP0019,MX,ach,settled,D0044
T001245,A0037,C0037,2026-01-15T17:00:00+00:00,outbound,1197.97,USD,CP0137,PA,payout,settled,D0048
T000104,A0003,C0003,2026-01-15T18:00:00+00:00,inbound,823.88,USD,CP0052,MX,payout,settled,D0053
T003581,A0113,C0113,2026-01-15T20:00:00+00:00,inbound,2045.28,USD,CP0083,GB,p2p,settled,D0037
T000098,A0002,C0002,2026-01-15T22:00:00+00:00,outbound,200.9,CAD,CP0015,US,p2p,settled,D0012
T003333,A0107,C0107,2026-01-15T23:00:00+00:00,outbound,1469.55,USD,CP0017,PA,ach,settled,D0030
T000447,A0013,C0013,2026-01-15T23:00:00+00:00,outbound,1661.1,USD,CP0148,US,wire,settled,D0028
T002914,A0092,C0092,2026-01-16T00:00:00+00:00,inbound,1806.08,USD,CP0111,US,ach,settled,D0015
T003197,A0102,C0102,2026-01-16T03:00:00+00:00,inbound,2000.59,USD,CP0131,CA,payout,settled,D0017
T002738,A0088,C0088,2026-01-16T04:00:00+00:00,inbound,1689.17,USD,CP0135,US,p2p,refund,D0043
T001452,A0043,C0043,2026-01-16T04:00:00+00:00,inbound,1143.04,USD,CP0055,PA,wire,settled,D0032
T003113,A0099,C0099,2026-01-16T05:00:00+00:00,outbound,439.64,USD,CP0038,US,ach,settled,D0015
T002723,A0087,C0087,2026-01-16T06:00:00+00:00,outbound,340.69,USD,CP0040,US,payout,settled,D0036
T000469,A0013,C0013,2026-01-16T06:00:00+00:00,outbound,671.11,USD,CP0123,US,payout,failed,D0024
T002703,A0086,C0086,2026-01-16T08:00:00+00:00,inbound,332.71,USD,CP0015,US,payout,settled,D0048
T003775,A0119,C0119,2026-01-16T08:00:00+00:00,outbound,640.47,USD,CP0107,PA,p2p,settled,D0009
T003532,A0111,C0111,2026-01-16T10:00:00+00:00,outbound,561.99,USD,CP0111,US,ach,settled,D0040
T003594,A0113,C0113,2026-01-16T10:00:00+00:00,inbound,272.75,USD,CP0131,CA,ach,settled,D0016
T002809,A0090,C0090,2026-01-16T12:00:00+00:00,outbound,450.81,GBP,CP0012,BR,ach,settled,D0054
T003061,A0097,C0097,2026-01-16T14:00:00+00:00,outbound,556.03,USD,CP0057,GB,ach,settled,D0033
T001340,A0040,C0040,2026-01-16T14:00:00+00:00,outbound,713.53,USD,CP0102,PA,ach,refund,D0012
T001741,A0053,C0053,2026-01-16T19:00:00+00:00,inbound,856.58,CAD,CP0127,CA,card,refund,D0033
T003781,A0119,C0119,2026-01-16T19:00:00+00:00,inbound,450.3,USD,CP0137,US,p2p,settled,D0017
T002031,A0063,C0063,2026-01-16T21:00:00+00:00,inbound,1096.73,USD,CP0048,PA,card,settled,D0050
T000333,A0010,C0010,2026-01-16T21:00:00+00:00,inbound,614.88,USD,CP0063,CA,ach,settled,D0054
T003358,A0107,C0107,2026-01-16T22:00:00+00:00,outbound,430.79,USD,CP0077,GB,p2p,settled,D0020
T002173,A0067,C0067,2026-01-16T23:00:00+00:00,inbound,3311.09,USD,CP0128,US,wire,settled,D0026
T001774,A0054,C0054,2026-01-17T01:00:00+00:00,outbound,2265.77,USD,CP0016,US,card,settled,D0028
T002200,A0068,C0068,2026-01-17T02:00:00+00:00,outbound,646.39,GBP,CP0004,BR,ach,settled,D0024
T000304,A0009,C0009,2026-01-17T03:00:00+00:00,outbound,1890.08,USD,CP0066,US,card,settled,D0001
T000848,A0025,C0025,2026-01-17T03:00:00+00:00,inbound,1086.65,USD,CP0027,US,p2p,settled,D0043
T000944,A0028,C0028,2026-01-17T03:00:00+00:00,inbound,2803.59,CAD,CP0071,US,card,settled,D0047
T001010,A0030,C0030,2026-01-17T04:00:00+00:00,inbound,2038.84,CAD,CP0050,US,card,settled,D0049
T002624,A0083,C0083,2026-01-17T04:00:00+00:00,inbound,951.58,USD,CP0119,GB,ach,chargeback,D0002
T000916,A0027,C0027,2026-01-17T05:00:00+00:00,outbound,7804.56,USD,CP0103,US,ach,settled,D0051
T001518,A0045,C0045,2026-01-17T05:00:00+00:00,inbound,1461.98,USD,CP0014,GB,wire,settled,D0001
T001086,A0033,C0033,2026-01-17T06:00:00+00:00,outbound,1306.75,USD,CP0133,CA,card,settled,D0051
T000015,A0001,C0001,2026-01-17T06:00:00+00:00,outbound,156.74,CAD,CP0063,CA,ach,settled,D0008
T001202,A0036,C0036,2026-01-17T07:00:00+00:00,inbound,1225.26,USD,CP0100,BR,ach,settled,D0036
T000213,A0005,C0005,2026-01-17T09:00:00+00:00,inbound,1006.19,USD,CP0010,PA,p2p,settled,D0050
T002945,A0093,C0093,2026-01-17T12:00:00+00:00,outbound,1483.25,CAD,CP0068,US,card,failed,D0042
T000458,A0013,C0013,2026-01-17T12:00:00+00:00,outbound,672.27,USD,CP0029,US,p2p,settled,D0014
T002942,A0093,C0093,2026-01-17T12:00:00+00:00,outbound,700.21,USD,CP0066,BR,ach,settled,D0025
T002968,A0094,C0094,2026-01-17T13:00:00+00:00,inbound,358.3,USD,CP0140,US,ach,settled,D0011
T000518,A0015,C0015,2026-01-17T14:00:00+00:00,outbound,956.56,USD,CP0076,BR,card,settled,D0045
T001918,A0058,C0058,2026-01-17T15:00:00+00:00,inbound,1787.65,USD,CP0036,US,p2p,settled,D0018
T000428,A0012,C0012,2026-01-17T15:00:00+00:00,inbound,1458.02,USD,CP0031,US,p2p,settled,D0050
T002189,A0067,C0067,2026-01-17T16:00:00+00:00,outbound,1020.04,USD,CP0065,BR,card,settled,D0014
T001839,A0056,C0056,2026-01-17T16:00:00+00:00,outbound,7504.26,USD,CP0048,GB,p2p,settled,D0029
T000575,A0017,C0017,2026-01-17T17:00:00+00:00,inbound,43.77,USD,CP0129,US,p2p,settled,D0015
T002055,A0063,C0063,2026-01-17T17:00:00+00:00,outbound,1997.25,USD,CP0011,GB,card,settled,D0039
T000105,A0003,C0003,2026-01-17T18:00:00+00:00,outbound,1094.12,GBP,CP0118,PA,card,settled,D0052
T003270,A0104,C0104,2026-01-17T18:00:00+00:00,inbound,814.15,USD,CP0046,US,card,settled,D0052
T002617,A0083,C0083,2026-01-17T21:00:00+00:00,inbound,480.55,USD,CP0099,US,card,settled,D0045
T000693,A0020,C0020,2026-01-17T23:00:00+00:00,outbound,964.04,USD,CP0140,US,ach,settled,D0030
T001079,A0032,C0032,2026-01-18T00:00:00+00:00,outbound,1786.65,USD,CP0141,CA,wire,settled,D0051
T000875,A0027,C0027,2026-01-18T02:00:00+00:00,inbound,6486.07,USD,CP0061,US,ach,failed,D0028
T003793,A0120,C0120,2026-01-18T04:00:00+00:00,outbound,1960.41,USD,CP0038,BR,ach,settled,D0017
T003092,A0098,C0098,2026-01-18T08:00:00+00:00,inbound,616.45,USD,CP0095,CA,wire,settled,D0046
T002635,A0083,C0083,2026-01-18T08:00:00+00:00,inbound,328.33,USD,CP0131,US,ach,settled,D0005
T000914,A0027,C0027,2026-01-18T09:00:00+00:00,outbound,326.49,USD,CP0105,US,card,refund,D0027
T001997,A0062,C0062,2026-01-18T09:00:00+00:00,outbound,947.06,USD,CP0022,US,p2p,settled,D0032
T003492,A0110,C0110,2026-01-18T10:00:00+00:00,outbound,715.0,USD,CP0044,MX,ach,settled,D0015
T000332,A0010,C0010,2026-01-18T12:00:00+00:00,outbound,1938.86,USD,CP0048,BR,card,settled,D0015
T002442,A0076,C0076,2026-01-18T12:00:00+00:00,inbound,662.78,CAD,CP0042,US,p2p,pending,D0020
T001334,A0040,C0040,2026-01-18T13:00:00+00:00,outbound,1673.59,USD,CP0091,GB,wire,settled,D0028
T002996,A0095,C0095,2026-01-18T15:00:00+00:00,inbound,1020.64,USD,CP0060,BR,ach,settled,D0022
T002224,A0069,C0069,2026-01-18T15:00:00+00:00,outbound,1759.11,USD,CP0005,US,card,settled,D0048
T001838,A0056,C0056,2026-01-18T15:00:00+00:00,inbound,7270.87,CAD,CP0084,CA,p2p,settled,D0022
T003071,A0097,C0097,2026-01-18T17:00:00+00:00,inbound,451.0,USD,CP0027,PA,wire,settled,D0048
T000411,A0012,C0012,2026-01-18T17:00:00+00:00,inbound,495.88,USD,CP0101,US,card,settled,D0045
T001928,A0059,C0059,2026-01-18T19:00:00+00:00,inbound,1229.81,USD,CP0134,GB,p2p,pending,D0010
T000774,A0023,C0023,2026-01-18T22:00:00+00:00,outbound,568.29,CAD,CP0135,US,ach,settled,D0005
T002575,A0081,C0081,2026-01-19T00:00:00+00:00,inbound,1691.14,USD,CP0070,US,ach,settled,D0030
T002872,A0091,C0091,2026-01-19T01:00:00+00:00,inbound,357.87,USD,CP0015,US,card,settled,D0028
T003787,A0119,C0119,2026-01-19T03:00:00+00:00,inbound,1490.24,USD,CP0121,US,p2p,failed,D0042
T000463,A0013,C0013,2026-01-19T03:00:00+00:00,outbound,603.14,GBP,CP0002,US,card,settled,D0021
T000804,A0024,C0024,2026-01-19T04:00:00+00:00,outbound,429.51,GBP,CP0078,BR,card,settled,D0046
T002695,A0086,C0086,2026-01-19T05:00:00+00:00,inbound,3195.82,USD,CP0061,US,ach,settled,D0037
T000366,A0011,C0011,2026-01-19T06:00:00+00:00,inbound,5387.34,USD,CP0057,US,card,settled,D0044
T003351,A0107,C0107,2026-01-19T07:00:00+00:00,outbound,1022.3,USD,CP0129,PA,card,settled,D0028
T002710,A0087,C0087,2026-01-19T09:00:00+00:00,inbound,574.37,GBP,CP0126,US,payout,settled,D0041
T002449,A0076,C0076,2026-01-19T10:00:00+00:00,outbound,1288.87,USD,CP0092,US,p2p,settled,D0021
T002295,A0072,C0072,2026-01-19T11:00:00+00:00,inbound,1069.13,USD,CP0072,US,card,settled,D0023
T002389,A0074,C0074,2026-01-19T11:00:00+00:00,inbound,783.22,USD,CP0142,US,card,pending,D0018
T002397,A0074,C0074,2026-01-19T12:00:00+00:00,inbound,1615.6,USD,CP0075,US,ach,settled,D0006
T002724,A0087,C0087,2026-01-19T15:00:00+00:00,inbound,853.43,CAD,CP0066,MX,card,settled,D0018
T000492,A0014,C0014,2026-01-19T15:00:00+00:00,inbound,407.51,CAD,CP0110,US,card,settled,D0011
T003457,A0110,C0110,2026-01-19T15:00:00+00:00,outbound,422.45,GBP,CP0002,CA,payout,settled,D0009
T002797,A0090,C0090,2026-01-19T17:00:00+00:00,inbound,1305.32,USD,CP0005,GB,payout,settled,D0045
T001512,A0045,C0045,2026-01-19T18:00:00+00:00,inbound,1493.74,USD,CP0032,US,ach,settled,D0048
T000040,A0001,C0001,2026-01-19T20:00:00+00:00,outbound,670.55,USD,CP0031,CA,payout,refund,D0003
T001306,A0039,C0039,2026-01-19T21:00:00+00:00,outbound,1154.29,USD,CP0073,US,card,settled,D0039
T000099,A0003,C0003,2026-01-20T02:00:00+00:00,outbound,335.84,USD,CP0104,US,wire,settled,D0017
T001376,A0041,C0041,2026-01-20T04:00:00+00:00,inbound,1738.45,USD,CP0034,US,payout,settled,D0033
T003221,A0102,C0102,2026-01-20T05:00:00+00:00,inbound,3417.97,USD,CP0066,US,p2p,settled,D0009
T003612,A0114,C0114,2026-01-20T05:00:00+00:00,inbound,411.28,USD,CP0044,BR,card,settled,D0040
T003243,A0103,C0103,2026-01-20T05:00:00+00:00,outbound,785.81,GBP,CP0023,US,p2p,pending,D0040
T000216,A0005,C0005,2026-01-20T05:00:00+00:00,outbound,6524.25,USD,CP0090,BR,ach,settled,D0050
T001971,A0060,C0060,2026-01-20T06:00:00+00:00,inbound,371.92,USD,CP0051,CA,card,settled,D0032
T001471,A0044,C0044,2026-01-20T07:00:00+00:00,outbound,956.54,USD,CP0035,US,card,settled,D0018
T001501,A0045,C0045,2026-01-20T07:00:00+00:00,outbound,925.5,USD,CP0082,US,ach,refund,D0048
T001449,A0043,C0043,2026-01-20T08:00:00+00:00,outbound,1323.14,CAD,CP0095,MX,p2p,chargeback,D0012
T000196,A0005,C0005,2026-01-20T10:00:00+00:00,inbound,155.15,USD,CP0038,US,ach,settled,D0030
T001239,A0037,C0037,2026-01-20T11:00:00+00:00,inbound,248.28,GBP,CP-HIGH-RISK-HUB,PA,card,settled,D0001
T002615,A0083,C0083,2026-01-20T11:00:00+00:00,outbound,1317.88,USD,CP0083,US,card,settled,D0003
T002553,A0080,C0080,2026-01-20T13:00:00+00:00,outbound,789.72,GBP,CP0139,US,payout,refund,D0028
T002858,A0091,C0091,2026-01-20T13:00:00+00:00,inbound,243.69,USD,CP0051,BR,p2p,settled,D0012
T002622,A0083,C0083,2026-01-20T13:00:00+00:00,outbound,1196.72,USD,CP0058,GB,p2p,settled,D0020
T001070,A0032,C0032,2026-01-20T16:00:00+00:00,outbound,770.79,USD,CP0139,MX,card,settled,D0034
T000079,A0002,C0002,2026-01-20T16:00:00+00:00,outbound,1080.5,USD,CP0091,US,card,settled,D0004
T000883,A0027,C0027,2026-01-20T18:00:00+00:00,inbound,11700.15,CAD,CP0130,PA,card,settled,D0022
T003201,A0102,C0102,2026-01-20T19:00:00+00:00,outbound,2304.01,USD,CP0002,US,card,settled,D0027
T003425,A0109,C0109,2026-01-20T20:00:00+00:00,inbound,566.07,USD,CP0109,GB,ach,failed,D0034
T001129,A0034,C0034,2026-01-20T21:00:00+00:00,inbound,2634.19,GBP,CP0071,US,p2p,settled,D0034
T002980,A0094,C0094,2026-01-20T21:00:00+00:00,inbound,1247.81,USD,CP0016,CA,card,settled,D0021
T003116,A0099,C0099,2026-01-20T21:00:00+00:00,outbound,727.38,CAD,CP0039,CA,p2p,refund,D0043
T002563,A0080,C0080,2026-01-20T22:00:00+00:00,outbound,2440.27,USD,CP0095,US,card,settled,D0027
T003133,A0099,C0099,2026-01-20T23:00:00+00:00,outbound,1924.37,USD,CP0025,US,card,settled,D0028
T001902,A0058,C0058,2026-01-20T23:00:00+00:00,inbound,1290.91,USD,CP0086,US,wire,settled,D0001
T003431,A0109,C0109,2026-01-21T00:00:00+00:00,outbound,333.2,USD,CP0109,CA,ach,settled,D0039
T001678,A0050,C0050,2026-01-21T00:00:00+00:00,inbound,405.79,USD,CP0100,US,ach,settled,D0028
T000897,A0027,C0027,2026-01-21T00:00:00+00:00,outbound,281.19,USD,CP0052,BR,card,settled,D0011
T003693,A0116,C0116,2026-01-21T01:00:00+00:00,inbound,415.78,USD,CP0105,MX,p2p,settled,D0032
T000286,A0008,C0008,2026-01-21T02:00:00+00:00,outbound,1759.34,USD,CP0036,US,card,settled,D0041
T002124,A0065,C0065,2026-01-21T02:00:00+00:00,outbound,786.36,USD,CP0076,US,card,failed,D0034
T003337,A0107,C0107,2026-01-21T03:00:00+00:00,outbound,3219.5,USD,CP0102,CA,payout,settled,D0018
T002324,A0073,C0073,2026-01-21T03:00:00+00:00,inbound,1230.68,GBP,CP0016,MX,p2p,settled,D0001
T001808,A0055,C0055,2026-01-21T04:00:00+00:00,outbound,917.8,USD,CP0117,US,card,settled,D0045
T002331,A0073,C0073,2026-01-21T07:00:00+00:00,inbound,352.34,USD,CP0115,PA,p2p,failed,D0003
T002579,A0081,C0081,2026-01-21T08:00:00+00:00,inbound,1098.18,USD,CP0067,US,card,settled,D0008
T003526,A0111,C0111,2026-01-21T09:00:00+00:00,outbound,836.13,USD,CP0013,US,ach,settled,D0029
T000618,A0019,C0019,2026-01-21T09:00:00+00:00,outbound,2889.19,USD,CP0126,US,ach,settled,D0004
T003649,A0115,C0115,2026-01-21T10:00:00+00:00,inbound,820.72,GBP,CP0026,US,card,settled,D0015
T002941,A0093,C0093,2026-01-21T10:00:00+00:00,inbound,568.48,CAD,CP0042,PA,ach,settled,D0030
T001013,A0030,C0030,2026-01-21T13:00:00+00:00,outbound,1320.62,CAD,CP0038,US,ach,refund,D0039
T000128,A0003,C0003,2026-01-21T16:00:00+00:00,outbound,873.33,USD,CP0080,CA,payout,settled,D0007
T001864,A0056,C0056,2026-01-21T17:00:00+00:00,inbound,780.26,GBP,CP0135,US,p2p,refund,D0028
T000188,A0005,C0005,2026-01-21T18:00:00+00:00,outbound,752.77,USD,CP0115,US,ach,settled,D0015
T003813,A0120,C0120,2026-01-21T18:00:00+00:00,inbound,427.37,GBP,CP0053,MX,payout,settled,D0050
T002503,A0078,C0078,2026-01-21T19:00:00+00:00,inbound,1101.29,USD,CP0008,GB,card,settled,D0034
T001641,A0049,C0049,2026-01-21T21:00:00+00:00,inbound,629.22,USD,CP0017,BR,card,settled,D0040
T002802,A0090,C0090,2026-01-21T21:00:00+00:00,outbound,877.91,USD,CP0132,GB,card,chargeback,D0026
T000868,A0027,C0027,2026-01-21T22:00:00+00:00,outbound,9290.18,USD,CP0124,US,payout,settled,D0007
T001381,A0041,C0041,2026-01-21T23:00:00+00:00,outbound,940.66,USD,CP0069,US,ach,settled,D0033
T002866,A0091,C0091,2026-01-22T01:00:00+00:00,outbound,224.72,USD,CP0012,US,ach,settled,D0010
T001459,A0044,C0044,2026-01-22T03:00:00+00:00,inbound,1041.0,USD,CP0030,US,p2p,failed,D0053
T001706,A0051,C0051,2026-01-22T03:00:00+00:00,outbound,979.63,USD,CP0117,GB,wire,settled,D0032
T001271,A0038,C0038,2026-01-22T03:00:00+00:00,inbound,716.89,USD,CP0008,US,p2p,settled,D0011
T003735,A0118,C0118,2026-01-22T05:00:00+00:00,inbound,1703.95,USD,CP0105,MX,card,settled,D0008
T001843,A0056,C0056,2026-01-22T06:00:00+00:00,inbound,700.87,USD,CP0009,BR,payout,settled,D0037
T002611,A0082,C0082,2026-01-22T06:00:00+00:00,outbound,4128.5,USD,CP0089,GB,card,settled,D0039
T000723,A0021,C0021,2026-01-22T06:00:00+00:00,outbound,1117.84,USD,CP0026,US,ach,settled,D0031
T002361,A0074,C0074,2026-01-22T09:00:00+00:00,inbound,765.2,GBP,CP0108,CA,wire,settled,D0001
T002413,A0075,C0075,2026-01-22T10:00:00+00:00,inbound,1581.0,USD,CP0053,PA,p2p,refund,D0023
T000498,A0014,C0014,2026-01-22T10:00:00+00:00,inbound,3232.68,USD,CP0082,US,wire,settled,D0035
T001951,A0060,C0060,2026-01-22T13:00:00+00:00,outbound,1656.47,USD,CP0121,GB,card,reversed,D0013
T003643,A0115,C0115,2026-01-22T17:00:00+00:00,inbound,855.98,USD,CP0090,MX,card,settled,D0018
T000093,A0002,C0002,2026-01-22T18:00:00+00:00,outbound,1240.43,USD,CP0034,US,wire,settled,D0039
T003080,A0098,C0098,2026-01-22T21:00:00+00:00,outbound,1293.23,GBP,CP0026,BR,card,settled,D0011
T000047,A0001,C0001,2026-01-22T22:00:00+00:00,inbound,6531.13,USD,CP0144,MX,ach,settled,D0027
T002497,A0077,C0077,2026-01-22T22:00:00+00:00,inbound,1625.04,USD,CP0007,US,card,settled,D0003
T002589,A0082,C0082,2026-01-23T01:00:00+00:00,outbound,624.27,USD,CP0100,US,ach,settled,D0003
T002044,A0063,C0063,2026-01-23T02:00:00+00:00,outbound,2106.06,USD,CP0092,US,p2p,settled,D0025
T001446,A0043,C0043,2026-01-23T04:00:00+00:00,outbound,913.15,USD,CP0010,US,wire,settled,D0006
T003472,A0110,C0110,2026-01-23T05:00:00+00:00,outbound,1425.52,USD,CP0141,GB,card,settled,D0051
T002437,A0076,C0076,2026-01-23T05:00:00+00:00,inbound,1472.74,USD,CP0120,MX,card,settled,D0020
T002327,A0073,C0073,2026-01-23T05:00:00+00:00,inbound,2078.15,USD,CP0112,BR,card,settled,D0030
T003123,A0099,C0099,2026-01-23T05:00:00+00:00,inbound,929.87,USD,CP0099,US,card,settled,D0039
T002651,A0084,C0084,2026-01-23T07:00:00+00:00,inbound,1472.79,GBP,CP0072,US,wire,pending,D0047
T001487,A0044,C0044,2026-01-23T08:00:00+00:00,inbound,944.64,USD,CP0066,US,p2p,settled,D0045
T003055,A0097,C0097,2026-01-23T08:00:00+00:00,outbound,1286.62,USD,CP0031,US,card,settled,D0041
T003310,A0106,C0106,2026-01-23T08:00:00+00:00,inbound,731.47,USD,CP0133,US,card,refund,D0006
T000335,A0010,C0010,2026-01-23T09:00:00+00:00,outbound,459.89,USD,CP0119,US,card,settled,D0002
T001246,A0037,C0037,2026-01-23T10:00:00+00:00,inbound,871.47,USD,CP0045,US,card,settled,D0013
T001288,A0039,C0039,2026-01-23T12:00:00+00:00,inbound,623.41,USD,CP0016,US,payout,reversed,D0029
T003030,A0096,C0096,2026-01-23T13:00:00+00:00,inbound,386.66,USD,CP0001,US,ach,pending,D0022
T000087,A0002,C0002,2026-01-23T13:00:00+00:00,outbound,1070.41,USD,CP0026,US,p2p,settled,D0028
T002137,A0065,C0065,2026-01-23T15:00:00+00:00,inbound,706.34,GBP,CP0099,BR,ach,chargeback,D0029
T000388,A0011,C0011,2026-01-23T15:00:00+00:00,outbound,824.51,USD,CP0093,US,card,settled,D0009
T003269,A0104,C0104,2026-01-23T16:00:00+00:00,outbound,1050.68,USD,CP0006,US,p2p,chargeback,D0038
T003331,A0106,C0106,2026-01-23T16:00:00+00:00,inbound,3528.4,USD,CP0007,MX,ach,pending,D0036
T002108,A0065,C0065,2026-01-23T18:00:00+00:00,outbound,2211.53,USD,CP0119,BR,wire,settled,D0025
T001984,A0061,C0061,2026-01-23T19:00:00+00:00,outbound,3033.88,USD,CP0101,US,ach,settled,D0049
T001993,A0062,C0062,2026-01-23T20:00:00+00:00,outbound,2983.41,USD,CP0088,US,card,settled,D0042
T003261,A0104,C0104,2026-01-23T21:00:00+00:00,inbound,1940.37,USD,CP0145,US,wire,settled,D0042
T000737,A0021,C0021,2026-01-23T21:00:00+00:00,inbound,376.23,USD,CP0131,US,p2p,settled,D0038
T002142,A0065,C0065,2026-01-23T23:00:00+00:00,inbound,1385.58,USD,CP0135,US,card,settled,D0046
T001687,A0051,C0051,2026-01-24T00:00:00+00:00,inbound,1308.56,USD,CP0019,MX,card,settled,D0046
T001456,A0044,C0044,2026-01-24T00:00:00+00:00,inbound,4031.39,USD,CP0065,BR,card,settled,D0007
T003222,A0102,C0102,2026-01-24T03:00:00+00:00,inbound,2948.16,USD,CP0059,US,wire,settled,D0046
T002676,A0085,C0085,2026-01-24T07:00:00+00:00,outbound,2535.26,USD,CP0042,US,ach,settled,D0029
T000499,A0014,C0014,2026-01-24T07:00:00+00:00,inbound,1314.91,USD,CP0109,US,card,settled,D0010
T002519,A0078,C0078,2026-01-24T10:00:00+00:00,inbound,1751.53,USD,CP0001,MX,ach,settled,D0028
T001193,A0036,C0036,2026-01-24T10:00:00+00:00,inbound,429.57,USD,CP0062,GB,card,settled,D0014
T000661,A0019,C0019,2026-01-24T10:00:00+00:00,outbound,292.6,USD,CP0022,GB,ach,settled,D0033
T001611,A0048,C0048,2026-01-24T11:00:00+00:00,outbound,8540.92,USD,CP0084,GB,card,settled,D0015
T001791,A0054,C0054,2026-01-24T13:00:00+00:00,inbound,1463.15,CAD,CP0034,US,p2p,settled,D0032
T000558,A0016,C0016,2026-01-24T14:00:00+00:00,inbound,907.46,USD,CP0145,PA,ach,settled,D0019
T003374,A0108,C0108,2026-01-24T14:00:00+00:00,outbound,2059.11,USD,CP0106,US,ach,settled,D0023
T002545,A0079,C0079,2026-01-24T18:00:00+00:00,inbound,786.46,USD,CP0056,US,ach,refund,D0004
T001135,A0034,C0034,2026-01-24T18:00:00+00:00,inbound,1354.75,GBP,CP0116,MX,card,settled,D0045
T003701,A0117,C0117,2026-01-24T18:00:00+00:00,outbound,690.57,USD,CP0124,CA,ach,settled,D0018
T002961,A0093,C0093,2026-01-24T20:00:00+00:00,outbound,1502.59,USD,CP0097,US,payout,settled,D0037
T002304,A0072,C0072,2026-01-24T23:00:00+00:00,outbound,573.22,USD,CP0006,BR,card,settled,D0040
T000435,A0012,C0012,2026-01-24T23:00:00+00:00,inbound,2213.12,USD,CP0134,US,p2p,settled,D0023
T001733,A0052,C0052,2026-01-25T02:00:00+00:00,outbound,1131.56,USD,CP0145,CA,card,settled,D0026
T000412,A0012,C0012,2026-01-25T06:00:00+00:00,inbound,988.93,USD,CP0041,US,wire,settled,D0022
T002302,A0072,C0072,2026-01-25T08:00:00+00:00,inbound,3436.36,USD,CP0094,MX,ach,failed,D0021
T001436,A0043,C0043,2026-01-25T10:00:00+00:00,outbound,1517.53,USD,CP0067,US,p2p,settled,D0037
T003299,A0106,C0106,2026-01-25T10:00:00+00:00,outbound,1356.95,USD,CP0082,US,p2p,settled,D0003
T001536,A0045,C0045,2026-01-25T11:00:00+00:00,inbound,240.63,USD,CP0008,BR,card,settled,D0008
T003206,A0102,C0102,2026-01-25T11:00:00+00:00,outbound,1125.32,USD,CP0121,US,card,pending,D0013
T002928,A0092,C0092,2026-01-25T11:00:00+00:00,inbound,5001.02,CAD,CP0045,US,card,settled,D0044
T001090,A0033,C0033,2026-01-25T14:00:00+00:00,outbound,164.82,USD,CP0085,US,payout,settled,D0037
T000966,A0029,C0029,2026-01-25T14:00:00+00:00,outbound,1686.94,USD,CP0130,US,payout,settled,D0041
T001253,A0037,C0037,2026-01-25T17:00:00+00:00,outbound,523.22,USD,CP0088,US,p2p,settled,D0027
T002644,A0084,C0084,2026-01-25T19:00:00+00:00,outbound,347.35,CAD,CP0103,US,p2p,settled,D0042
T000709,A0021,C0021,2026-01-25T21:00:00+00:00,outbound,312.12,USD,CP0046,US,card,failed,D0031
T001782,A0054,C0054,2026-01-25T22:00:00+00:00,outbound,1911.07,USD,CP0120,BR,ach,failed,D0011
T000936,A0028,C0028,2026-01-25T22:00:00+00:00,outbound,4641.78,USD,CP0132,US,ach,settled,D0035
T003237,A0103,C0103,2026-01-25T23:00:00+00:00,inbound,2751.47,USD,CP0083,CA,wire,settled,D0009
T000010,A0001,C0001,2026-01-26T00:00:00+00:00,outbound,3015.83,CAD,CP0022,CA,p2p,settled,D0023
T001544,A0046,C0046,2026-01-26T01:00:00+00:00,inbound,2094.94,USD,CP0071,PA,payout,settled,D0020
T001844,A0056,C0056,2026-01-26T02:00:00+00:00,inbound,611.4,USD,CP0093,US,ach,settled,D0051
T002766,A0089,C0089,2026-01-26T02:00:00+00:00,outbound,322.27,CAD,CP0056,CA,p2p,settled,D0015
T001036,A0031,C0031,2026-01-26T06:00:00+00:00,outbound,2441.85,USD,CP0136,US,p2p,settled,D0040
T002732,A0088,C0088,2026-01-26T07:00:00+00:00,inbound,1003.58,USD,CP0047,GB,card,settled,D0054
T002800,A0090,C0090,2026-01-26T08:00:00+00:00,outbound,1346.25,USD,CP0022,MX,p2p,failed,D0024
T000207,A0005,C0005,2026-01-26T09:00:00+00:00,inbound,8292.94,USD,CP0123,GB,p2p,settled,D0045
T000103,A0003,C0003,2026-01-26T10:00:00+00:00,inbound,159.97,USD,CP0037,MX,ach,settled,D0012
T000126,A0003,C0003,2026-01-26T10:00:00+00:00,outbound,3587.74,USD,CP0015,BR,card,settled,D0051
T002472,A0077,C0077,2026-01-26T10:00:00+00:00,inbound,1728.65,USD,CP0089,US,wire,settled,D0023
T001150,A0035,C0035,2026-01-26T10:00:00+00:00,inbound,932.73,USD,CP0086,US,card,refund,D0015
T003265,A0104,C0104,2026-01-26T13:00:00+00:00,outbound,1093.7,USD,CP0013,BR,p2p,settled,D0052
T002636,A0083,C0083,2026-01-26T13:00:00+00:00,inbound,1237.69,USD,CP0145,CA,card,settled,D0003
T003229,A0103,C0103,2026-01-26T13:00:00+00:00,inbound,2031.53,GBP,CP0017,CA,card,settled,D0039
T000471,A0013,C0013,2026-01-26T17:00:00+00:00,inbound,499.1,CAD,CP0108,US,wire,settled,D0052
T000568,A0017,C0017,2026-01-26T17:00:00+00:00,outbound,4179.71,USD,CP0037,US,p2p,settled,D0020
T003694,A0116,C0116,2026-01-26T18:00:00+00:00,inbound,1369.92,USD,CP0006,CA,p2p,pending,D0001
T002178,A0067,C0067,2026-01-26T18:00:00+00:00,inbound,709.96,USD,CP0087,CA,payout,settled,D0034
T003695,A0116,C0116,2026-01-26T19:00:00+00:00,inbound,562.03,CAD,CP0145,BR,wire,settled,D0028
T002907,A0092,C0092,2026-01-26T19:00:00+00:00,inbound,1466.91,USD,CP0049,US,payout,settled,D0034
T001234,A0037,C0037,2026-01-26T20:00:00+00:00,inbound,1818.42,USD,CP-HIGH-RISK-HUB,GB,ach,pending,D0042
T000872,A0027,C0027,2026-01-26T20:00:00+00:00,inbound,841.2,GBP,CP0122,BR,ach,settled,D0011
T003748,A0118,C0118,2026-01-26T20:00:00+00:00,inbound,1847.86,GBP,CP0122,MX,ach,settled,D0040
T002919,A0092,C0092,2026-01-26T21:00:00+00:00,outbound,4522.83,USD,CP0049,US,ach,settled,D0031
T001162,A0035,C0035,2026-01-26T21:00:00+00:00,inbound,1136.66,USD,CP0116,US,p2p,settled,D0044
T001460,A0044,C0044,2026-01-26T21:00:00+00:00,outbound,1324.59,GBP,CP0133,US,card,settled,D0019
T003464,A0110,C0110,2026-01-26T22:00:00+00:00,inbound,404.51,USD,CP0094,GB,card,settled,D0017
T003252,A0103,C0103,2026-01-26T22:00:00+00:00,inbound,544.61,USD,CP0095,US,payout,settled,D0022
T001287,A0039,C0039,2026-01-26T23:00:00+00:00,inbound,780.58,USD,CP0001,BR,card,settled,D0015
T001177,A0035,C0035,2026-01-26T23:00:00+00:00,inbound,1741.32,USD,CP0110,US,card,settled,D0048
T001855,A0056,C0056,2026-01-26T23:00:00+00:00,outbound,5281.95,USD,CP0139,GB,card,settled,D0050
T001326,A0040,C0040,2026-01-27T00:00:00+00:00,outbound,1029.04,USD,CP0024,US,p2p,settled,D0009
T000014,A0001,C0001,2026-01-27T00:00:00+00:00,outbound,846.98,CAD,CP0085,GB,card,settled,D0051
T001394,A0041,C0041,2026-01-27T02:00:00+00:00,inbound,2611.0,USD,CP0057,PA,ach,settled,D0045
T001343,A0041,C0041,2026-01-27T02:00:00+00:00,outbound,9918.0,USD,CP0133,PA,card,settled,D0031
T001895,A0057,C0057,2026-01-27T03:00:00+00:00,inbound,3026.27,USD,CP0049,CA,ach,settled,D0023
T002847,A0091,C0091,2026-01-27T04:00:00+00:00,outbound,99.84,USD,CP0137,US,card,settled,D0040
T000611,A0019,C0019,2026-01-27T06:00:00+00:00,inbound,9498.84,USD,CP0078,PA,p2p,settled,D0023
T003506,A0110,C0110,2026-01-27T11:00:00+00:00,inbound,5305.25,USD,CP0019,PA,card,settled,D0001
T000255,A0007,C0007,2026-01-27T12:00:00+00:00,inbound,1069.48,USD,CP0009,GB,p2p,settled,D0004
T001375,A0041,C0041,2026-01-27T13:00:00+00:00,inbound,1171.23,USD,CP0119,BR,card,settled,D0053
T003069,A0097,C0097,2026-01-27T16:00:00+00:00,outbound,702.36,CAD,CP0047,GB,ach,settled,D0035
T002374,A0074,C0074,2026-01-27T16:00:00+00:00,outbound,2655.51,USD,CP0116,US,ach,settled,D0036
T002760,A0089,C0089,2026-01-27T21:00:00+00:00,inbound,1458.98,USD,CP0103,US,ach,settled,D0026
T000371,A0011,C0011,2026-01-27T22:00:00+00:00,outbound,9860.34,USD,CP0042,US,wire,settled,D0049
T003329,A0106,C0106,2026-01-27T22:00:00+00:00,outbound,1824.68,USD,CP0014,US,p2p,settled,D0031
T001374,A0041,C0041,2026-01-27T22:00:00+00:00,inbound,1151.55,USD,CP0144,GB,ach,settled,D0032
T000880,A0027,C0027,2026-01-28T02:00:00+00:00,outbound,973.89,USD,CP0034,US,ach,refund,D0021
T002277,A0071,C0071,2026-01-28T02:00:00+00:00,outbound,1186.76,CAD,CP0073,CA,payout,settled,D0006
T002570,A0080,C0080,2026-01-28T02:00:00+00:00,inbound,1908.58,USD,CP0122,MX,card,settled,D0021
T001322,A0040,C0040,2026-01-28T03:00:00+00:00,inbound,2398.91,USD,CP0052,US,card,pending,D0006
T002489,A0077,C0077,2026-01-28T08:00:00+00:00,inbound,114.36,USD,CP0010,CA,card,settled,D0031
T001931,A0059,C0059,2026-01-28T09:00:00+00:00,inbound,1220.46,USD,CP0144,US,p2p,settled,D0054
T000657,A0019,C0019,2026-01-28T09:00:00+00:00,outbound,511.15,USD,CP0079,US,payout,settled,D0016
T000479,A0014,C0014,2026-01-28T10:00:00+00:00,inbound,253.73,USD,CP0006,US,payout,settled,D0032
T000878,A0027,C0027,2026-01-28T13:00:00+00:00,outbound,383.94,USD,CP0019,US,card,settled,D0032
T003043,A0097,C0097,2026-01-28T14:00:00+00:00,inbound,235.81,USD,CP0035,US,card,settled,D0049
T000422,A0012,C0012,2026-01-28T18:00:00+00:00,inbound,978.01,USD,CP0073,US,p2p,settled,D0035
T002252,A0070,C0070,2026-01-28T22:00:00+00:00,inbound,755.78,USD,CP0137,US,ach,settled,D0026
T003204,A0102,C0102,2026-01-29T00:00:00+00:00,inbound,271.97,GBP,CP0056,US,ach,settled,D0043
T002205,A0068,C0068,2026-01-29T02:00:00+00:00,outbound,1192.09,USD,CP0048,BR,ach,settled,D0018
T001372,A0041,C0041,2026-01-29T02:00:00+00:00,inbound,2148.88,CAD,CP0022,US,card,refund,D0010
T003327,A0106,C0106,2026-01-29T04:00:00+00:00,inbound,989.18,USD,CP0049,US,wire,pending,D0002
T002454,A0076,C0076,2026-01-29T06:00:00+00:00,outbound,384.49,USD,CP0004,US,card,settled,D0015
T002916,A0092,C0092,2026-01-29T07:00:00+00:00,inbound,524.33,USD,CP0059,MX,ach,settled,D0045
T001621,A0048,C0048,2026-01-29T07:00:00+00:00,inbound,625.7,GBP,CP0004,US,card,settled,D0054
T001244,A0037,C0037,2026-01-29T07:00:00+00:00,outbound,1404.27,USD,CP-HIGH-RISK-HUB,CA,card,settled,D0034
T002488,A0077,C0077,2026-01-29T10:00:00+00:00,outbound,642.56,GBP,CP0048,US,payout,settled,D0050
T002558,A0080,C0080,2026-01-29T11:00:00+00:00,outbound,1536.68,USD,CP0043,GB,card,settled,D0012
T000677,A0020,C0020,2026-01-29T12:00:00+00:00,inbound,2194.67,CAD,CP0048,GB,card,failed,D0025
T003318,A0106,C0106,2026-01-29T14:00:00+00:00,outbound,1063.25,USD,CP0052,MX,p2p,settled,D0043
T001881,A0057,C0057,2026-01-29T14:00:00+00:00,inbound,605.7,USD,CP0134,US,ach,settled,D0011
T001709,A0051,C0051,2026-01-29T14:00:00+00:00,inbound,784.87,CAD,CP0106,PA,card,settled,D0016
T000710,A0021,C0021,2026-01-29T15:00:00+00:00,outbound,1415.24,USD,CP0102,US,p2p,failed,D0048
T003174,A0101,C0101,2026-01-29T16:00:00+00:00,outbound,353.98,USD,CP0078,MX,card,settled,D0004
T002550,A0080,C0080,2026-01-29T17:00:00+00:00,outbound,866.24,USD,CP0015,GB,payout,settled,D0023
T000425,A0012,C0012,2026-01-29T17:00:00+00:00,inbound,134.96,USD,CP0105,US,card,settled,D0009
T000149,A0004,C0004,2026-01-29T18:00:00+00:00,outbound,1615.45,USD,CP0075,CA,ach,settled,D0009
T000921,A0027,C0027,2026-01-29T18:00:00+00:00,inbound,340.8,GBP,CP0013,CA,p2p,settled,D0054
T000086,A0002,C0002,2026-01-29T19:00:00+00:00,inbound,2245.56,GBP,CP0140,PA,payout,settled,D0024
T003056,A0097,C0097,2026-01-29T19:00:00+00:00,inbound,949.17,USD,CP0081,MX,card,settled,D0020
T000939,A0028,C0028,2026-01-29T19:00:00+00:00,outbound,877.36,USD,CP0118,US,p2p,settled,D0016
T001646,A0049,C0049,2026-01-29T19:00:00+00:00,inbound,446.39,USD,CP0052,US,p2p,settled,D0003
T001411,A0042,C0042,2026-01-29T23:00:00+00:00,outbound,1054.79,USD,CP0002,US,p2p,settled,D0028
T003369,A0108,C0108,2026-01-29T23:00:00+00:00,outbound,1211.28,GBP,CP0124,US,wire,settled,D0011
T000945,A0028,C0028,2026-01-30T01:00:00+00:00,outbound,558.81,USD,CP0052,US,card,settled,D0021
T003268,A0104,C0104,2026-01-30T02:00:00+00:00,outbound,2969.81,CAD,CP0025,US,payout,settled,D0019
T002998,A0095,C0095,2026-01-30T02:00:00+00:00,outbound,155.5,CAD,CP0061,GB,p2p,settled,D0042
T000233,A0006,C0006,2026-01-30T03:00:00+00:00,outbound,1485.79,USD,CP0038,US,card,settled,D0020
T002670,A0085,C0085,2026-01-30T03:00:00+00:00,outbound,1095.03,USD,CP0065,GB,ach,settled,D0052
T003111,A0098,C0098,2026-01-30T05:00:00+00:00,inbound,3076.05,USD,CP0056,PA,payout,pending,D0003
T003412,A0108,C0108,2026-01-30T07:00:00+00:00,inbound,1660.0,USD,CP0123,GB,wire,settled,D0005
T003195,A0102,C0102,2026-01-30T08:00:00+00:00,outbound,1291.2,USD,CP0054,US,card,settled,D0001
T002010,A0062,C0062,2026-01-30T09:00:00+00:00,outbound,110.14,USD,CP0087,BR,ach,settled,D0023
T001309,A0040,C0040,2026-01-30T10:00:00+00:00,inbound,2341.26,USD,CP0024,US,p2p,settled,D0011
T000525,A0015,C0015,2026-01-30T11:00:00+00:00,inbound,2152.73,USD,CP0107,GB,card,settled,D0026
T000066,A0002,C0002,2026-01-30T12:00:00+00:00,outbound,264.07,USD,CP0128,BR,card,settled,D0022
T003063,A0097,C0097,2026-01-30T13:00:00+00:00,inbound,165.26,USD,CP0134,BR,card,settled,D0005
T003648,A0115,C0115,2026-01-30T13:00:00+00:00,inbound,2680.54,USD,CP0111,BR,card,settled,D0018
T002197,A0068,C0068,2026-01-30T14:00:00+00:00,inbound,558.7,USD,CP0036,US,ach,settled,D0034
T000451,A0013,C0013,2026-01-30T16:00:00+00:00,inbound,990.4,USD,CP0067,CA,card,settled,D0046
T001537,A0046,C0046,2026-01-30T17:00:00+00:00,outbound,1028.68,USD,CP0105,CA,card,settled,D0005
T001100,A0033,C0033,2026-01-30T17:00:00+00:00,inbound,719.2,USD,CP0129,GB,p2p,settled,D0009
T002351,A0074,C0074,2026-01-30T17:00:00+00:00,inbound,9083.44,USD,CP0085,MX,p2p,settled,D0041
T001827,A0055,C0055,2026-01-30T20:00:00+00:00,inbound,3887.09,USD,CP0034,US,p2p,settled,D0006
T001590,A0048,C0048,2026-01-30T23:00:00+00:00,inbound,384.83,USD,CP0055,BR,ach,pending,D0049
T001226,A0037,C0037,2026-01-31T02:00:00+00:00,outbound,1513.24,USD,CP0115,CA,p2p,pending,D0020
T001209,A0037,C0037,2026-01-31T03:00:00+00:00,inbound,819.63,USD,CP-HIGH-RISK-HUB,GB,ach,settled,D0033
T001905,A0058,C0058,2026-01-31T03:00:00+00:00,outbound,673.8,USD,CP0015,CA,p2p,settled,D0012
T001018,A0031,C0031,2026-01-31T03:00:00+00:00,outbound,3814.13,CAD,CP0101,CA,card,settled,D0029
T000091,A0002,C0002,2026-01-31T03:00:00+00:00,inbound,1625.6,USD,CP0121,CA,payout,settled,D0036
T001807,A0054,C0054,2026-01-31T04:00:00+00:00,outbound,931.93,GBP,CP0015,US,card,settled,D0042
T001561,A0046,C0046,2026-01-31T04:00:00+00:00,inbound,859.37,USD,CP0120,PA,card,settled,D0011
T000974,A0029,C0029,2026-01-31T05:00:00+00:00,inbound,673.65,USD,CP0021,US,ach,settled,D0007
T003785,A0119,C0119,2026-01-31T07:00:00+00:00,outbound,3285.91,USD,CP0106,BR,ach,settled,D0054
T001146,A0034,C0034,2026-01-31T08:00:00+00:00,outbound,350.89,USD,CP0089,CA,ach,settled,D0024
T001845,A0056,C0056,2026-01-31T09:00:00+00:00,inbound,604.1,USD,CP0073,BR,ach,settled,D0044
T001684,A0051,C0051,2026-01-31T09:00:00+00:00,outbound,562.9,USD,CP0148,US,p2p,settled,D0044
T000018,A0001,C0001,2026-01-31T09:00:00+00:00,inbound,2595.56,USD,CP0031,US,p2p,settled,D0019
T003164,A0101,C0101,2026-01-31T10:00:00+00:00,inbound,828.59,USD,CP0099,US,card,failed,D0047
T001140,A0034,C0034,2026-01-31T10:00:00+00:00,outbound,990.56,CAD,CP0092,MX,ach,settled,D0016
T000337,A0010,C0010,2026-01-31T10:00:00+00:00,inbound,1221.94,USD,CP0100,BR,ach,settled,D0029
T000157,A0004,C0004,2026-01-31T10:00:00+00:00,inbound,1095.47,USD,CP0038,BR,card,settled,D0006
T003578,A0112,C0112,2026-01-31T10:00:00+00:00,inbound,1124.89,USD,CP0007,GB,ach,pending,D0012
T001117,A0034,C0034,2026-01-31T11:00:00+00:00,inbound,2997.84,USD,CP0116,US,card,settled,D0013
T002737,A0088,C0088,2026-01-31T11:00:00+00:00,inbound,745.36,GBP,CP0032,US,p2p,settled,D0014
T003760,A0118,C0118,2026-01-31T11:00:00+00:00,inbound,1656.87,USD,CP0019,US,card,settled,D0039
T002779,A0089,C0089,2026-01-31T12:00:00+00:00,inbound,387.02,GBP,CP0038,GB,p2p,settled,D0050
T003022,A0095,C0095,2026-01-31T13:00:00+00:00,inbound,4348.65,USD,CP0094,US,ach,settled,D0036
T002332,A0073,C0073,2026-01-31T14:00:00+00:00,outbound,572.87,USD,CP0048,CA,ach,settled,D0013
T001476,A0044,C0044,2026-01-31T15:00:00+00:00,outbound,1423.65,USD,CP0020,US,card,settled,D0033
T001628,A0048,C0048,2026-01-31T15:00:00+00:00,inbound,1992.96,GBP,CP0084,US,p2p,settled,D0035
T002764,A0089,C0089,2026-01-31T15:00:00+00:00,inbound,167.79,USD,CP0047,US,ach,settled,D0014
T002330,A0073,C0073,2026-01-31T15:00:00+00:00,inbound,1557.25,USD,CP0118,BR,wire,settled,D0035
T003684,A0116,C0116,2026-01-31T17:00:00+00:00,inbound,1376.84,GBP,CP0099,US,ach,settled,D0017
T003790,A0119,C0119,2026-01-31T17:00:00+00:00,inbound,610.84,USD,CP0109,US,card,refund,D0028
T001159,A0035,C0035,2026-01-31T18:00:00+00:00,inbound,1101.25,USD,CP0022,MX,p2p,failed,D0016
T001373,A0041,C0041,2026-01-31T19:00:00+00:00,outbound,1315.75,CAD,CP0062,US,ach,settled,D0052
T000743,A0022,C0022,2026-01-31T20:00:00+00:00,outbound,1863.95,USD,CP0136,MX,card,settled,D0027
T000636,A0019,C0019,2026-01-31T21:00:00+00:00,inbound,2616.41,USD,CP0098,PA,payout,settled,D0039
T000259,A0007,C0007,2026-01-31T22:00:00+00:00,outbound,1123.25,USD,CP0123,US,card,chargeback,D0035
T000074,A0002,C0002,2026-01-31T22:00:00+00:00,inbound,438.22,USD,CP0124,US,card,settled,D0010
T002905,A0092,C0092,2026-02-01T00:00:00+00:00,inbound,939.2,USD,CP0099,CA,p2p,settled,D0053
T003749,A0118,C0118,2026-02-01T00:00:00+00:00,inbound,190.41,USD,CP0020,GB,card,settled,D0006
T000797,A0023,C0023,2026-02-01T02:00:00+00:00,outbound,422.69,USD,CP0060,CA,wire,settled,D0030
T002712,A0087,C0087,2026-02-01T04:00:00+00:00,outbound,507.9,USD,CP0012,MX,card,failed,D0045
T003778,A0119,C0119,2026-02-01T05:00:00+00:00,inbound,3307.94,USD,CP0112,US,ach,settled,D0026
T000202,A0005,C0005,2026-02-01T08:00:00+00:00,outbound,543.33,USD,CP0104,CA,p2p,settled,D0043
T000300,A0009,C0009,2026-02-01T10:00:00+00:00,outbound,4992.39,USD,CP0094,MX,ach,settled,D0007
T001586,A0048,C0048,2026-02-01T10:00:00+00:00,inbound,9172.8,USD,CP0050,US,p2p,settled,D0035
T003018,A0095,C0095,2026-02-01T10:00:00+00:00,inbound,2848.58,USD,CP0125,GB,card,settled,D0014
T001540,A0046,C0046,2026-02-01T10:00:00+00:00,outbound,108.78,USD,CP0041,US,p2p,settled,D0025
T003419,A0108,C0108,2026-02-01T10:00:00+00:00,inbound,3845.39,CAD,CP0031,US,card,settled,D0041
T000302,A0009,C0009,2026-02-01T10:00:00+00:00,outbound,828.99,USD,CP0043,GB,wire,refund,D0049
T002957,A0093,C0093,2026-02-01T11:00:00+00:00,inbound,817.61,USD,CP0061,GB,card,reversed,D0019
T000344,A0011,C0011,2026-02-01T11:00:00+00:00,inbound,9317.74,CAD,CP0023,CA,card,settled,D0023
T000788,A0023,C0023,2026-02-01T14:00:00+00:00,outbound,2451.86,USD,CP0038,US,card,pending,D0023
T001624,A0048,C0048,2026-02-01T15:00:00+00:00,outbound,136.42,CAD,CP0112,PA,wire,settled,D0036
T000745,A0022,C0022,2026-02-01T16:00:00+00:00,inbound,624.35,USD,CP0148,US,ach,settled,D0003
T001513,A0045,C0045,2026-02-01T18:00:00+00:00,inbound,9088.67,USD,CP0092,US,card,settled,D0010
T003102,A0098,C0098,2026-02-01T19:00:00+00:00,inbound,1925.76,GBP,CP0003,US,card,refund,D0047
T000549,A0016,C0016,2026-02-01T19:00:00+00:00,inbound,171.9,USD,CP0017,MX,card,settled,D0014
T003205,A0102,C0102,2026-02-01T22:00:00+00:00,inbound,994.27,USD,CP0031,US,payout,reversed,D0008
T002461,A0076,C0076,2026-02-01T22:00:00+00:00,outbound,1088.36,USD,CP0032,US,p2p,failed,D0041
T001386,A0041,C0041,2026-02-01T23:00:00+00:00,inbound,105.71,USD,CP0029,US,card,settled,D0003
T000133,A0004,C0004,2026-02-02T00:00:00+00:00,outbound,1910.35,USD,CP0092,MX,payout,settled,D0003
T001894,A0057,C0057,2026-02-02T01:00:00+00:00,outbound,1632.67,USD,CP0055,CA,p2p,settled,D0044
T002037,A0063,C0063,2026-02-02T01:00:00+00:00,inbound,974.94,USD,CP-HIGH-RISK-HUB,GB,p2p,settled,D0011
T000224,A0006,C0006,2026-02-02T01:00:00+00:00,outbound,709.78,CAD,CP0076,US,p2p,settled,D0042
T002399,A0074,C0074,2026-02-02T04:00:00+00:00,outbound,1005.08,USD,CP0056,US,ach,settled,D0037
T001780,A0054,C0054,2026-02-02T04:00:00+00:00,outbound,1256.67,USD,CP0014,PA,ach,settled,D0012
T001754,A0053,C0053,2026-02-02T05:00:00+00:00,outbound,620.39,GBP,CP0030,US,ach,chargeback,D0043
T003233,A0103,C0103,2026-02-02T07:00:00+00:00,inbound,1051.48,USD,CP0011,MX,wire,settled,D0026
T000077,A0002,C0002,2026-02-02T07:00:00+00:00,outbound,2585.08,USD,CP0097,MX,card,settled,D0047
T002420,A0075,C0075,2026-02-02T07:00:00+00:00,outbound,2258.97,USD,CP0053,US,card,settled,D0032
T002336,A0073,C0073,2026-02-02T08:00:00+00:00,outbound,1521.96,CAD,CP0011,US,card,settled,D0032
T000763,A0022,C0022,2026-02-02T08:00:00+00:00,outbound,368.0,USD,CP0120,BR,ach,settled,D0018
T001914,A0058,C0058,2026-02-02T09:00:00+00:00,inbound,843.15,USD,CP0022,CA,ach,settled,D0050
T002350,A0073,C0073,2026-02-02T12:00:00+00:00,outbound,997.44,USD,CP0091,US,wire,settled,D0039
T002263,A0071,C0071,2026-02-02T13:00:00+00:00,outbound,11.26,USD,CP0122,CA,ach,settled,D0028
T001983,A0061,C0061,2026-02-02T14:00:00+00:00,inbound,1056.08,USD,CP0128,US,p2p,settled,D0039
T002431,A0075,C0075,2026-02-02T18:00:00+00:00,inbound,624.71,CAD,CP0116,MX,p2p,settled,D0011
T002167,A0066,C0066,2026-02-02T19:00:00+00:00,outbound,707.4,GBP,CP0072,US,card,settled,D0049
T001232,A0037,C0037,2026-02-02T21:00:00+00:00,outbound,621.33,USD,CP0094,PA,card,settled,D0025
T003740,A0118,C0118,2026-02-02T22:00:00+00:00,outbound,3412.38,USD,CP0050,CA,ach,settled,D0013
T000229,A0006,C0006,2026-02-03T00:00:00+00:00,inbound,1732.67,USD,CP0094,US,card,settled,D0051
T001618,A0048,C0048,2026-02-03T00:00:00+00:00,inbound,7641.26,USD,CP0021,CA,wire,settled,D0042
T001176,A0035,C0035,2026-02-03T00:00:00+00:00,inbound,1175.07,USD,CP0095,US,p2p,settled,D0052
T000642,A0019,C0019,2026-02-03T00:00:00+00:00,outbound,817.13,USD,CP0135,US,p2p,settled,D0028
T002393,A0074,C0074,2026-02-03T01:00:00+00:00,outbound,1303.82,USD,CP0038,US,ach,settled,D0018
T003037,A0096,C0096,2026-02-03T01:00:00+00:00,inbound,928.47,USD,CP0001,MX,card,settled,D0005
T003620,A0114,C0114,2026-02-03T01:00:00+00:00,inbound,579.77,USD,CP0006,US,card,settled,D0053
T001707,A0051,C0051,2026-02-03T05:00:00+00:00,inbound,817.36,USD,CP0017,US,card,settled,D0044
T002532,A0079,C0079,2026-02-03T07:00:00+00:00,outbound,764.66,USD,CP0036,US,payout,pending,D0033
T002830,A0090,C0090,2026-02-03T09:00:00+00:00,inbound,1831.25,USD,CP0021,US,ach,settled,D0053
T001451,A0043,C0043,2026-02-03T09:00:00+00:00,inbound,1315.69,USD,CP0083,US,p2p,settled,D0022
T003484,A0110,C0110,2026-02-03T12:00:00+00:00,outbound,1621.17,USD,CP0044,US,ach,settled,D0048
T000688,A0020,C0020,2026-02-03T13:00:00+00:00,inbound,701.65,USD,CP0133,US,card,settled,D0021
T003538,A0111,C0111,2026-02-03T14:00:00+00:00,outbound,726.22,USD,CP0103,US,wire,settled,D0026
T002614,A0083,C0083,2026-02-03T18:00:00+00:00,inbound,1418.3,USD,CP0007,GB,p2p,settled,D0027
T000796,A0023,C0023,2026-02-03T18:00:00+00:00,inbound,2372.97,USD,CP0071,US,ach,settled,D0016
T001285,A0039,C0039,2026-02-03T18:00:00+00:00,inbound,690.21,USD,CP0008,US,p2p,settled,D0022
T003049,A0097,C0097,2026-02-03T20:00:00+00:00,outbound,4291.37,USD,CP0112,US,card,settled,D0006
T000386,A0011,C0011,2026-02-03T21:00:00+00:00,inbound,265.31,GBP,CP0033,BR,card,settled,D0039
T000588,A0018,C0018,2026-02-03T21:00:00+00:00,outbound,1947.39,USD,CP0120,US,wire,settled,D0044
T003822,A0120,C0120,2026-02-03T21:00:00+00:00,inbound,2112.07,USD,CP0129,PA,ach,settled,D0020
T003646,A0115,C0115,2026-02-03T22:00:00+00:00,outbound,475.81,USD,CP0016,MX,payout,failed,D0029
T002000,A0062,C0062,2026-02-03T23:00:00+00:00,inbound,1664.22,USD,CP0024,GB,wire,settled,D0012
T001803,A0054,C0054,2026-02-03T23:00:00+00:00,inbound,2110.02,USD,CP0138,GB,wire,settled,D0031
T002654,A0084,C0084,2026-02-03T23:00:00+00:00,outbound,805.51,CAD,CP0060,US,card,settled,D0037
T002172,A0066,C0066,2026-02-04T00:00:00+00:00,outbound,1914.68,USD,CP0072,US,ach,settled,D0018
T003676,A0116,C0116,2026-02-04T00:00:00+00:00,inbound,668.78,USD,CP0046,US,p2p,settled,D0051
T000381,A0011,C0011,2026-02-04T00:00:00+00:00,outbound,4224.35,USD,CP0041,GB,p2p,settled,D0035
T001030,A0031,C0031,2026-02-04T02:00:00+00:00,inbound,1032.3,USD,CP0058,US,card,settled,D0001
T001300,A0039,C0039,2026-02-04T07:00:00+00:00,inbound,430.33,USD,CP0076,PA,card,reversed,D0001
T001937,A0059,C0059,2026-02-04T10:00:00+00:00,outbound,1277.14,CAD,CP0074,US,p2p,reversed,D0045
T000309,A0009,C0009,2026-02-04T12:00:00+00:00,outbound,853.02,CAD,CP0100,CA,p2p,settled,D0002
T002484,A0077,C0077,2026-02-04T12:00:00+00:00,outbound,1270.91,USD,CP0092,US,card,failed,D0045
T002240,A0070,C0070,2026-02-04T12:00:00+00:00,inbound,2817.98,USD,CP0084,MX,ach,settled,D0023
T001163,A0035,C0035,2026-02-04T13:00:00+00:00,inbound,1170.19,USD,CP0100,US,p2p,settled,D0028
T000548,A0016,C0016,2026-02-04T15:00:00+00:00,inbound,589.47,CAD,CP0133,US,card,settled,D0004
T001912,A0058,C0058,2026-02-04T17:00:00+00:00,inbound,2574.51,USD,CP0117,MX,card,settled,D0036
T002969,A0094,C0094,2026-02-04T17:00:00+00:00,inbound,2518.61,USD,CP0055,US,card,settled,D0036
T003714,A0117,C0117,2026-02-04T18:00:00+00:00,outbound,459.32,USD,CP0134,US,wire,settled,D0041
T001270,A0038,C0038,2026-02-04T18:00:00+00:00,outbound,1871.59,USD,CP0003,CA,card,settled,D0027
T001856,A0056,C0056,2026-02-04T20:00:00+00:00,inbound,1434.36,USD,CP0126,US,card,settled,D0012
T002476,A0077,C0077,2026-02-04T22:00:00+00:00,outbound,1857.37,GBP,CP0005,US,ach,settled,D0015
T000676,A0020,C0020,2026-02-04T23:00:00+00:00,outbound,1392.84,USD,CP0002,CA,ach,settled,D0011
T000083,A0002,C0002,2026-02-05T00:00:00+00:00,outbound,816.84,GBP,CP0146,US,wire,settled,D0009
T001817,A0055,C0055,2026-02-05T01:00:00+00:00,outbound,1268.65,USD,CP0143,BR,card,failed,D0011
T003075,A0098,C0098,2026-02-05T01:00:00+00:00,outbound,438.62,USD,CP0080,MX,card,settled,D0032
T003447,A0109,C0109,2026-02-05T01:00:00+00:00,outbound,992.91,USD,CP0113,MX,ach,settled,D0022
T003605,A0113,C0113,2026-02-05T01:00:00+00:00,outbound,673.2,USD,CP0013,US,ach,settled,D0033
T003286,A0105,C0105,2026-02-05T02:00:00+00:00,inbound,469.2,USD,CP0093,US,card,settled,D0017
T000131,A0004,C0004,2026-02-05T05:00:00+00:00,outbound,1212.98,USD,CP0112,US,card,settled,D0036
T000178,A0005,C0005,2026-02-05T07:00:00+00:00,inbound,2543.12,USD,CP0035,PA,card,settled,D0045
T000930,A0028,C0028,2026-02-05T08:00:00+00:00,outbound,748.59,USD,CP0026,GB,card,settled,D0029
T002254,A0070,C0070,2026-02-05T09:00:00+00:00,inbound,235.56,USD,CP0144,US,card,settled,D0046
T000035,A0001,C0001,2026-02-05T09:00:00+00:00,outbound,1880.2,CAD,CP0007,US,card,pending,D0051
T001005,A0030,C0030,2026-02-05T09:00:00+00:00,inbound,1861.36,USD,CP0054,US,card,settled,D0001
T002084,A0064,C0064,2026-02-05T10:00:00+00:00,inbound,1598.95,GBP,CP0117,US,card,settled,D0013
T000129,A0004,C0004,2026-02-05T10:00:00+00:00,outbound,1391.91,USD,CP0081,US,ach,settled,D0054
T001916,A0058,C0058,2026-02-05T15:00:00+00:00,inbound,1461.3,USD,CP0138,MX,ach,settled,D0039
T002868,A0091,C0091,2026-02-05T19:00:00+00:00,inbound,657.69,USD,CP0069,GB,card,settled,D0035
T000502,A0014,C0014,2026-02-05T21:00:00+00:00,outbound,1625.48,USD,CP0024,US,card,settled,D0008
T000742,A0022,C0022,2026-02-06T01:00:00+00:00,outbound,1011.93,USD,CP0101,CA,card,settled,D0006
T000577,A0017,C0017,2026-02-06T02:00:00+00:00,inbound,276.62,USD,CP0132,GB,payout,settled,D0028
T003101,A0098,C0098,2026-02-06T03:00:00+00:00,outbound,1147.82,USD,CP0064,US,payout,settled,D0002
T000353,A0011,C0011,2026-02-06T04:00:00+00:00,outbound,9011.6,USD,CP0019,PA,wire,settled,D0048
T003477,A0110,C0110,2026-02-06T06:00:00+00:00,inbound,1700.23,USD,CP0031,US,payout,pending,D0013
T002218,A0069,C0069,2026-02-06T06:00:00+00:00,outbound,750.96,GBP,CP0062,CA,card,pending,D0010
T001886,A0057,C0057,2026-02-06T08:00:00+00:00,outbound,1047.55,USD,CP0025,PA,card,settled,D0050
T001591,A0048,C0048,2026-02-06T08:00:00+00:00,inbound,2428.76,GBP,CP0100,US,p2p,settled,D0014
T003322,A0106,C0106,2026-02-06T08:00:00+00:00,outbound,1089.67,USD,CP0114,BR,card,settled,D0028
T001092,A0033,C0033,2026-02-06T08:00:00+00:00,outbound,1311.64,USD,CP0074,US,payout,settled,D0008
T003487,A0110,C0110,2026-02-06T09:00:00+00:00,outbound,2447.6,USD,CP0086,US,card,settled,D0017
T001428,A0042,C0042,2026-02-06T10:00:00+00:00,outbound,938.73,USD,CP0086,US,ach,settled,D0027
T003408,A0108,C0108,2026-02-06T10:00:00+00:00,inbound,2127.59,USD,CP0096,US,wire,settled,D0015
T002035,A0063,C0063,2026-02-06T11:00:00+00:00,inbound,1763.96,USD,CP0001,PA,card,settled,D0051
T003697,A0116,C0116,2026-02-06T12:00:00+00:00,inbound,280.96,CAD,CP0102,US,wire,settled,D0026
T002452,A0076,C0076,2026-02-06T12:00:00+00:00,outbound,1159.35,USD,CP0001,US,ach,settled,D0014
T002289,A0072,C0072,2026-02-06T12:00:00+00:00,inbound,1306.44,GBP,CP0109,CA,ach,settled,D0045
T002296,A0072,C0072,2026-02-06T16:00:00+00:00,outbound,1834.93,CAD,CP0018,US,ach,settled,D0026
T001258,A0037,C0037,2026-02-06T17:00:00+00:00,inbound,1139.93,USD,CP0025,US,ach,settled,D0030
T001489,A0045,C0045,2026-02-06T20:00:00+00:00,inbound,4843.02,USD,CP0125,GB,p2p,settled,D0008
T000689,A0020,C0020,2026-02-06T21:00:00+00:00,outbound,729.56,USD,CP0063,US,p2p,failed,D0010
T003500,A0110,C0110,2026-02-06T23:00:00+00:00,inbound,6981.42,USD,CP0137,MX,payout,failed,D0025
T001882,A0057,C0057,2026-02-07T00:00:00+00:00,outbound,722.31,USD,CP0117,GB,wire,settled,D0048
T003054,A0097,C0097,2026-02-07T01:00:00+00:00,outbound,524.93,USD,CP0042,US,wire,settled,D0027
T001701,A0051,C0051,2026-02-07T01:00:00+00:00,inbound,1288.14,USD,CP0136,US,ach,settled,D0018
T003468,A0110,C0110,2026-02-07T03:00:00+00:00,inbound,1063.87,USD,CP0147,PA,ach,settled,D0052
T003364,A0107,C0107,2026-02-07T04:00:00+00:00,inbound,1439.11,GBP,CP0081,CA,card,settled,D0032
T000165,A0004,C0004,2026-02-07T04:00:00+00:00,inbound,181.0,USD,CP0090,US,ach,settled,D0025
T000954,A0029,C0029,2026-02-07T04:00:00+00:00,inbound,715.98,USD,CP0017,GB,p2p,settled,D0041
T002303,A0072,C0072,2026-02-07T05:00:00+00:00,inbound,994.55,USD,CP0053,MX,p2p,settled,D0007
T003181,A0101,C0101,2026-02-07T05:00:00+00:00,outbound,303.16,USD,CP0012,US,ach,settled,D0033
T002334,A0073,C0073,2026-02-07T08:00:00+00:00,inbound,2036.08,USD,CP0105,US,p2p,failed,D0042
T000626,A0019,C0019,2026-02-07T08:00:00+00:00,inbound,924.82,USD,CP0056,CA,wire,settled,D0028
T002074,A0064,C0064,2026-02-07T08:00:00+00:00,outbound,1090.35,USD,CP0115,US,card,settled,D0018
T001105,A0033,C0033,2026-02-07T10:00:00+00:00,inbound,838.77,USD,CP0102,US,wire,settled,D0019
T001396,A0041,C0041,2026-02-07T12:00:00+00:00,outbound,1096.81,USD,CP0105,US,wire,settled,D0033
T002881,A0092,C0092,2026-02-07T12:00:00+00:00,inbound,1724.54,USD,CP0143,CA,card,pending,D0012
T001151,A0035,C0035,2026-02-07T19:00:00+00:00,inbound,240.39,USD,CP0082,US,ach,settled,D0039
T001673,A0050,C0050,2026-02-07T19:00:00+00:00,outbound,548.7,USD,CP0034,US,ach,settled,D0011
T000922,A0027,C0027,2026-02-07T22:00:00+00:00,outbound,4002.54,USD,CP0149,US,wire,settled,D0008
T000394,A0012,C0012,2026-02-07T22:00:00+00:00,inbound,1588.76,USD,CP-HIGH-RISK-HUB,PA,card,settled,D0042
T002385,A0074,C0074,2026-02-07T22:00:00+00:00,inbound,779.85,USD,CP0028,MX,ach,settled,D0010
T002253,A0070,C0070,2026-02-08T00:00:00+00:00,inbound,235.26,USD,CP0025,MX,card,settled,D0035
T002748,A0088,C0088,2026-02-08T01:00:00+00:00,inbound,1430.93,USD,CP0148,US,card,failed,D0048
T003582,A0113,C0113,2026-02-08T01:00:00+00:00,outbound,588.04,USD,CP0052,US,ach,settled,D0031
T002751,A0089,C0089,2026-02-08T02:00:00+00:00,inbound,716.56,USD,CP0047,US,payout,settled,D0037
T003397,A0108,C0108,2026-02-08T05:00:00+00:00,outbound,1424.95,GBP,CP0019,US,ach,settled,D0052
T000925,A0027,C0027,2026-02-08T05:00:00+00:00,inbound,222.89,USD,CP0066,US,payout,failed,D0022
T002871,A0091,C0091,2026-02-08T06:00:00+00:00,outbound,214.6,USD,CP0106,CA,card,settled,D0022
T003278,A0105,C0105,2026-02-08T06:00:00+00:00,inbound,1803.11,USD,CP0126,PA,payout,settled,D0049
T001795,A0054,C0054,2026-02-08T07:00:00+00:00,inbound,1258.09,USD,CP0109,US,card,pending,D0010
T001949,A0059,C0059,2026-02-08T08:00:00+00:00,outbound,393.25,USD,CP0008,US,ach,settled,D0004
T002402,A0074,C0074,2026-02-08T10:00:00+00:00,inbound,619.43,USD,CP0046,US,payout,settled,D0022
T002935,A0093,C0093,2026-02-08T11:00:00+00:00,outbound,1297.7,USD,CP0040,US,card,settled,D0047
T000285,A0008,C0008,2026-02-08T11:00:00+00:00,inbound,737.73,USD,CP0114,PA,wire,settled,D0006
T001740,A0053,C0053,2026-02-08T11:00:00+00:00,outbound,839.75,USD,CP0023,US,ach,settled,D0032
T002078,A0064,C0064,2026-02-08T12:00:00+00:00,inbound,2359.43,USD,CP0001,US,p2p,settled,D0013
T002875,A0092,C0092,2026-02-08T12:00:00+00:00,outbound,1356.43,USD,CP0113,US,ach,settled,D0014
T002415,A0075,C0075,2026-02-08T13:00:00+00:00,inbound,944.7,USD,CP0110,US,card,pending,D0051
T002419,A0075,C0075,2026-02-08T14:00:00+00:00,inbound,317.89,USD,CP0048,US,p2p,settled,D0037
T000842,A0025,C0025,2026-02-08T16:00:00+00:00,outbound,2231.6,USD,CP0104,CA,p2p,settled,D0044
T001204,A0037,C0037,2026-02-08T16:00:00+00:00,outbound,898.41,USD,CP-HIGH-RISK-HUB,US,p2p,settled,D0041
T001747,A0053,C0053,2026-02-08T16:00:00+00:00,outbound,592.43,USD,CP0100,US,payout,settled,D0033
T000995,A0030,C0030,2026-02-08T16:00:00+00:00,inbound,1397.11,USD,CP0117,US,ach,settled,D0049
T003087,A0098,C0098,2026-02-08T17:00:00+00:00,inbound,966.48,USD,CP0104,US,ach,settled,D0033
T001499,A0045,C0045,2026-02-08T17:00:00+00:00,outbound,3571.67,USD,CP0111,PA,ach,settled,D0042
T000632,A0019,C0019,2026-02-08T18:00:00+00:00,inbound,3370.1,USD,CP0012,US,payout,chargeback,D0046
T001082,A0033,C0033,2026-02-08T21:00:00+00:00,outbound,972.53,USD,CP0019,US,payout,settled,D0015
T000773,A0023,C0023,2026-02-08T22:00:00+00:00,inbound,1037.73,GBP,CP0106,US,ach,settled,D0012
T002582,A0081,C0081,2026-02-09T00:00:00+00:00,inbound,2470.22,USD,CP0046,US,card,settled,D0030
T003513,A0110,C0110,2026-02-09T01:00:00+00:00,outbound,7514.35,USD,CP0126,US,card,settled,D0009
T000542,A0016,C0016,2026-02-09T03:00:00+00:00,outbound,2133.92,CAD,CP0020,US,card,reversed,D0046
T003093,A0098,C0098,2026-02-09T04:00:00+00:00,inbound,1474.83,USD,CP0138,US,card,failed,D0046
T000172,A0005,C0005,2026-02-09T04:00:00+00:00,outbound,1277.17,USD,CP0127,MX,p2p,settled,D0050
T003000,A0095,C0095,2026-02-09T05:00:00+00:00,outbound,726.86,USD,CP0138,GB,card,settled,D0050
T002036,A0063,C0063,2026-02-09T05:00:00+00:00,outbound,4009.1,USD,CP0025,GB,p2p,settled,D0043
T001419,A0042,C0042,2026-02-09T05:00:00+00:00,inbound,3145.44,USD,CP0116,US,ach,settled,D0025
T001152,A0035,C0035,2026-02-09T05:00:00+00:00,outbound,1751.33,USD,CP0125,BR,p2p,settled,D0037
T003682,A0116,C0116,2026-02-09T06:00:00+00:00,inbound,2603.93,USD,CP0045,US,card,settled,D0041
T001337,A0040,C0040,2026-02-09T07:00:00+00:00,outbound,137.02,USD,CP0025,BR,card,settled,D0053
T000753,A0022,C0022,2026-02-09T08:00:00+00:00,outbound,374.69,USD,CP0032,US,payout,settled,D0028
T000488,A0014,C0014,2026-02-09T08:00:00+00:00,outbound,1531.91,USD,CP0122,BR,p2p,settled,D0029
T003208,A0102,C0102,2026-02-09T09:00:00+00:00,outbound,2658.62,CAD,CP0076,US,card,settled,D0030
T003602,A0113,C0113,2026-02-09T11:00:00+00:00,inbound,2119.82,USD,CP0080,US,p2p,settled,D0029
T001543,A0046,C0046,2026-02-09T12:00:00+00:00,outbound,546.31,USD,CP0035,US,p2p,settled,D0031
T003084,A0098,C0098,2026-02-09T12:00:00+00:00,inbound,2811.69,GBP,CP0060,BR,payout,settled,D0001
T003311,A0106,C0106,2026-02-09T13:00:00+00:00,outbound,1408.64,USD,CP0016,GB,p2p,reversed,D0048
T003012,A0095,C0095,2026-02-09T13:00:00+00:00,inbound,46.39,USD,CP0084,PA,card,settled,D0013
T003394,A0108,C0108,2026-02-09T14:00:00+00:00,outbound,274.16,USD,CP0085,MX,wire,settled,D0005
T003429,A0109,C0109,2026-02-09T14:00:00+00:00,inbound,516.07,USD,CP0012,US,card,settled,D0017
T001669,A0050,C0050,2026-02-09T17:00:00+00:00,outbound,772.65,USD,CP0121,US,ach,settled,D0026
T002894,A0092,C0092,2026-02-09T19:00:00+00:00,inbound,335.02,USD,CP0109,US,p2p,settled,D0023
T002290,A0072,C0072,2026-02-09T22:00:00+00:00,inbound,558.88,USD,CP0027,CA,ach,settled,D0007
T003398,A0108,C0108,2026-02-09T22:00:00+00:00,outbound,1927.68,GBP,CP0029,GB,card,settled,D0010
T001421,A0042,C0042,2026-02-09T22:00:00+00:00,outbound,2217.83,USD,CP0086,US,ach,pending,D0023
T003812,A0120,C0120,2026-02-09T23:00:00+00:00,inbound,1845.11,CAD,CP0032,BR,ach,settled,D0036
T002756,A0089,C0089,2026-02-10T00:00:00+00:00,inbound,1924.43,CAD,CP0106,US,wire,settled,D0006
T003346,A0107,C0107,2026-02-10T00:00:00+00:00,inbound,1994.31,USD,CP0086,GB,card,settled,D0016
T001138,A0034,C0034,2026-02-10T01:00:00+00:00,inbound,872.84,USD,CP0074,US,wire,settled,D0002
T003182,A0101,C0101,2026-02-10T02:00:00+00:00,inbound,989.97,GBP,CP0036,US,payout,settled,D0034
T000698,A0020,C0020,2026-02-10T03:00:00+00:00,inbound,2197.01,USD,CP0110,US,ach,settled,D0036
T003668,A0116,C0116,2026-02-10T04:00:00+00:00,outbound,600.08,USD,CP0045,CA,card,settled,D0052
T002525,A0078,C0078,2026-02-10T08:00:00+00:00,outbound,1641.86,USD,CP0034,US,card,settled,D0018
T001130,A0034,C0034,2026-02-10T10:00:00+00:00,inbound,1738.72,USD,CP0041,US,p2p,settled,D0052
T002047,A0063,C0063,2026-02-10T14:00:00+00:00,outbound,2514.01,USD,CP-HIGH-RISK-HUB,CA,wire,refund,D0049
T001570,A0047,C0047,2026-02-10T16:00:00+00:00,inbound,1931.76,CAD,CP0006,US,card,failed,D0001
T002005,A0062,C0062,2026-02-10T19:00:00+00:00,inbound,1869.14,USD,CP0099,US,payout,settled,D0003
T003400,A0108,C0108,2026-02-10T19:00:00+00:00,outbound,2265.29,USD,CP0140,US,card,settled,D0044
T001837,A0056,C0056,2026-02-10T20:00:00+00:00,outbound,335.77,USD,CP0089,BR,ach,settled,D0026
T002482,A0077,C0077,2026-02-10T22:00:00+00:00,outbound,391.05,USD,CP0105,MX,wire,settled,D0044
T000556,A0016,C0016,2026-02-10T22:00:00+00:00,outbound,987.1,USD,CP0115,US,card,settled,D0044
T002888,A0092,C0092,2026-02-10T23:00:00+00:00,outbound,2263.94,USD,CP0049,MX,payout,settled,D0003
T001286,A0039,C0039,2026-02-10T23:00:00+00:00,inbound,413.87,USD,CP0090,MX,p2p,settled,D0014
T003467,A0110,C0110,2026-02-11T00:00:00+00:00,inbound,1191.64,USD,CP0123,US,p2p,settled,D0047
T000489,A0014,C0014,2026-02-11T00:00:00+00:00,outbound,2163.05,USD,CP0099,CA,ach,settled,D0030
T002752,A0089,C0089,2026-02-11T01:00:00+00:00,inbound,316.11,USD,CP0049,MX,card,settled,D0016
T002860,A0091,C0091,2026-02-11T03:00:00+00:00,outbound,1989.71,USD,CP0123,US,p2p,settled,D0026
T003383,A0108,C0108,2026-02-11T06:00:00+00:00,outbound,2507.85,USD,CP0090,CA,card,settled,D0035
T003797,A0120,C0120,2026-02-11T09:00:00+00:00,inbound,510.55,GBP,CP0069,PA,payout,settled,D0001
T002849,A0091,C0091,2026-02-11T10:00:00+00:00,outbound,493.98,USD,CP0119,US,payout,failed,D0020
T002474,A0077,C0077,2026-02-11T11:00:00+00:00,inbound,468.79,USD,CP0042,BR,card,settled,D0042
T002862,A0091,C0091,2026-02-11T12:00:00+00:00,inbound,2121.89,USD,CP0146,US,ach,settled,D0012
T002772,A0089,C0089,2026-02-11T12:00:00+00:00,inbound,1888.12,GBP,CP0016,US,ach,settled,D0011
T000704,A0021,C0021,2026-02-11T13:00:00+00:00,inbound,2802.01,USD,CP0099,MX,card,settled,D0054
T003023,A0095,C0095,2026-02-11T14:00:00+00:00,outbound,2229.28,USD,CP0039,MX,ach,pending,D0028
T002073,A0064,C0064,2026-02-11T16:00:00+00:00,inbound,2206.95,USD,CP0140,BR,p2p,failed,D0038
T000792,A0023,C0023,2026-02-11T17:00:00+00:00,outbound,1627.57,USD,CP0002,GB,card,settled,D0006
T000494,A0014,C0014,2026-02-11T17:00:00+00:00,outbound,883.82,USD,CP0031,US,wire,settled,D0031
T003117,A0099,C0099,2026-02-11T17:00:00+00:00,inbound,824.06,USD,CP0067,PA,card,settled,D0031
T002030,A0063,C0063,2026-02-11T18:00:00+00:00,inbound,1050.36,USD,CP0044,US,card,settled,D0019
T003642,A0115,C0115,2026-02-11T18:00:00+00:00,inbound,340.3,USD,CP0115,US,p2p,settled,D0010
T003109,A0098,C0098,2026-02-11T22:00:00+00:00,outbound,1757.75,USD,CP0120,BR,ach,settled,D0018
T000949,A0028,C0028,2026-02-11T22:00:00+00:00,inbound,1018.94,GBP,CP0028,US,card,settled,D0021
T002274,A0071,C0071,2026-02-11T23:00:00+00:00,inbound,3386.39,USD,CP0082,US,p2p,settled,D0026
T002681,A0085,C0085,2026-02-11T23:00:00+00:00,inbound,1261.25,USD,CP0042,US,payout,settled,D0036
T002271,A0071,C0071,2026-02-12T00:00:00+00:00,outbound,563.83,USD,CP0067,MX,p2p,settled,D0036
T000932,A0028,C0028,2026-02-12T01:00:00+00:00,outbound,804.44,USD,CP0090,US,card,settled,D0008
T000999,A0030,C0030,2026-02-12T02:00:00+00:00,outbound,723.51,USD,CP0148,US,payout,settled,D0019
T001956,A0060,C0060,2026-02-12T06:00:00+00:00,inbound,579.95,USD,CP0147,BR,card,settled,D0046
T000051,A0001,C0001,2026-02-12T06:00:00+00:00,inbound,7423.34,USD,CP0036,US,ach,settled,D0050
T002741,A0088,C0088,2026-02-12T08:00:00+00:00,inbound,1847.34,USD,CP0143,US,payout,settled,D0018
T000610,A0018,C0018,2026-02-12T08:00:00+00:00,outbound,442.06,USD,CP0014,US,payout,settled,D0006
T000468,A0013,C0013,2026-02-12T11:00:00+00:00,outbound,1350.36,USD,CP0137,GB,payout,reversed,D0034
T003488,A0110,C0110,2026-02-12T11:00:00+00:00,inbound,1332.68,USD,CP0126,GB,ach,settled,D0041
T001262,A0037,C0037,2026-02-12T12:00:00+00:00,inbound,2310.88,USD,CP0030,PA,ach,settled,D0039
T001794,A0054,C0054,2026-02-12T13:00:00+00:00,outbound,852.27,USD,CP0038,US,p2p,reversed,D0035
T000694,A0020,C0020,2026-02-12T13:00:00+00:00,outbound,1114.83,USD,CP0078,MX,card,settled,D0012
T000505,A0014,C0014,2026-02-12T14:00:00+00:00,inbound,1961.65,USD,CP0124,US,p2p,failed,D0001
T000639,A0019,C0019,2026-02-12T15:00:00+00:00,outbound,1985.73,USD,CP0056,GB,p2p,settled,D0044
T002512,A0078,C0078,2026-02-12T16:00:00+00:00,inbound,2359.03,USD,CP0035,US,payout,settled,D0031
T003547,A0112,C0112,2026-02-12T17:00:00+00:00,inbound,528.79,USD,CP0135,US,card,settled,D0030
T002856,A0091,C0091,2026-02-12T17:00:00+00:00,inbound,1814.02,USD,CP0054,US,wire,failed,D0043
T002818,A0090,C0090,2026-02-12T19:00:00+00:00,outbound,491.06,USD,CP-HIGH-RISK-HUB,MX,card,settled,D0003
T001732,A0052,C0052,2026-02-12T19:00:00+00:00,inbound,1749.62,USD,CP0001,US,p2p,settled,D0014
T003508,A0110,C0110,2026-02-12T20:00:00+00:00,outbound,3066.06,USD,CP0073,GB,ach,settled,D0037
T000563,A0017,C0017,2026-02-12T21:00:00+00:00,inbound,1095.83,USD,CP0037,GB,card,settled,D0022
T002923,A0092,C0092,2026-02-12T21:00:00+00:00,inbound,4067.39,USD,CP0141,BR,card,settled,D0054
T001369,A0041,C0041,2026-02-12T21:00:00+00:00,inbound,747.23,GBP,CP0135,US,card,settled,D0035
T000768,A0022,C0022,2026-02-13T00:00:00+00:00,inbound,649.65,GBP,CP0078,US,wire,settled,D0053
T000052,A0001,C0001,2026-02-13T00:00:00+00:00,inbound,3285.34,USD,CP0066,US,p2p,reversed,D0020
T003264,A0104,C0104,2026-02-13T04:00:00+00:00,outbound,1175.08,USD,CP0037,PA,ach,settled,D0049
T000935,A0028,C0028,2026-02-13T04:00:00+00:00,outbound,1246.08,USD,CP0147,PA,ach,settled,D0022
T000261,A0007,C0007,2026-02-13T09:00:00+00:00,inbound,694.56,GBP,CP0045,US,ach,settled,D0026
T001215,A0037,C0037,2026-02-13T10:00:00+00:00,outbound,1960.11,CAD,CP0058,US,ach,settled,D0006
T000211,A0005,C0005,2026-02-13T11:00:00+00:00,outbound,821.6,USD,CP0114,GB,payout,settled,D0032
T000744,A0022,C0022,2026-02-13T14:00:00+00:00,inbound,1192.43,USD,CP0105,MX,ach,settled,D0007
T001098,A0033,C0033,2026-02-13T16:00:00+00:00,outbound,1654.07,USD,CP0029,PA,p2p,settled,D0028
T002501,A0078,C0078,2026-02-13T17:00:00+00:00,inbound,1544.33,USD,CP0060,CA,p2p,chargeback,D0015
T002557,A0080,C0080,2026-02-13T20:00:00+00:00,inbound,715.96,USD,CP0132,US,ach,settled,D0007
T002949,A0093,C0093,2026-02-13T20:00:00+00:00,inbound,1332.02,USD,CP0065,BR,card,settled,D0004
T000602,A0018,C0018,2026-02-13T21:00:00+00:00,outbound,1044.87,USD,CP0005,CA,ach,settled,D0029
T003629,A0114,C0114,2026-02-13T21:00:00+00:00,inbound,491.8,USD,CP0033,US,ach,settled,D0012
T003653,A0115,C0115,2026-02-13T21:00:00+00:00,outbound,1328.92,USD,CP0144,US,p2p,failed,D0052
T002065,A0063,C0063,2026-02-13T22:00:00+00:00,outbound,1431.48,USD,CP0106,CA,card,settled,D0054
T002459,A0076,C0076,2026-02-14T04:00:00+00:00,outbound,1758.29,USD,CP0143,BR,card,settled,D0032
T001509,A0045,C0045,2026-02-14T05:00:00+00:00,inbound,554.47,USD,CP0053,US,payout,settled,D0020
T003486,A0110,C0110,2026-02-14T07:00:00+00:00,outbound,1149.14,USD,CP0089,MX,card,settled,D0040
T001015,A0030,C0030,2026-02-14T09:00:00+00:00,outbound,334.8,USD,CP0104,US,payout,settled,D0031
T000219,A0005,C0005,2026-02-14T11:00:00+00:00,outbound,1961.56,CAD,CP0068,BR,payout,pending,D0022
T000585,A0017,C0017,2026-02-14T12:00:00+00:00,inbound,1666.6,USD,CP0080,US,p2p,settled,D0007
T003325,A0106,C0106,2026-02-14T15:00:00+00:00,outbound,1611.44,USD,CP0117,US,card,settled,D0019
T002147,A0065,C0065,2026-02-14T16:00:00+00:00,inbound,727.94,GBP,CP0031,GB,ach,settled,D0053
T001852,A0056,C0056,2026-02-14T18:00:00+00:00,inbound,1050.18,GBP,CP0035,US,wire,reversed,D0024
T001627,A0048,C0048,2026-02-14T20:00:00+00:00,outbound,6889.48,USD,CP0102,CA,card,settled,D0045
T001194,A0036,C0036,2026-02-14T20:00:00+00:00,inbound,811.86,GBP,CP0051,BR,wire,settled,D0005
T002714,A0087,C0087,2026-02-14T20:00:00+00:00,inbound,635.72,USD,CP0116,BR,p2p,settled,D0027
T002312,A0072,C0072,2026-02-14T20:00:00+00:00,outbound,1294.66,CAD,CP0055,US,card,settled,D0017
T001345,A0041,C0041,2026-02-14T20:00:00+00:00,outbound,1661.39,GBP,CP0004,GB,ach,failed,D0023
T003556,A0112,C0112,2026-02-15T00:00:00+00:00,inbound,1442.26,GBP,CP0075,BR,card,settled,D0002
T000826,A0024,C0024,2026-02-15T01:00:00+00:00,inbound,1434.54,USD,CP0054,US,card,settled,D0054
T001683,A0051,C0051,2026-02-15T02:00:00+00:00,outbound,1860.25,GBP,CP0114,CA,wire,settled,D0018
T000665,A0019,C0019,2026-02-15T03:00:00+00:00,outbound,9687.77,USD,CP0051,CA,ach,settled,D0002
T003696,A0116,C0116,2026-02-15T07:00:00+00:00,inbound,655.77,USD,CP0033,US,card,settled,D0046
T000292,A0008,C0008,2026-02-15T07:00:00+00:00,inbound,1029.91,USD,CP0128,US,p2p,settled,D0005
T001510,A0045,C0045,2026-02-15T09:00:00+00:00,outbound,3292.25,USD,CP0066,CA,p2p,settled,D0024
T001880,A0057,C0057,2026-02-15T11:00:00+00:00,outbound,800.95,USD,CP0133,US,ach,settled,D0053
T001750,A0053,C0053,2026-02-15T12:00:00+00:00,outbound,78.67,USD,CP0054,US,p2p,settled,D0039
T001014,A0030,C0030,2026-02-15T12:00:00+00:00,inbound,870.53,USD,CP0121,US,card,settled,D0032
T002704,A0086,C0086,2026-02-15T16:00:00+00:00,inbound,1088.97,USD,CP0076,US,payout,settled,D0041
T001505,A0045,C0045,2026-02-15T16:00:00+00:00,inbound,9166.99,USD,CP0087,US,p2p,failed,D0003
T000841,A0025,C0025,2026-02-15T18:00:00+00:00,outbound,1503.86,USD,CP0050,US,wire,settled,D0040
T001516,A0045,C0045,2026-02-15T18:00:00+00:00,outbound,719.41,USD,CP0117,BR,p2p,settled,D0052
T003437,A0109,C0109,2026-02-15T23:00:00+00:00,inbound,2211.08,CAD,CP0054,US,p2p,settled,D0054
T002192,A0068,C0068,2026-02-16T00:00:00+00:00,inbound,250.21,USD,CP0140,BR,card,pending,D0011
T001077,A0032,C0032,2026-02-16T01:00:00+00:00,inbound,5623.03,CAD,CP0004,US,wire,refund,D0014
T000598,A0018,C0018,2026-02-16T01:00:00+00:00,inbound,2924.42,USD,CP0076,CA,ach,settled,D0010
T000910,A0027,C0027,2026-02-16T02:00:00+00:00,outbound,1112.35,USD,CP0104,US,payout,settled,D0008
T000683,A0020,C0020,2026-02-16T03:00:00+00:00,inbound,549.53,USD,CP0035,US,wire,settled,D0021
T003047,A0097,C0097,2026-02-16T04:00:00+00:00,outbound,2177.76,GBP,CP0056,PA,wire,settled,D0050
T002164,A0066,C0066,2026-02-16T04:00:00+00:00,outbound,291.52,USD,CP0144,US,ach,chargeback,D0049
T002537,A0079,C0079,2026-02-16T04:00:00+00:00,inbound,2175.83,USD,CP0134,BR,p2p,settled,D0041
T000080,A0002,C0002,2026-02-16T05:00:00+00:00,outbound,479.92,USD,CP0070,US,ach,settled,D0030
T000092,A0002,C0002,2026-02-16T08:00:00+00:00,inbound,1678.54,USD,CP0110,GB,card,settled,D0003
T000399,A0012,C0012,2026-02-16T08:00:00+00:00,outbound,419.25,USD,CP-HIGH-RISK-HUB,US,card,failed,D0015
T001183,A0035,C0035,2026-02-16T08:00:00+00:00,inbound,1187.38,USD,CP0009,US,p2p,settled,D0026
T001876,A0056,C0056,2026-02-16T10:00:00+00:00,outbound,1249.19,USD,CP0006,US,ach,pending,D0046
T001800,A0054,C0054,2026-02-16T11:00:00+00:00,outbound,1009.51,USD,CP0119,CA,wire,settled,D0041
T000917,A0027,C0027,2026-02-16T12:00:00+00:00,inbound,692.77,USD,CP0113,CA,payout,settled,D0022
T003685,A0116,C0116,2026-02-16T13:00:00+00:00,inbound,1050.21,USD,CP0026,US,p2p,settled,D0026
T000405,A0012,C0012,2026-02-16T15:00:00+00:00,inbound,226.32,CAD,CP0098,CA,payout,pending,D0054
T000323,A0010,C0010,2026-02-16T15:00:00+00:00,outbound,1078.7,USD,CP0121,US,p2p,settled,D0007
T000490,A0014,C0014,2026-02-16T16:00:00+00:00,inbound,2426.43,USD,CP0133,US,card,settled,D0016
T003306,A0106,C0106,2026-02-16T20:00:00+00:00,outbound,810.26,USD,CP0024,US,card,settled,D0034
T003575,A0112,C0112,2026-02-16T21:00:00+00:00,inbound,1063.07,CAD,CP0031,US,wire,settled,D0005
T001031,A0031,C0031,2026-02-16T21:00:00+00:00,inbound,2456.17,USD,CP0010,US,p2p,refund,D0015
T003688,A0116,C0116,2026-02-16T21:00:00+00:00,inbound,1172.19,USD,CP0115,US,card,settled,D0051
T001034,A0031,C0031,2026-02-16T21:00:00+00:00,outbound,3381.13,USD,CP0026,MX,ach,settled,D0020
T000377,A0011,C0011,2026-02-17T00:00:00+00:00,outbound,2422.81,USD,CP0084,US,ach,settled,D0035
T003553,A0112,C0112,2026-02-17T02:00:00+00:00,inbound,759.04,USD,CP0017,US,card,settled,D0017
T000151,A0004,C0004,2026-02-17T02:00:00+00:00,inbound,1523.16,CAD,CP0126,GB,card,settled,D0029
T001866,A0056,C0056,2026-02-17T03:00:00+00:00,inbound,614.28,USD,CP0048,US,p2p,settled,D0048
T003531,A0111,C0111,2026-02-17T03:00:00+00:00,outbound,1544.78,USD,CP0137,US,wire,settled,D0013
T001846,A0056,C0056,2026-02-17T04:00:00+00:00,inbound,6107.46,USD,CP0146,MX,ach,settled,D0052
T000908,A0027,C0027,2026-02-17T05:00:00+00:00,outbound,9951.63,GBP,CP0103,GB,wire,settled,D0040
T002191,A0068,C0068,2026-02-17T06:00:00+00:00,outbound,211.34,GBP,CP0008,US,ach,settled,D0006
T003042,A0096,C0096,2026-02-17T06:00:00+00:00,inbound,1781.34,USD,CP0011,MX,ach,settled,D0023
T002876,A0092,C0092,2026-02-17T07:00:00+00:00,inbound,531.67,USD,CP0130,US,card,settled,D0012
T003631,A0114,C0114,2026-02-17T08:00:00+00:00,inbound,997.87,USD,CP0132,GB,card,settled,D0029
T002692,A0086,C0086,2026-02-17T10:00:00+00:00,inbound,480.88,USD,CP0147,GB,p2p,settled,D0008
T002363,A0074,C0074,2026-02-17T10:00:00+00:00,outbound,873.32,USD,CP0019,US,ach,settled,D0042
T000116,A0003,C0003,2026-02-17T11:00:00+00:00,inbound,1180.37,USD,CP0134,MX,card,reversed,D0027
T001242,A0037,C0037,2026-02-17T12:00:00+00:00,inbound,2466.17,USD,CP0057,MX,p2p,settled,D0020
T000628,A0019,C0019,2026-02-17T16:00:00+00:00,outbound,1183.39,USD,CP0064,US,card,settled,D0040
T002846,A0091,C0091,2026-02-17T17:00:00+00:00,inbound,2089.84,USD,CP0057,BR,card,failed,D0021
T000395,A0012,C0012,2026-02-17T17:00:00+00:00,inbound,1391.92,USD,CP0109,BR,ach,settled,D0014
T000373,A0011,C0011,2026-02-17T18:00:00+00:00,outbound,589.51,CAD,CP0080,PA,card,settled,D0001
T001043,A0031,C0031,2026-02-17T18:00:00+00:00,inbound,1366.82,USD,CP0070,CA,payout,settled,D0052
T001142,A0034,C0034,2026-02-17T20:00:00+00:00,outbound,3699.42,USD,CP0070,GB,card,settled,D0034
T002705,A0086,C0086,2026-02-17T20:00:00+00:00,outbound,870.99,USD,CP0067,MX,wire,settled,D0007
T003451,A0110,C0110,2026-02-17T20:00:00+00:00,inbound,365.78,USD,CP0108,US,ach,settled,D0043
T002781,A0089,C0089,2026-02-17T21:00:00+00:00,outbound,872.82,CAD,CP0064,GB,ach,pending,D0007
T000156,A0004,C0004,2026-02-17T22:00:00+00:00,outbound,769.19,USD,CP0107,PA,payout,settled,D0015
T000627,A0019,C0019,2026-02-17T22:00:00+00:00,inbound,675.14,USD,CP0024,US,ach,failed,D0015
T000227,A0006,C0006,2026-02-17T23:00:00+00:00,outbound,711.95,USD,CP0141,CA,wire,settled,D0008
T002154,A0065,C0065,2026-02-17T23:00:00+00:00,outbound,1742.68,USD,CP0115,US,ach,settled,D0019
T000260,A0007,C0007,2026-02-18T00:00:00+00:00,outbound,458.84,USD,CP0004,MX,card,settled,D0040
T000752,A0022,C0022,2026-02-18T01:00:00+00:00,inbound,639.37,USD,CP0039,US,card,settled,D0034
T001702,A0051,C0051,2026-02-18T02:00:00+00:00,outbound,2544.2,USD,CP0121,MX,payout,settled,D0046
T002255,A0071,C0071,2026-02-18T04:00:00+00:00,inbound,224.67,USD,CP0025,BR,ach,settled,D0001
T003434,A0109,C0109,2026-02-18T06:00:00+00:00,outbound,441.16,USD,CP0087,CA,card,settled,D0015
T001364,A0041,C0041,2026-02-18T06:00:00+00:00,inbound,553.35,USD,CP0093,US,card,settled,D0050
T000069,A0002,C0002,2026-02-18T07:00:00+00:00,outbound,233.17,USD,CP0031,GB,p2p,settled,D0019
T001139,A0034,C0034,2026-02-18T08:00:00+00:00,inbound,548.88,USD,CP0093,US,card,failed,D0041
T002201,A0068,C0068,2026-02-18T08:00:00+00:00,outbound,620.21,USD,CP0006,PA,p2p,settled,D0001
T001900,A0058,C0058,2026-02-18T08:00:00+00:00,outbound,1647.84,USD,CP0038,BR,ach,settled,D0026
T003085,A0098,C0098,2026-02-18T12:00:00+00:00,inbound,486.5,USD,CP0067,BR,wire,chargeback,D0010
T001383,A0041,C0041,2026-02-18T12:00:00+00:00,outbound,1341.81,USD,CP0139,BR,payout,settled,D0009
T001065,A0032,C0032,2026-02-18T14:00:00+00:00,inbound,750.09,GBP,CP0148,BR,p2p,settled,D0014
T003583,A0113,C0113,2026-02-18T15:00:00+00:00,outbound,2007.31,USD,CP0110,BR,wire,settled,D0033
T000166,A0004,C0004,2026-02-18T15:00:00+00:00,inbound,1221.73,CAD,CP0122,US,ach,reversed,D0016
T000334,A0010,C0010,2026-02-18T15:00:00+00:00,inbound,1153.0,USD,CP0022,US,ach,pending,D0028
T001968,A0060,C0060,2026-02-18T16:00:00+00:00,inbound,366.87,USD,CP0022,GB,card,settled,D0037
T002782,A0089,C0089,2026-02-18T16:00:00+00:00,outbound,93.57,USD,CP0103,US,p2p,reversed,D0042
T002190,A0067,C0067,2026-02-18T16:00:00+00:00,inbound,373.53,USD,CP0023,US,p2p,settled,D0022
T002694,A0086,C0086,2026-02-18T18:00:00+00:00,inbound,2185.31,USD,CP0011,PA,payout,settled,D0047
T002562,A0080,C0080,2026-02-18T19:00:00+00:00,outbound,650.3,USD,CP0093,GB,card,settled,D0052
T003300,A0106,C0106,2026-02-18T21:00:00+00:00,inbound,1297.61,USD,CP0005,US,ach,settled,D0029
T002148,A0065,C0065,2026-02-18T22:00:00+00:00,inbound,1965.01,USD,CP0101,US,card,reversed,D0050
T000701,A0021,C0021,2026-02-18T23:00:00+00:00,inbound,2672.92,USD,CP0122,US,ach,settled,D0024
T003139,A0100,C0100,2026-02-18T23:00:00+00:00,inbound,1106.13,USD,CP0044,MX,ach,settled,D0051
T001594,A0048,C0048,2026-02-19T00:00:00+00:00,inbound,4761.33,USD,CP0010,US,card,settled,D0038
T001000,A0030,C0030,2026-02-19T00:00:00+00:00,outbound,543.86,USD,CP0059,GB,p2p,settled,D0006
T003247,A0103,C0103,2026-02-19T00:00:00+00:00,inbound,179.18,USD,CP0055,US,card,settled,D0025
T002318,A0072,C0072,2026-02-19T02:00:00+00:00,outbound,631.55,USD,CP0082,US,p2p,settled,D0023
T003276,A0105,C0105,2026-02-19T02:00:00+00:00,outbound,735.52,USD,CP0042,US,p2p,failed,D0048
T000876,A0027,C0027,2026-02-19T04:00:00+00:00,outbound,9274.08,CAD,CP0149,BR,payout,settled,D0010
T003615,A0114,C0114,2026-02-19T05:00:00+00:00,outbound,2073.26,USD,CP0131,CA,p2p,settled,D0031
T003592,A0113,C0113,2026-02-19T05:00:00+00:00,inbound,2670.53,USD,CP0054,US,ach,settled,D0046
T000877,A0027,C0027,2026-02-19T06:00:00+00:00,outbound,3273.24,USD,CP0054,US,card,settled,D0037
T001026,A0031,C0031,2026-02-19T07:00:00+00:00,outbound,1846.79,USD,CP0001,US,card,chargeback,D0012
T000527,A0015,C0015,2026-02-19T09:00:00+00:00,inbound,176.72,USD,CP0007,BR,card,refund,D0046
T002365,A0074,C0074,2026-02-19T12:00:00+00:00,outbound,361.22,USD,CP0040,CA,card,settled,D0016
T002683,A0085,C0085,2026-02-19T12:00:00+00:00,outbound,919.31,USD,CP0070,US,card,failed,D0011
T002583,A0081,C0081,2026-02-19T12:00:00+00:00,inbound,1075.06,USD,CP0025,US,card,chargeback,D0030
T000647,A0019,C0019,2026-02-19T13:00:00+00:00,outbound,9917.3,USD,CP0041,GB,ach,settled,D0005
T000244,A0006,C0006,2026-02-19T14:00:00+00:00,inbound,703.8,USD,CP0073,US,card,settled,D0004
T002298,A0072,C0072,2026-02-19T15:00:00+00:00,inbound,758.76,USD,CP0018,MX,ach,settled,D0020
T002006,A0062,C0062,2026-02-19T18:00:00+00:00,outbound,502.93,GBP,CP0101,GB,card,settled,D0046
T002125,A0065,C0065,2026-02-19T18:00:00+00:00,inbound,1834.43,USD,CP0031,US,p2p,settled,D0014
T002139,A0065,C0065,2026-02-19T19:00:00+00:00,outbound,1544.37,USD,CP0046,US,card,settled,D0006
T003039,A0096,C0096,2026-02-19T20:00:00+00:00,inbound,1398.42,USD,CP0066,US,ach,settled,D0019
T001108,A0033,C0033,2026-02-19T22:00:00+00:00,outbound,1331.98,USD,CP0120,CA,ach,settled,D0012
T003249,A0103,C0103,2026-02-19T22:00:00+00:00,outbound,3326.95,USD,CP0110,GB,p2p,pending,D0025
T000028,A0001,C0001,2026-02-19T23:00:00+00:00,outbound,317.71,USD,CP0056,US,p2p,settled,D0012
T001299,A0039,C0039,2026-02-20T00:00:00+00:00,outbound,5163.29,GBP,CP0109,US,p2p,settled,D0034
T002287,A0072,C0072,2026-02-20T00:00:00+00:00,inbound,538.47,USD,CP0027,GB,ach,settled,D0013
T000812,A0024,C0024,2026-02-20T00:00:00+00:00,inbound,790.42,USD,CP0058,US,card,settled,D0013
T001927,A0059,C0059,2026-02-20T01:00:00+00:00,outbound,1207.16,USD,CP0087,US,p2p,settled,D0007
T003399,A0108,C0108,2026-02-20T04:00:00+00:00,inbound,1991.67,USD,CP0029,US,ach,refund,D0010
T003277,A0105,C0105,2026-02-20T04:00:00+00:00,inbound,736.72,USD,CP0024,US,ach,settled,D0020
T000547,A0016,C0016,2026-02-20T05:00:00+00:00,inbound,4707.37,CAD,CP0088,US,card,settled,D0008
T002854,A0091,C0091,2026-02-20T05:00:00+00:00,outbound,1015.25,USD,CP0140,MX,p2p,settled,D0027
T003011,A0095,C0095,2026-02-20T05:00:00+00:00,outbound,371.07,USD,CP0100,CA,card,settled,D0047
T002370,A0074,C0074,2026-02-20T08:00:00+00:00,inbound,1339.71,USD,CP0040,GB,ach,settled,D0032
T000274,A0007,C0007,2026-02-20T09:00:00+00:00,outbound,854.33,USD,CP0137,US,p2p,settled,D0025
T000291,A0008,C0008,2026-02-20T10:00:00+00:00,inbound,2519.09,CAD,CP0070,CA,card,settled,D0011
T002899,A0092,C0092,2026-02-20T11:00:00+00:00,outbound,473.8,USD,CP0048,MX,card,settled,D0009
T002588,A0081,C0081,2026-02-20T12:00:00+00:00,outbound,430.43,CAD,CP0128,MX,card,settled,D0031
T002580,A0081,C0081,2026-02-20T12:00:00+00:00,outbound,900.12,USD,CP0106,PA,card,settled,D0028
T002077,A0064,C0064,2026-02-20T14:00:00+00:00,inbound,1413.97,USD,CP0072,MX,card,settled,D0035
T003149,A0100,C0100,2026-02-20T15:00:00+00:00,outbound,808.12,USD,CP0074,PA,card,reversed,D0022
T003554,A0112,C0112,2026-02-20T15:00:00+00:00,outbound,287.38,GBP,CP0107,CA,wire,settled,D0030
T002826,A0090,C0090,2026-02-20T15:00:00+00:00,outbound,514.29,USD,CP0020,US,p2p,settled,D0031
T001982,A0061,C0061,2026-02-20T15:00:00+00:00,outbound,3334.03,USD,CP0008,PA,card,settled,D0054
T000981,A0029,C0029,2026-02-20T16:00:00+00:00,inbound,1182.12,USD,CP0026,PA,card,settled,D0010
T001589,A0048,C0048,2026-02-20T16:00:00+00:00,inbound,227.74,USD,CP0064,GB,ach,pending,D0033
T002405,A0075,C0075,2026-02-20T17:00:00+00:00,inbound,878.92,USD,CP0127,BR,card,settled,D0001
T002195,A0068,C0068,2026-02-20T17:00:00+00:00,outbound,742.39,GBP,CP0025,US,p2p,settled,D0005
T002221,A0069,C0069,2026-02-20T19:00:00+00:00,inbound,1668.39,USD,CP0076,US,payout,reversed,D0004
T001469,A0044,C0044,2026-02-20T19:00:00+00:00,outbound,265.51,USD,CP0065,MX,card,settled,D0005
T001479,A0044,C0044,2026-02-20T19:00:00+00:00,outbound,573.95,CAD,CP0137,US,ach,settled,D0033
T002257,A0071,C0071,2026-02-20T20:00:00+00:00,inbound,4121.86,USD,CP0127,US,ach,settled,D0033
T000843,A0025,C0025,2026-02-20T21:00:00+00:00,inbound,3692.98,USD,CP0036,US,card,settled,D0001
T002853,A0091,C0091,2026-02-20T21:00:00+00:00,inbound,619.99,USD,CP0053,US,p2p,settled,D0019
T002773,A0089,C0089,2026-02-20T22:00:00+00:00,outbound,1568.78,USD,CP0071,PA,p2p,settled,D0042
T001435,A0043,C0043,2026-02-20T22:00:00+00:00,outbound,970.69,USD,CP0096,BR,ach,failed,D0043
T002086,A0064,C0064,2026-02-20T23:00:00+00:00,inbound,763.91,USD,CP0059,MX,p2p,settled,D0022
T001825,A0055,C0055,2026-02-21T00:00:00+00:00,outbound,2415.46,USD,CP0116,US,p2p,settled,D0028
T001766,A0053,C0053,2026-02-21T01:00:00+00:00,outbound,954.48,USD,CP0009,US,card,settled,D0032
T002973,A0094,C0094,2026-02-21T01:00:00+00:00,inbound,516.31,USD,CP0013,PA,ach,settled,D0047
T001101,A0033,C0033,2026-02-21T01:00:00+00:00,inbound,2323.73,USD,CP0054,US,ach,settled,D0008
T001546,A0046,C0046,2026-02-21T02:00:00+00:00,inbound,983.02,USD,CP0016,CA,card,settled,D0041
T000067,A0002,C0002,2026-02-21T04:00:00+00:00,outbound,763.3,USD,CP0068,BR,payout,settled,D0052
T002799,A0090,C0090,2026-02-21T05:00:00+00:00,inbound,1421.33,USD,CP0015,US,ach,settled,D0053
T000072,A0002,C0002,2026-02-21T05:00:00+00:00,inbound,714.93,USD,CP0051,GB,p2p,settled,D0052
T001331,A0040,C0040,2026-02-21T06:00:00+00:00,outbound,452.91,USD,CP0109,US,ach,failed,D0010
T000354,A0011,C0011,2026-02-21T06:00:00+00:00,outbound,929.88,GBP,CP0001,MX,p2p,settled,D0032
T002682,A0085,C0085,2026-02-21T07:00:00+00:00,outbound,156.76,USD,CP0061,US,ach,failed,D0020
T001715,A0052,C0052,2026-02-21T09:00:00+00:00,inbound,746.43,USD,CP0140,US,ach,settled,D0006
T000591,A0018,C0018,2026-02-21T09:00:00+00:00,outbound,3547.0,USD,CP0114,US,card,settled,D0054
T000062,A0001,C0001,2026-02-21T14:00:00+00:00,inbound,4096.19,USD,CP0041,PA,ach,settled,D0022
T002934,A0092,C0092,2026-02-21T15:00:00+00:00,inbound,4009.99,USD,CP0093,CA,p2p,settled,D0027
T000245,A0006,C0006,2026-02-21T16:00:00+00:00,outbound,1233.21,CAD,CP0082,US,p2p,settled,D0033
T002590,A0082,C0082,2026-02-21T16:00:00+00:00,outbound,2429.48,USD,CP0125,US,p2p,settled,D0014
T000031,A0001,C0001,2026-02-21T16:00:00+00:00,outbound,598.33,USD,CP0046,CA,ach,settled,D0032
T003746,A0118,C0118,2026-02-21T17:00:00+00:00,inbound,1457.45,USD,CP0108,PA,p2p,settled,D0005
T003406,A0108,C0108,2026-02-21T17:00:00+00:00,inbound,1542.32,CAD,CP0024,US,p2p,settled,D0030
T001917,A0058,C0058,2026-02-21T19:00:00+00:00,inbound,855.58,USD,CP0031,US,card,settled,D0039
T002879,A0092,C0092,2026-02-21T19:00:00+00:00,inbound,1053.62,USD,CP0074,US,ach,settled,D0022
T000299,A0009,C0009,2026-02-21T21:00:00+00:00,inbound,1874.91,USD,CP0085,US,ach,settled,D0008
T003031,A0096,C0096,2026-02-21T23:00:00+00:00,inbound,741.64,USD,CP0003,BR,ach,settled,D0033
T000919,A0027,C0027,2026-02-22T01:00:00+00:00,inbound,1664.64,USD,CP0021,CA,payout,failed,D0019
T003530,A0111,C0111,2026-02-22T02:00:00+00:00,outbound,1150.36,USD,CP0019,US,payout,pending,D0020
T003104,A0098,C0098,2026-02-22T02:00:00+00:00,inbound,1641.1,USD,CP0009,US,payout,settled,D0001
T003448,A0109,C0109,2026-02-22T03:00:00+00:00,outbound,647.07,USD,CP0062,GB,card,settled,D0040
T003389,A0108,C0108,2026-02-22T04:00:00+00:00,outbound,321.6,USD,CP0148,US,ach,settled,D0018
T003608,A0114,C0114,2026-02-22T04:00:00+00:00,inbound,2740.78,USD,CP0139,US,p2p,settled,D0029
T003618,A0114,C0114,2026-02-22T04:00:00+00:00,outbound,933.31,USD,CP0037,US,card,pending,D0008
T001370,A0041,C0041,2026-02-22T06:00:00+00:00,inbound,9309.33,USD,CP0042,US,payout,reversed,D0047
T001349,A0041,C0041,2026-02-22T06:00:00+00:00,inbound,538.08,USD,CP0013,US,card,settled,D0023
T001824,A0055,C0055,2026-02-22T08:00:00+00:00,outbound,1389.62,USD,CP0003,US,payout,settled,D0007
T002823,A0090,C0090,2026-02-22T09:00:00+00:00,outbound,489.85,USD,CP-HIGH-RISK-HUB,US,ach,settled,D0027
T002292,A0072,C0072,2026-02-22T10:00:00+00:00,inbound,476.73,USD,CP0129,MX,p2p,settled,D0019
T003504,A0110,C0110,2026-02-22T10:00:00+00:00,outbound,3785.09,USD,CP0023,US,card,settled,D0003
T001238,A0037,C0037,2026-02-22T10:00:00+00:00,outbound,895.66,USD,CP0024,BR,ach,settled,D0042
T001651,A0049,C0049,2026-02-22T11:00:00+00:00,inbound,1107.64,USD,CP0005,MX,p2p,settled,D0039
T000275,A0007,C0007,2026-02-22T11:00:00+00:00,inbound,428.1,GBP,CP0013,BR,p2p,refund,D0013
T002411,A0075,C0075,2026-02-22T11:00:00+00:00,outbound,1082.52,USD,CP0061,US,card,pending,D0018
T000228,A0006,C0006,2026-02-22T14:00:00+00:00,outbound,542.97,USD,CP0099,PA,wire,settled,D0037
T002012,A0063,C0063,2026-02-22T14:00:00+00:00,inbound,1095.78,USD,CP-HIGH-RISK-HUB,US,p2p,pending,D0036
T002028,A0063,C0063,2026-02-22T16:00:00+00:00,inbound,1344.88,USD,CP0117,US,ach,chargeback,D0025
T000760,A0022,C0022,2026-02-22T18:00:00+00:00,outbound,1115.01,USD,CP0062,BR,ach,refund,D0030
T001535,A0045,C0045,2026-02-22T21:00:00+00:00,inbound,2313.75,GBP,CP0017,CA,card,settled,D0011
T002893,A0092,C0092,2026-02-22T22:00:00+00:00,outbound,1851.42,USD,CP0144,US,card,settled,D0026
T001006,A0030,C0030,2026-02-23T00:00:00+00:00,outbound,1824.38,GBP,CP0006,BR,card,settled,D0043
T002560,A0080,C0080,2026-02-23T00:00:00+00:00,inbound,2135.45,USD,CP0087,US,card,settled,D0039
T003789,A0119,C0119,2026-02-23T02:00:00+00:00,outbound,504.67,USD,CP0032,BR,p2p,failed,D0044
T003712,A0117,C0117,2026-02-23T03:00:00+00:00,outbound,1523.84,USD,CP0031,CA,ach,settled,D0024
T001736,A0052,C0052,2026-02-23T03:00:00+00:00,inbound,198.96,USD,CP0044,US,p2p,settled,D0020
T002025,A0063,C0063,2026-02-23T03:00:00+00:00,outbound,501.35,USD,CP0140,US,card,settled,D0047
T002225,A0069,C0069,2026-02-23T04:00:00+00:00,outbound,503.76,USD,CP0096,US,ach,chargeback,D0004
T002596,A0082,C0082,2026-02-23T04:00:00+00:00,outbound,1062.24,USD,CP0125,BR,p2p,settled,D0032
T003442,A0109,C0109,2026-02-23T04:00:00+00:00,outbound,804.15,USD,CP0063,MX,wire,refund,D0036
T001041,A0031,C0031,2026-02-23T06:00:00+00:00,inbound,1359.12,CAD,CP0065,US,payout,settled,D0028
T002630,A0083,C0083,2026-02-23T06:00:00+00:00,inbound,1539.65,USD,CP0071,US,p2p,settled,D0045
T003044,A0097,C0097,2026-02-23T10:00:00+00:00,inbound,2041.99,USD,CP0072,US,ach,refund,D0003
T001776,A0054,C0054,2026-02-23T11:00:00+00:00,inbound,230.7,USD,CP0072,GB,wire,settled,D0018
T000414,A0012,C0012,2026-02-23T12:00:00+00:00,outbound,836.41,USD,CP-HIGH-RISK-HUB,GB,card,settled,D0015
T001919,A0058,C0058,2026-02-23T14:00:00+00:00,outbound,953.92,USD,CP0132,US,p2p,settled,D0015
T000030,A0001,C0001,2026-02-23T15:00:00+00:00,outbound,1703.72,USD,CP0147,US,ach,settled,D0048
T000142,A0004,C0004,2026-02-23T20:00:00+00:00,outbound,75.26,USD,CP0086,BR,card,settled,D0008
T002013,A0063,C0063,2026-02-24T01:00:00+00:00,inbound,1357.65,USD,CP0074,GB,ach,refund,D0014
T002102,A0064,C0064,2026-02-24T02:00:00+00:00,outbound,600.97,USD,CP0100,US,wire,settled,D0035
T000560,A0017,C0017,2026-02-24T02:00:00+00:00,outbound,1491.92,USD,CP0109,GB,wire,pending,D0012
T000819,A0024,C0024,2026-02-24T02:00:00+00:00,outbound,367.56,USD,CP0111,US,card,settled,D0007
T000756,A0022,C0022,2026-02-24T02:00:00+00:00,inbound,959.05,USD,CP0058,CA,card,settled,D0035
T003799,A0120,C0120,2026-02-24T04:00:00+00:00,inbound,1452.28,USD,CP0116,CA,p2p,settled,D0049
T002720,A0087,C0087,2026-02-24T04:00:00+00:00,inbound,2605.44,USD,CP0046,PA,payout,settled,D0018
T000732,A0021,C0021,2026-02-24T04:00:00+00:00,outbound,531.41,USD,CP0135,BR,card,settled,D0016
T003561,A0112,C0112,2026-02-24T05:00:00+00:00,inbound,2758.79,USD,CP0037,US,wire,settled,D0040
T001974,A0061,C0061,2026-02-24T06:00:00+00:00,outbound,1036.5,CAD,CP0082,CA,ach,reversed,D0003
T000194,A0005,C0005,2026-02-24T06:00:00+00:00,outbound,2588.14,USD,CP0140,MX,ach,settled,D0037
T001632,A0048,C0048,2026-02-24T06:00:00+00:00,inbound,309.35,USD,CP0064,US,ach,settled,D0042
T000991,A0030,C0030,2026-02-24T07:00:00+00:00,outbound,125.54,USD,CP0066,PA,ach,settled,D0001
T003565,A0112,C0112,2026-02-24T10:00:00+00:00,outbound,342.66,GBP,CP0014,US,card,settled,D0002
T000650,A0019,C0019,2026-02-24T13:00:00+00:00,inbound,1357.2,GBP,CP0079,US,p2p,settled,D0045
T002493,A0077,C0077,2026-02-24T13:00:00+00:00,inbound,959.46,USD,CP0001,CA,ach,settled,D0032
T000986,A0029,C0029,2026-02-24T15:00:00+00:00,inbound,787.31,GBP,CP0138,US,card,settled,D0031
T002633,A0083,C0083,2026-02-24T15:00:00+00:00,outbound,1364.18,USD,CP0128,US,p2p,settled,D0019
T001710,A0051,C0051,2026-02-24T16:00:00+00:00,inbound,3759.24,USD,CP0118,GB,ach,settled,D0041
T002126,A0065,C0065,2026-02-24T16:00:00+00:00,inbound,3698.42,USD,CP0054,BR,p2p,settled,D0031
T003805,A0120,C0120,2026-02-24T20:00:00+00:00,inbound,925.2,USD,CP0131,US,card,failed,D0015
T000327,A0010,C0010,2026-02-24T21:00:00+00:00,inbound,1213.23,USD,CP0115,US,card,settled,D0022
T000758,A0022,C0022,2026-02-24T22:00:00+00:00,outbound,910.64,CAD,CP0127,CA,payout,settled,D0036
T002801,A0090,C0090,2026-02-25T00:00:00+00:00,inbound,2872.55,USD,CP0100,US,card,failed,D0045
T002100,A0064,C0064,2026-02-25T00:00:00+00:00,outbound,1834.01,USD,CP0018,PA,p2p,pending,D0041
T001507,A0045,C0045,2026-02-25T01:00:00+00:00,inbound,123.52,USD,CP0101,CA,p2p,settled,D0015
T002955,A0093,C0093,2026-02-25T01:00:00+00:00,inbound,2516.71,GBP,CP0116,BR,wire,settled,D0016
T002972,A0094,C0094,2026-02-25T01:00:00+00:00,outbound,872.43,USD,CP0027,US,ach,settled,D0029
T000532,A0015,C0015,2026-02-25T02:00:00+00:00,inbound,1047.97,USD,CP0148,US,card,settled,D0002
T001580,A0047,C0047,2026-02-25T05:00:00+00:00,inbound,552.8,USD,CP0007,US,ach,settled,D0033
T003396,A0108,C0108,2026-02-25T05:00:00+00:00,inbound,4027.45,USD,CP0083,US,p2p,settled,D0016
T000008,A0001,C0001,2026-02-25T05:00:00+00:00,outbound,2350.78,USD,CP0112,BR,card,failed,D0050
T003418,A0108,C0108,2026-02-25T06:00:00+00:00,outbound,1113.53,USD,CP0057,US,p2p,settled,D0050
T001366,A0041,C0041,2026-02-25T08:00:00+00:00,inbound,337.08,USD,CP0112,BR,card,settled,D0003
T000912,A0027,C0027,2026-02-25T08:00:00+00:00,outbound,4013.04,USD,CP0094,US,p2p,settled,D0019
T002759,A0089,C0089,2026-02-25T09:00:00+00:00,outbound,488.62,USD,CP0028,MX,card,settled,D0010
T003670,A0116,C0116,2026-02-25T09:00:00+00:00,inbound,741.07,USD,CP0029,US,ach,settled,D0021
T002504,A0078,C0078,2026-02-25T10:00:00+00:00,outbound,2468.37,GBP,CP0059,BR,card,settled,D0028
T001080,A0032,C0032,2026-02-25T10:00:00+00:00,outbound,1218.11,USD,CP0118,CA,wire,settled,D0044
T000524,A0015,C0015,2026-02-25T10:00:00+00:00,inbound,1424.18,USD,CP0083,US,wire,settled,D0054
T002832,A0090,C0090,2026-02-25T13:00:00+00:00,inbound,2366.95,USD,CP0033,CA,ach,settled,D0038
T003671,A0116,C0116,2026-02-25T15:00:00+00:00,inbound,1410.17,USD,CP0110,US,wire,reversed,D0002
T002788,A0090,C0090,2026-02-25T15:00:00+00:00,outbound,1589.84,USD,CP-HIGH-RISK-HUB,US,wire,settled,D0042
T000209,A0005,C0005,2026-02-25T20:00:00+00:00,inbound,1860.72,USD,CP0084,US,payout,settled,D0034
T001405,A0042,C0042,2026-02-25T21:00:00+00:00,inbound,1997.47,CAD,CP0059,BR,ach,settled,D0023
T000721,A0021,C0021,2026-02-25T23:00:00+00:00,inbound,234.34,USD,CP0007,MX,p2p,settled,D0024
T003580,A0112,C0112,2026-02-26T01:00:00+00:00,outbound,227.45,USD,CP0046,PA,card,pending,D0004
T000501,A0014,C0014,2026-02-26T01:00:00+00:00,inbound,2351.88,CAD,CP0042,US,ach,settled,D0010
T003066,A0097,C0097,2026-02-26T02:00:00+00:00,outbound,3642.48,USD,CP0068,CA,card,pending,D0032
T002239,A0070,C0070,2026-02-26T03:00:00+00:00,outbound,1742.86,CAD,CP0008,US,card,settled,D0050
T000297,A0008,C0008,2026-02-26T03:00:00+00:00,outbound,1471.34,USD,CP0018,MX,ach,settled,D0036
T000836,A0025,C0025,2026-02-26T04:00:00+00:00,inbound,1091.7,USD,CP0002,US,card,settled,D0029
T001691,A0051,C0051,2026-02-26T05:00:00+00:00,outbound,1759.26,USD,CP0145,PA,ach,settled,D0024
T003118,A0099,C0099,2026-02-26T07:00:00+00:00,outbound,234.15,USD,CP0021,GB,wire,settled,D0027
T002951,A0093,C0093,2026-02-26T07:00:00+00:00,inbound,3488.37,USD,CP0114,US,card,settled,D0014
T000141,A0004,C0004,2026-02-26T10:00:00+00:00,inbound,1327.28,USD,CP0053,US,card,settled,D0029
T001311,A0040,C0040,2026-02-26T10:00:00+00:00,outbound,962.73,USD,CP0132,US,card,settled,D0054
T000192,A0005,C0005,2026-02-26T11:00:00+00:00,outbound,9373.71,USD,CP0041,MX,ach,settled,D0041
T001746,A0053,C0053,2026-02-26T15:00:00+00:00,outbound,1682.34,USD,CP0009,US,ach,settled,D0020
T002258,A0071,C0071,2026-02-26T15:00:00+00:00,inbound,629.59,USD,CP0027,MX,card,settled,D0009
T001761,A0053,C0053,2026-02-26T16:00:00+00:00,outbound,1329.1,USD,CP0144,US,ach,chargeback,D0013
T000355,A0011,C0011,2026-02-26T16:00:00+00:00,inbound,1490.68,USD,CP0009,US,p2p,pending,D0013
T003257,A0104,C0104,2026-02-26T17:00:00+00:00,outbound,1703.45,USD,CP0061,US,ach,settled,D0026
T001798,A0054,C0054,2026-02-26T17:00:00+00:00,outbound,908.69,USD,CP0137,MX,card,refund,D0036
T002820,A0090,C0090,2026-02-26T19:00:00+00:00,inbound,709.58,USD,CP0047,US,wire,reversed,D0050
T003411,A0108,C0108,2026-02-26T19:00:00+00:00,outbound,9327.14,GBP,CP0025,GB,ach,settled,D0048
T002407,A0075,C0075,2026-02-26T23:00:00+00:00,inbound,233.18,USD,CP0073,GB,card,settled,D0008
T002185,A0067,C0067,2026-02-26T23:00:00+00:00,outbound,994.34,USD,CP0110,MX,card,settled,D0053
T001571,A0047,C0047,2026-02-27T00:00:00+00:00,inbound,291.63,USD,CP0034,US,ach,settled,D0003
T003502,A0110,C0110,2026-02-27T02:00:00+00:00,outbound,6928.03,USD,CP0138,PA,card,settled,D0016
T002138,A0065,C0065,2026-02-27T04:00:00+00:00,outbound,1138.22,GBP,CP0087,US,card,settled,D0042
T001557,A0046,C0046,2026-02-27T04:00:00+00:00,inbound,2029.27,USD,CP0031,US,card,settled,D0051
T002620,A0083,C0083,2026-02-27T06:00:00+00:00,inbound,1280.83,USD,CP0001,US,ach,reversed,D0041
T000210,A0005,C0005,2026-02-27T06:00:00+00:00,inbound,557.31,USD,CP0112,CA,card,settled,D0041
T001269,A0038,C0038,2026-02-27T06:00:00+00:00,outbound,1223.94,USD,CP0106,PA,ach,settled,D0019
T001655,A0049,C0049,2026-02-27T07:00:00+00:00,outbound,1079.87,USD,CP0136,US,wire,settled,D0035
T002850,A0091,C0091,2026-02-27T10:00:00+00:00,inbound,1306.32,USD,CP0112,GB,p2p,settled,D0009
T001304,A0039,C0039,2026-02-27T10:00:00+00:00,inbound,870.89,USD,CP0040,BR,ach,settled,D0030
T002011,A0062,C0062,2026-02-27T12:00:00+00:00,outbound,1915.1,CAD,CP0037,US,wire,pending,D0046
T000467,A0013,C0013,2026-02-27T16:00:00+00:00,outbound,1485.78,USD,CP0007,US,card,settled,D0041
T000798,A0023,C0023,2026-02-27T17:00:00+00:00,inbound,937.87,USD,CP0021,BR,p2p,settled,D0040
T000529,A0015,C0015,2026-02-27T18:00:00+00:00,inbound,787.1,CAD,CP0119,GB,wire,settled,D0042
T001365,A0041,C0041,2026-02-27T22:00:00+00:00,inbound,668.32,USD,CP0035,US,p2p,settled,D0016
T001979,A0061,C0061,2026-02-28T00:00:00+00:00,outbound,1431.48,USD,CP0054,US,card,settled,D0054
T000962,A0029,C0029,2026-02-28T00:00:00+00:00,inbound,1193.95,USD,CP0006,US,card,settled,D0029
T000566,A0017,C0017,2026-02-28T00:00:00+00:00,inbound,592.79,USD,CP0027,US,card,reversed,D0035
T000254,A0007,C0007,2026-02-28T01:00:00+00:00,outbound,1255.12,USD,CP0131,US,ach,settled,D0043
T001538,A0046,C0046,2026-02-28T03:00:00+00:00,outbound,1822.0,USD,CP0018,US,wire,settled,D0010
T000263,A0007,C0007,2026-02-28T04:00:00+00:00,outbound,345.56,USD,CP0112,US,ach,settled,D0054
T001970,A0060,C0060,2026-02-28T04:00:00+00:00,inbound,955.79,USD,CP0086,MX,p2p,pending,D0045
T003470,A0110,C0110,2026-02-28T05:00:00+00:00,outbound,2308.72,GBP,CP0110,MX,p2p,settled,D0025
T001074,A0032,C0032,2026-02-28T07:00:00+00:00,inbound,1380.83,USD,CP0060,US,card,settled,D0030
T002273,A0071,C0071,2026-02-28T10:00:00+00:00,outbound,547.85,USD,CP0049,MX,card,settled,D0037
T003769,A0119,C0119,2026-02-28T11:00:00+00:00,inbound,547.86,USD,CP0056,US,ach,settled,D0032
T000569,A0017,C0017,2026-02-28T11:00:00+00:00,inbound,322.12,USD,CP0006,US,ach,settled,D0004
T003096,A0098,C0098,2026-02-28T11:00:00+00:00,outbound,980.18,GBP,CP0124,BR,p2p,pending,D0017
T000294,A0008,C0008,2026-02-28T12:00:00+00:00,inbound,1557.48,USD,CP0034,PA,payout,settled,D0036
T000121,A0003,C0003,2026-02-28T13:00:00+00:00,outbound,784.52,USD,CP0026,US,payout,settled,D0020
T001314,A0040,C0040,2026-02-28T14:00:00+00:00,inbound,648.46,GBP,CP0097,US,card,settled,D0054
T003548,A0112,C0112,2026-02-28T14:00:00+00:00,outbound,677.83,GBP,CP0025,GB,payout,settled,D0018
T000514,A0014,C0014,2026-02-28T14:00:00+00:00,inbound,1621.01,USD,CP0125,BR,card,settled,D0041
T002003,A0062,C0062,2026-02-28T15:00:00+00:00,outbound,3758.16,USD,CP0050,US,p2p,reversed,D0023
T001988,A0061,C0061,2026-02-28T16:00:00+00:00,outbound,1761.9,USD,CP0021,US,p2p,settled,D0031
T003456,A0110,C0110,2026-02-28T16:00:00+00:00,outbound,78.07,USD,CP0068,PA,p2p,settled,D0039
T002208,A0068,C0068,2026-02-28T16:00:00+00:00,inbound,196.48,USD,CP0143,GB,p2p,settled,D0014
T001114,A0034,C0034,2026-02-28T17:00:00+00:00,outbound,1809.13,USD,CP0068,PA,card,pending,D0041
T002228,A0069,C0069,2026-02-28T18:00:00+00:00,inbound,1533.13,USD,CP0115,US,card,settled,D0054
T001805,A0054,C0054,2026-02-28T19:00:00+00:00,inbound,1060.94,USD,CP0049,US,p2p,settled,D0027
T002965,A0093,C0093,2026-02-28T21:00:00+00:00,outbound,346.85,USD,CP0095,PA,ach,settled,D0004
T003353,A0107,C0107,2026-02-28T22:00:00+00:00,inbound,179.29,CAD,CP0132,CA,p2p,settled,D0005
T001109,A0034,C0034,2026-03-01T00:00:00+00:00,outbound,1682.18,USD,CP0035,US,payout,settled,D0047
T003207,A0102,C0102,2026-03-01T02:00:00+00:00,outbound,2040.25,USD,CP0028,US,ach,settled,D0017
T002586,A0081,C0081,2026-03-01T04:00:00+00:00,inbound,1416.34,CAD,CP0057,US,card,failed,D0024
T002827,A0090,C0090,2026-03-01T05:00:00+00:00,inbound,1393.42,USD,CP0146,US,p2p,settled,D0013
T000802,A0024,C0024,2026-03-01T07:00:00+00:00,inbound,1211.26,GBP,CP0051,CA,ach,settled,D0021
T002153,A0065,C0065,2026-03-01T07:00:00+00:00,outbound,1293.59,CAD,CP0141,US,ach,settled,D0043
T001165,A0035,C0035,2026-03-01T08:00:00+00:00,outbound,144.75,USD,CP0041,US,p2p,settled,D0033
T003340,A0107,C0107,2026-03-01T08:00:00+00:00,outbound,1336.95,CAD,CP0047,GB,p2p,settled,D0038
T002744,A0088,C0088,2026-03-01T08:00:00+00:00,inbound,140.04,USD,CP0111,US,card,settled,D0019
T002089,A0064,C0064,2026-03-01T09:00:00+00:00,outbound,242.16,USD,CP0008,US,ach,settled,D0021
T001650,A0049,C0049,2026-03-01T09:00:00+00:00,inbound,1412.36,USD,CP0139,US,payout,reversed,D0010
T001062,A0032,C0032,2026-03-01T15:00:00+00:00,inbound,1614.25,USD,CP0083,PA,payout,settled,D0046
T001946,A0059,C0059,2026-03-01T16:00:00+00:00,outbound,511.56,USD,CP0113,CA,payout,settled,D0009
T003185,A0101,C0101,2026-03-01T16:00:00+00:00,inbound,748.65,USD,CP0001,US,ach,failed,D0048
T000391,A0011,C0011,2026-03-01T16:00:00+00:00,inbound,1512.16,CAD,CP0019,BR,card,settled,D0025
T001149,A0035,C0035,2026-03-01T17:00:00+00:00,inbound,658.75,USD,CP0127,CA,card,settled,D0014
T002451,A0076,C0076,2026-03-01T18:00:00+00:00,inbound,2393.74,USD,CP0138,US,p2p,settled,D0003
T001555,A0046,C0046,2026-03-01T19:00:00+00:00,inbound,1613.3,CAD,CP0053,PA,p2p,settled,D0052
T002132,A0065,C0065,2026-03-01T20:00:00+00:00,outbound,353.01,USD,CP0002,BR,card,settled,D0032
T001526,A0045,C0045,2026-03-01T20:00:00+00:00,outbound,276.12,CAD,CP0054,CA,card,settled,D0018
T001681,A0051,C0051,2026-03-01T21:00:00+00:00,inbound,793.51,USD,CP0147,US,ach,settled,D0018
T002416,A0075,C0075,2026-03-01T22:00:00+00:00,inbound,1218.6,USD,CP0055,MX,p2p,settled,D0031
T002978,A0094,C0094,2026-03-01T23:00:00+00:00,inbound,1070.73,USD,CP0099,GB,card,settled,D0027
T002428,A0075,C0075,2026-03-02T01:00:00+00:00,outbound,495.46,CAD,CP0125,US,wire,settled,D0002
T001743,A0053,C0053,2026-03-02T01:00:00+00:00,inbound,1039.39,USD,CP0025,US,payout,settled,D0039
T000055,A0001,C0001,2026-03-02T03:00:00+00:00,inbound,7839.39,USD,CP0047,CA,payout,settled,D0054
T002134,A0065,C0065,2026-03-02T03:00:00+00:00,outbound,977.01,USD,CP0149,US,card,settled,D0043
T003135,A0100,C0100,2026-03-02T03:00:00+00:00,inbound,2432.29,USD,CP0029,US,card,settled,D0046
T001348,A0041,C0041,2026-03-02T05:00:00+00:00,outbound,1902.37,USD,CP0092,BR,p2p,settled,D0008
T001999,A0062,C0062,2026-03-02T06:00:00+00:00,inbound,1196.3,USD,CP0019,BR,p2p,failed,D0030
T001290,A0039,C0039,2026-03-02T08:00:00+00:00,inbound,1746.07,USD,CP0029,GB,wire,pending,D0024
T002947,A0093,C0093,2026-03-02T10:00:00+00:00,inbound,689.2,USD,CP0007,MX,p2p,settled,D0014
T000232,A0006,C0006,2026-03-02T10:00:00+00:00,inbound,1330.29,USD,CP0035,US,ach,settled,D0004
T001977,A0061,C0061,2026-03-02T11:00:00+00:00,inbound,1873.12,USD,CP0107,US,ach,settled,D0042
T002149,A0065,C0065,2026-03-02T12:00:00+00:00,inbound,401.81,GBP,CP0105,US,ach,settled,D0024
T002060,A0063,C0063,2026-03-02T13:00:00+00:00,outbound,956.48,CAD,CP0108,US,p2p,settled,D0016
T000613,A0019,C0019,2026-03-02T15:00:00+00:00,inbound,4895.52,USD,CP0076,US,ach,failed,D0036
T001704,A0051,C0051,2026-03-02T17:00:00+00:00,inbound,2240.89,USD,CP0036,GB,card,refund,D0032
T002716,A0087,C0087,2026-03-02T19:00:00+00:00,inbound,1048.8,USD,CP0081,GB,p2p,settled,D0024
T003097,A0098,C0098,2026-03-02T21:00:00+00:00,inbound,584.55,USD,CP0085,US,ach,settled,D0020
T003145,A0100,C0100,2026-03-02T22:00:00+00:00,inbound,591.48,CAD,CP0014,GB,payout,settled,D0023
T003219,A0102,C0102,2026-03-03T01:00:00+00:00,outbound,1354.61,CAD,CP0104,BR,p2p,reversed,D0012
T001437,A0043,C0043,2026-03-03T03:00:00+00:00,outbound,3258.81,CAD,CP0075,GB,card,settled,D0049
T000620,A0019,C0019,2026-03-03T03:00:00+00:00,outbound,9928.16,USD,CP0003,US,ach,settled,D0017
T002958,A0093,C0093,2026-03-03T06:00:00+00:00,outbound,1633.29,USD,CP0003,CA,card,settled,D0003
T001531,A0045,C0045,2026-03-03T06:00:00+00:00,outbound,1402.61,USD,CP0100,US,ach,settled,D0018
T000256,A0007,C0007,2026-03-03T06:00:00+00:00,inbound,1733.67,USD,CP0099,CA,card,failed,D0038
T001908,A0058,C0058,2026-03-03T06:00:00+00:00,inbound,1354.69,USD,CP0086,US,p2p,pending,D0047
T002650,A0084,C0084,2026-03-03T07:00:00+00:00,inbound,504.84,USD,CP0020,GB,card,settled,D0001
T002920,A0092,C0092,2026-03-03T07:00:00+00:00,outbound,7445.57,USD,CP0105,PA,wire,reversed,D0020
T001572,A0047,C0047,2026-03-03T07:00:00+00:00,outbound,1456.21,USD,CP0139,PA,card,settled,D0011
T000398,A0012,C0012,2026-03-03T08:00:00+00:00,outbound,1295.41,USD,CP0009,US,ach,settled,D0028
T003128,A0099,C0099,2026-03-03T10:00:00+00:00,outbound,1319.79,USD,CP0090,BR,card,settled,D0024
T001222,A0037,C0037,2026-03-03T11:00:00+00:00,inbound,1034.82,USD,CP0136,US,card,settled,D0021
T000320,A0009,C0009,2026-03-03T13:00:00+00:00,inbound,4134.79,USD,CP0028,US,wire,settled,D0054
T000150,A0004,C0004,2026-03-03T13:00:00+00:00,outbound,729.11,USD,CP0052,GB,p2p,settled,D0036
T000201,A0005,C0005,2026-03-03T18:00:00+00:00,inbound,1220.64,USD,CP0149,GB,card,settled,D0014
T002982,A0094,C0094,2026-03-03T20:00:00+00:00,inbound,1921.58,GBP,CP0060,PA,wire,settled,D0042
T000781,A0023,C0023,2026-03-03T20:00:00+00:00,inbound,319.86,USD,CP0135,US,ach,settled,D0018
T002927,A0092,C0092,2026-03-03T20:00:00+00:00,inbound,7546.09,CAD,CP0115,MX,ach,settled,D0017
T000433,A0012,C0012,2026-03-03T20:00:00+00:00,inbound,687.41,USD,CP0117,US,p2p,settled,D0029
T002023,A0063,C0063,2026-03-03T21:00:00+00:00,inbound,316.09,GBP,CP0002,US,card,refund,D0020
T001256,A0037,C0037,2026-03-03T22:00:00+00:00,inbound,417.64,USD,CP0031,CA,p2p,settled,D0009
T000003,A0001,C0001,2026-03-04T00:00:00+00:00,outbound,614.59,CAD,CP0051,US,p2p,settled,D0007
T003053,A0097,C0097,2026-03-04T00:00:00+00:00,outbound,2335.12,USD,CP0079,BR,wire,settled,D0020
T001147,A0035,C0035,2026-03-04T00:00:00+00:00,inbound,806.07,USD,CP0118,MX,wire,settled,D0042
T002019,A0063,C0063,2026-03-04T00:00:00+00:00,inbound,2534.26,USD,CP0037,US,payout,pending,D0032
T003585,A0113,C0113,2026-03-04T02:00:00+00:00,inbound,391.08,USD,CP0132,US,payout,settled,D0009
T003342,A0107,C0107,2026-03-04T05:00:00+00:00,outbound,2667.58,USD,CP0081,MX,card,settled,D0022
T001339,A0040,C0040,2026-03-04T05:00:00+00:00,inbound,550.73,USD,CP0100,GB,ach,settled,D0011
T002062,A0063,C0063,2026-03-04T07:00:00+00:00,outbound,4022.03,USD,CP-HIGH-RISK-HUB,US,ach,settled,D0022
T000900,A0027,C0027,2026-03-04T13:00:00+00:00,outbound,11443.97,USD,CP0142,US,ach,settled,D0033
T003202,A0102,C0102,2026-03-04T14:00:00+00:00,outbound,526.97,USD,CP0105,CA,ach,settled,D0034
T000915,A0027,C0027,2026-03-04T15:00:00+00:00,inbound,10026.19,USD,CP0079,US,ach,settled,D0016
T001324,A0040,C0040,2026-03-04T15:00:00+00:00,outbound,388.68,USD,CP0114,MX,card,settled,D0007
T003095,A0098,C0098,2026-03-04T15:00:00+00:00,inbound,414.92,GBP,CP0008,US,card,settled,D0043
T001392,A0041,C0041,2026-03-04T16:00:00+00:00,outbound,2273.12,USD,CP0086,BR,card,settled,D0009
T002887,A0092,C0092,2026-03-04T16:00:00+00:00,inbound,268.06,CAD,CP0146,US,ach,pending,D0051
T002509,A0078,C0078,2026-03-04T17:00:00+00:00,inbound,485.66,CAD,CP0041,US,card,settled,D0032
T000064,A0002,C0002,2026-03-04T20:00:00+00:00,inbound,2745.53,USD,CP0015,US,p2p,reversed,D0034
T002356,A0074,C0074,2026-03-04T20:00:00+00:00,outbound,672.44,USD,CP0032,CA,p2p,settled,D0041
T000969,A0029,C0029,2026-03-04T22:00:00+00:00,inbound,2438.08,USD,CP0133,US,ach,settled,D0020
T002979,A0094,C0094,2026-03-04T23:00:00+00:00,outbound,730.5,USD,CP0138,US,ach,settled,D0044
T000118,A0003,C0003,2026-03-04T23:00:00+00:00,inbound,536.11,USD,CP0062,US,ach,settled,D0003
T001002,A0030,C0030,2026-03-05T00:00:00+00:00,outbound,932.24,USD,CP0027,GB,card,settled,D0039
T003183,A0101,C0101,2026-03-05T03:00:00+00:00,outbound,1540.98,USD,CP0095,US,payout,settled,D0018
T001051,A0032,C0032,2026-03-05T06:00:00+00:00,outbound,1137.54,USD,CP0021,US,card,settled,D0042
T001647,A0049,C0049,2026-03-05T08:00:00+00:00,inbound,1123.19,USD,CP0047,US,card,refund,D0002
T001011,A0030,C0030,2026-03-05T08:00:00+00:00,inbound,1041.74,USD,CP0065,US,ach,chargeback,D0036
T001768,A0053,C0053,2026-03-05T09:00:00+00:00,outbound,1316.17,USD,CP0047,CA,ach,settled,D0040
T001093,A0033,C0033,2026-03-05T10:00:00+00:00,outbound,1443.69,CAD,CP0068,PA,card,settled,D0004
T000403,A0012,C0012,2026-03-05T12:00:00+00:00,outbound,1841.09,USD,CP0124,US,wire,settled,D0028
T001488,A0044,C0044,2026-03-05T12:00:00+00:00,outbound,1347.4,GBP,CP0049,US,p2p,settled,D0041
T001434,A0043,C0043,2026-03-05T13:00:00+00:00,outbound,1499.03,USD,CP0085,CA,payout,settled,D0046
T002127,A0065,C0065,2026-03-05T14:00:00+00:00,inbound,9857.07,USD,CP0062,MX,card,refund,D0047
T001924,A0058,C0058,2026-03-05T14:00:00+00:00,outbound,459.99,CAD,CP0077,CA,card,settled,D0023
T003569,A0112,C0112,2026-03-05T14:00:00+00:00,inbound,1970.47,USD,CP0090,US,card,settled,D0053
T000023,A0001,C0001,2026-03-05T16:00:00+00:00,inbound,443.09,USD,CP0061,PA,payout,settled,D0042
T001393,A0041,C0041,2026-03-05T18:00:00+00:00,inbound,1407.77,USD,CP0029,CA,card,settled,D0016
T000516,A0015,C0015,2026-03-05T19:00:00+00:00,outbound,513.15,USD,CP0132,US,p2p,settled,D0019
T003604,A0113,C0113,2026-03-05T21:00:00+00:00,inbound,1083.03,USD,CP0004,MX,payout,settled,D0034
T000462,A0013,C0013,2026-03-05T23:00:00+00:00,outbound,1674.96,USD,CP0087,US,card,settled,D0004
T002706,A0086,C0086,2026-03-06T00:00:00+00:00,outbound,319.86,CAD,CP0067,GB,wire,settled,D0015
T002347,A0073,C0073,2026-03-06T01:00:00+00:00,inbound,1252.59,USD,CP0121,CA,card,settled,D0037
T002769,A0089,C0089,2026-03-06T01:00:00+00:00,inbound,220.79,USD,CP0039,BR,p2p,failed,D0009
T001515,A0045,C0045,2026-03-06T01:00:00+00:00,outbound,1720.91,USD,CP0105,US,p2p,settled,D0018
T001402,A0042,C0042,2026-03-06T02:00:00+00:00,outbound,685.15,USD,CP0007,MX,card,settled,D0039
T001353,A0041,C0041,2026-03-06T02:00:00+00:00,outbound,1158.3,USD,CP0010,US,wire,settled,D0001
T000034,A0001,C0001,2026-03-06T03:00:00+00:00,inbound,874.24,USD,CP0065,PA,payout,settled,D0011
T000859,A0026,C0026,2026-03-06T04:00:00+00:00,inbound,771.27,USD,CP0063,US,payout,settled,D0049
T001786,A0054,C0054,2026-03-06T06:00:00+00:00,outbound,1245.13,USD,CP0072,US,card,settled,D0025
T000420,A0012,C0012,2026-03-06T07:00:00+00:00,outbound,956.05,USD,CP0056,PA,ach,settled,D0041
T002112,A0065,C0065,2026-03-06T08:00:00+00:00,outbound,11317.67,USD,CP0123,MX,p2p,settled,D0025
T000860,A0026,C0026,2026-03-06T10:00:00+00:00,inbound,797.47,USD,CP0127,GB,ach,settled,D0020
T001291,A0039,C0039,2026-03-06T12:00:00+00:00,inbound,1296.74,USD,CP0021,US,card,settled,D0035
T003130,A0099,C0099,2026-03-06T13:00:00+00:00,inbound,2644.09,USD,CP0072,BR,payout,refund,D0006
T001387,A0041,C0041,2026-03-06T14:00:00+00:00,inbound,606.98,USD,CP0078,US,ach,reversed,D0030
T000531,A0015,C0015,2026-03-06T16:00:00+00:00,outbound,369.27,USD,CP0002,CA,card,settled,D0040
T000828,A0024,C0024,2026-03-06T17:00:00+00:00,outbound,1637.6,USD,CP0027,GB,card,settled,D0033
T003518,A0111,C0111,2026-03-06T17:00:00+00:00,outbound,719.15,USD,CP0024,GB,card,settled,D0007
T003817,A0120,C0120,2026-03-06T18:00:00+00:00,outbound,558.41,CAD,CP0141,CA,card,settled,D0029
T002283,A0072,C0072,2026-03-06T21:00:00+00:00,inbound,385.29,USD,CP0122,US,payout,settled,D0044
T001099,A0033,C0033,2026-03-06T21:00:00+00:00,outbound,476.98,USD,CP0036,US,p2p,settled,D0038
T003335,A0107,C0107,2026-03-06T21:00:00+00:00,outbound,183.13,USD,CP0085,US,wire,settled,D0014
T001550,A0046,C0046,2026-03-06T22:00:00+00:00,inbound,676.69,USD,CP0067,US,ach,settled,D0009
T001095,A0033,C0033,2026-03-06T22:00:00+00:00,inbound,765.82,USD,CP0111,PA,card,settled,D0015
T003428,A0109,C0109,2026-03-06T22:00:00+00:00,inbound,2433.59,USD,CP0116,US,card,settled,D0013
T003751,A0118,C0118,2026-03-06T23:00:00+00:00,inbound,2190.82,USD,CP0097,US,card,failed,D0003
T000795,A0023,C0023,2026-03-06T23:00:00+00:00,outbound,308.87,USD,CP0006,PA,p2p,settled,D0047
T003729,A0117,C0117,2026-03-06T23:00:00+00:00,inbound,350.99,USD,CP0079,MX,payout,chargeback,D0054
T002339,A0073,C0073,2026-03-07T00:00:00+00:00,inbound,644.26,USD,CP0111,MX,ach,settled,D0009
T003163,A0101,C0101,2026-03-07T01:00:00+00:00,inbound,4042.36,USD,CP0115,BR,wire,settled,D0021
T002628,A0083,C0083,2026-03-07T01:00:00+00:00,outbound,1655.07,USD,CP0094,US,p2p,reversed,D0033
T001442,A0043,C0043,2026-03-07T04:00:00+00:00,outbound,402.3,GBP,CP0017,US,card,settled,D0033
T003189,A0101,C0101,2026-03-07T04:00:00+00:00,outbound,1061.74,USD,CP0028,PA,ach,refund,D0023
T000901,A0027,C0027,2026-03-07T04:00:00+00:00,inbound,651.6,CAD,CP0012,GB,card,settled,D0029
T002526,A0079,C0079,2026-03-07T04:00:00+00:00,outbound,2810.76,CAD,CP0045,US,p2p,failed,D0027
T002179,A0067,C0067,2026-03-07T05:00:00+00:00,inbound,1558.17,USD,CP0113,PA,payout,refund,D0009
T001625,A0048,C0048,2026-03-07T06:00:00+00:00,outbound,1199.82,USD,CP0079,PA,card,refund,D0037
T002632,A0083,C0083,2026-03-07T08:00:00+00:00,inbound,884.24,USD,CP0145,US,payout,settled,D0020
T000393,A0011,C0011,2026-03-07T10:00:00+00:00,inbound,813.01,USD,CP0046,GB,card,settled,D0023
T000134,A0004,C0004,2026-03-07T10:00:00+00:00,inbound,1622.15,USD,CP0118,CA,p2p,chargeback,D0029
T001760,A0053,C0053,2026-03-07T11:00:00+00:00,outbound,996.0,USD,CP0088,US,p2p,settled,D0029
T001196,A0036,C0036,2026-03-07T12:00:00+00:00,inbound,648.68,USD,CP0121,PA,card,settled,D0042
T001541,A0046,C0046,2026-03-07T12:00:00+00:00,inbound,1191.1,USD,CP0108,US,card,settled,D0050
T000358,A0011,C0011,2026-03-07T13:00:00+00:00,inbound,1197.14,USD,CP0028,US,p2p,settled,D0047
T000864,A0026,C0026,2026-03-07T18:00:00+00:00,outbound,1252.64,USD,CP0141,US,card,settled,D0003
T001833,A0056,C0056,2026-03-07T19:00:00+00:00,inbound,764.25,USD,CP0036,US,card,settled,D0032
T002311,A0072,C0072,2026-03-07T20:00:00+00:00,outbound,544.37,CAD,CP0006,US,p2p,settled,D0013
T001728,A0052,C0052,2026-03-07T21:00:00+00:00,outbound,1025.43,GBP,CP0091,GB,payout,settled,D0017
T000697,A0020,C0020,2026-03-08T00:00:00+00:00,inbound,458.49,USD,CP0149,US,payout,failed,D0005
T003703,A0117,C0117,2026-03-08T00:00:00+00:00,outbound,1321.8,USD,CP0096,CA,card,settled,D0038
T002880,A0092,C0092,2026-03-08T01:00:00+00:00,inbound,540.29,USD,CP0077,GB,ach,settled,D0041
T003772,A0119,C0119,2026-03-08T08:00:00+00:00,outbound,582.24,USD,CP0101,US,card,settled,D0046
T002810,A0090,C0090,2026-03-08T08:00:00+00:00,inbound,1328.24,USD,CP0059,US,card,settled,D0005
T001810,A0055,C0055,2026-03-08T10:00:00+00:00,inbound,143.45,USD,CP0056,US,wire,settled,D0007
T003413,A0108,C0108,2026-03-08T10:00:00+00:00,inbound,303.2,USD,CP0121,MX,card,pending,D0004
T003154,A0100,C0100,2026-03-08T10:00:00+00:00,inbound,2295.79,USD,CP0062,GB,ach,refund,D0014
T002387,A0074,C0074,2026-03-08T11:00:00+00:00,outbound,9047.99,CAD,CP0037,US,card,settled,D0016
T002222,A0069,C0069,2026-03-08T12:00:00+00:00,outbound,990.25,USD,CP0075,BR,card,failed,D0018
T002997,A0095,C0095,2026-03-08T12:00:00+00:00,outbound,615.06,USD,CP0107,GB,ach,settled,D0036
T001992,A0062,C0062,2026-03-08T13:00:00+00:00,outbound,2675.51,USD,CP0144,GB,card,settled,D0052
T001631,A0048,C0048,2026-03-08T17:00:00+00:00,inbound,697.07,USD,CP0107,US,p2p,settled,D0022
T000119,A0003,C0003,2026-03-08T22:00:00+00:00,inbound,1109.61,USD,CP0064,US,card,settled,D0003
T002343,A0073,C0073,2026-03-09T00:00:00+00:00,outbound,2068.67,CAD,CP0063,GB,ach,settled,D0035
T000671,A0019,C0019,2026-03-09T02:00:00+00:00,inbound,2236.7,USD,CP0056,PA,wire,settled,D0034
T002507,A0078,C0078,2026-03-09T02:00:00+00:00,outbound,1255.03,USD,CP0054,US,ach,settled,D0028
T000640,A0019,C0019,2026-03-09T02:00:00+00:00,outbound,1473.93,USD,CP0042,MX,ach,settled,D0030
T003224,A0102,C0102,2026-03-09T03:00:00+00:00,inbound,604.81,CAD,CP0096,CA,p2p,settled,D0013
T001187,A0036,C0036,2026-03-09T09:00:00+00:00,outbound,1607.75,USD,CP0121,US,ach,settled,D0006
T001819,A0055,C0055,2026-03-09T10:00:00+00:00,inbound,883.63,USD,CP0077,MX,card,settled,D0031
T000615,A0019,C0019,2026-03-09T14:00:00+00:00,inbound,2053.24,CAD,CP0068,MX,ach,settled,D0040
T001111,A0034,C0034,2026-03-09T17:00:00+00:00,inbound,1442.29,USD,CP0127,US,card,settled,D0037
T000719,A0021,C0021,2026-03-09T17:00:00+00:00,inbound,2278.26,GBP,CP0001,CA,ach,settled,D0040
T002118,A0065,C0065,2026-03-09T19:00:00+00:00,outbound,1510.49,USD,CP0069,US,p2p,settled,D0041
T003672,A0116,C0116,2026-03-09T20:00:00+00:00,inbound,985.09,USD,CP0112,US,card,refund,D0024
T002640,A0084,C0084,2026-03-09T21:00:00+00:00,outbound,1534.77,USD,CP0095,US,ach,settled,D0008
T000400,A0012,C0012,2026-03-09T21:00:00+00:00,outbound,2845.82,USD,CP0113,US,wire,settled,D0037
T003607,A0113,C0113,2026-03-09T21:00:00+00:00,outbound,548.93,USD,CP0075,CA,card,failed,D0054
T002284,A0072,C0072,2026-03-09T22:00:00+00:00,outbound,2805.36,USD,CP0055,MX,payout,settled,D0007
T001735,A0052,C0052,2026-03-10T00:00:00+00:00,outbound,2988.19,USD,CP0046,US,wire,failed,D0016
T001247,A0037,C0037,2026-03-10T01:00:00+00:00,outbound,136.19,USD,CP0039,PA,p2p,settled,D0052
T001679,A0051,C0051,2026-03-10T03:00:00+00:00,inbound,1322.81,USD,CP0122,US,card,chargeback,D0015
T001581,A0047,C0047,2026-03-10T03:00:00+00:00,outbound,857.49,USD,CP0048,US,card,settled,D0002
T003301,A0106,C0106,2026-03-10T06:00:00+00:00,outbound,2256.73,USD,CP0072,PA,card,settled,D0027
T003678,A0116,C0116,2026-03-10T07:00:00+00:00,outbound,737.85,USD,CP0080,GB,card,settled,D0043
T002243,A0070,C0070,2026-03-10T10:00:00+00:00,outbound,1503.26,USD,CP0040,PA,card,settled,D0042
T003288,A0105,C0105,2026-03-10T14:00:00+00:00,outbound,549.65,USD,CP0115,BR,ach,refund,D0030
T001904,A0058,C0058,2026-03-10T15:00:00+00:00,outbound,1189.39,USD,CP0057,BR,wire,settled,D0030
T003218,A0102,C0102,2026-03-10T15:00:00+00:00,outbound,198.86,USD,CP0143,BR,card,settled,D0006
T002091,A0064,C0064,2026-03-10T16:00:00+00:00,outbound,247.65,USD,CP0027,US,card,settled,D0014
T001491,A0045,C0045,2026-03-10T16:00:00+00:00,inbound,1278.35,USD,CP0017,US,card,chargeback,D0054
T000766,A0022,C0022,2026-03-10T17:00:00+00:00,outbound,433.32,USD,CP0015,CA,p2p,reversed,D0035
T002758,A0089,C0089,2026-03-10T17:00:00+00:00,inbound,1943.51,USD,CP0074,US,payout,settled,D0028
T003223,A0102,C0102,2026-03-10T18:00:00+00:00,inbound,448.49,USD,CP0112,US,card,settled,D0030
T001186,A0036,C0036,2026-03-10T19:00:00+00:00,inbound,1104.34,USD,CP0028,CA,p2p,settled,D0003
T003263,A0104,C0104,2026-03-10T19:00:00+00:00,outbound,430.69,USD,CP0094,US,ach,pending,D0002
T003564,A0112,C0112,2026-03-10T22:00:00+00:00,outbound,1489.56,USD,CP0008,US,p2p,settled,D0006
T000140,A0004,C0004,2026-03-10T23:00:00+00:00,inbound,3275.79,USD,CP0086,US,p2p,settled,D0045
T003478,A0110,C0110,2026-03-11T00:00:00+00:00,inbound,976.17,USD,CP0068,US,payout,pending,D0034
T000994,A0030,C0030,2026-03-11T00:00:00+00:00,outbound,955.48,USD,CP0102,CA,payout,settled,D0018
T002870,A0091,C0091,2026-03-11T02:00:00+00:00,outbound,608.57,USD,CP0062,US,ach,settled,D0046
T001075,A0032,C0032,2026-03-11T03:00:00+00:00,outbound,477.39,GBP,CP0075,CA,card,settled,D0015
T000446,A0013,C0013,2026-03-11T03:00:00+00:00,inbound,904.06,USD,CP0014,US,card,settled,D0029
T001511,A0045,C0045,2026-03-11T06:00:00+00:00,outbound,911.92,USD,CP0049,US,ach,settled,D0015
T002051,A0063,C0063,2026-03-11T09:00:00+00:00,inbound,84.83,USD,CP0117,US,ach,settled,D0008
T003783,A0119,C0119,2026-03-11T10:00:00+00:00,inbound,355.72,GBP,CP0005,BR,ach,settled,D0053
T001671,A0050,C0050,2026-03-11T10:00:00+00:00,inbound,2085.26,USD,CP0096,CA,ach,refund,D0048
T002648,A0084,C0084,2026-03-11T12:00:00+00:00,inbound,1755.94,USD,CP0100,US,card,pending,D0044
T001441,A0043,C0043,2026-03-11T12:00:00+00:00,inbound,1355.43,GBP,CP0029,CA,ach,failed,D0053
T003491,A0110,C0110,2026-03-11T14:00:00+00:00,inbound,1921.82,CAD,CP0041,MX,p2p,settled,D0017
T001502,A0045,C0045,2026-03-11T15:00:00+00:00,outbound,458.86,GBP,CP0055,MX,card,failed,D0031
T002811,A0090,C0090,2026-03-11T15:00:00+00:00,outbound,834.64,USD,CP0113,MX,card,pending,D0017
T000929,A0028,C0028,2026-03-11T16:00:00+00:00,outbound,1149.02,CAD,CP0077,US,wire,settled,D0008
T002404,A0075,C0075,2026-03-11T17:00:00+00:00,inbound,589.33,USD,CP0059,US,p2p,settled,D0033
T000152,A0004,C0004,2026-03-11T19:00:00+00:00,outbound,205.08,USD,CP0144,US,p2p,settled,D0032
T001644,A0049,C0049,2026-03-11T20:00:00+00:00,inbound,3215.44,USD,CP0064,CA,ach,settled,D0002
T001569,A0047,C0047,2026-03-11T20:00:00+00:00,inbound,1541.42,CAD,CP0045,US,payout,settled,D0047
T000662,A0019,C0019,2026-03-11T21:00:00+00:00,outbound,959.82,USD,CP0035,US,payout,pending,D0012
T000595,A0018,C0018,2026-03-11T22:00:00+00:00,inbound,853.89,USD,CP0102,MX,card,settled,D0032
T000889,A0027,C0027,2026-03-12T01:00:00+00:00,outbound,246.29,USD,CP0074,US,card,settled,D0040
T002170,A0066,C0066,2026-03-12T02:00:00+00:00,inbound,1475.95,USD,CP0104,US,card,chargeback,D0015
T002157,A0066,C0066,2026-03-12T03:00:00+00:00,outbound,1451.91,USD,CP0025,GB,p2p,settled,D0009
T002952,A0093,C0093,2026-03-12T04:00:00+00:00,inbound,390.78,USD,CP0015,US,card,settled,D0007
T003282,A0105,C0105,2026-03-12T04:00:00+00:00,outbound,1174.59,CAD,CP0127,US,card,settled,D0054
T003368,A0108,C0108,2026-03-12T05:00:00+00:00,outbound,649.85,USD,CP0049,CA,card,settled,D0050
T002882,A0092,C0092,2026-03-12T05:00:00+00:00,inbound,1611.9,USD,CP0039,US,p2p,settled,D0049
T000341,A0010,C0010,2026-03-12T06:00:00+00:00,inbound,1498.23,CAD,CP0139,US,card,settled,D0007
T003114,A0099,C0099,2026-03-12T08:00:00+00:00,outbound,1271.64,USD,CP0131,US,ach,failed,D0018
T000169,A0005,C0005,2026-03-12T08:00:00+00:00,outbound,1061.67,USD,CP0035,US,ach,settled,D0004
T002623,A0083,C0083,2026-03-12T08:00:00+00:00,inbound,2095.86,CAD,CP0073,US,ach,failed,D0025
T000898,A0027,C0027,2026-03-12T09:00:00+00:00,inbound,892.89,USD,CP0147,BR,card,settled,D0012
T002869,A0091,C0091,2026-03-12T11:00:00+00:00,inbound,207.58,USD,CP0143,MX,card,settled,D0052
T001050,A0032,C0032,2026-03-12T11:00:00+00:00,outbound,1079.24,USD,CP0049,MX,ach,settled,D0015
T001799,A0054,C0054,2026-03-12T13:00:00+00:00,inbound,473.15,USD,CP0090,US,payout,settled,D0020
T002279,A0071,C0071,2026-03-12T13:00:00+00:00,inbound,432.61,CAD,CP0064,BR,card,settled,D0005
T003143,A0100,C0100,2026-03-12T13:00:00+00:00,outbound,1483.16,USD,CP0136,US,card,settled,D0001
T001954,A0060,C0060,2026-03-12T14:00:00+00:00,inbound,3588.31,USD,CP0139,US,wire,settled,D0039
T001787,A0054,C0054,2026-03-12T14:00:00+00:00,outbound,1359.34,USD,CP0135,GB,p2p,reversed,D0032
T001468,A0044,C0044,2026-03-12T15:00:00+00:00,inbound,2546.91,USD,CP0124,US,p2p,settled,D0010
T001613,A0048,C0048,2026-03-12T16:00:00+00:00,inbound,2444.9,CAD,CP0069,US,payout,settled,D0025
T002325,A0073,C0073,2026-03-12T17:00:00+00:00,inbound,357.76,USD,CP0075,US,card,settled,D0047
T000367,A0011,C0011,2026-03-12T17:00:00+00:00,outbound,1515.77,CAD,CP0086,US,card,settled,D0025
T003494,A0110,C0110,2026-03-12T21:00:00+00:00,inbound,991.35,USD,CP0044,US,ach,settled,D0018
T002828,A0090,C0090,2026-03-12T22:00:00+00:00,inbound,1051.35,USD,CP-HIGH-RISK-HUB,GB,card,settled,D0037
T000572,A0017,C0017,2026-03-13T02:00:00+00:00,outbound,3319.34,USD,CP0119,US,payout,settled,D0051
T000218,A0005,C0005,2026-03-13T02:00:00+00:00,inbound,716.85,USD,CP0091,US,wire,settled,D0045
T000960,A0029,C0029,2026-03-13T04:00:00+00:00,outbound,1110.15,USD,CP0034,BR,card,settled,D0023
T000312,A0009,C0009,2026-03-13T05:00:00+00:00,inbound,904.43,USD,CP0077,US,card,settled,D0022
T003436,A0109,C0109,2026-03-13T05:00:00+00:00,inbound,343.04,USD,CP0132,US,ach,chargeback,D0002
T003702,A0117,C0117,2026-03-13T08:00:00+00:00,inbound,230.96,USD,CP0102,GB,payout,pending,D0001
T003266,A0104,C0104,2026-03-13T11:00:00+00:00,outbound,2319.01,USD,CP0097,PA,ach,settled,D0032
T003387,A0108,C0108,2026-03-13T11:00:00+00:00,outbound,590.07,USD,CP0141,PA,card,settled,D0010
T000987,A0029,C0029,2026-03-13T12:00:00+00:00,outbound,1506.56,USD,CP0026,US,p2p,settled,D0021
T002227,A0069,C0069,2026-03-13T16:00:00+00:00,inbound,2055.93,USD,CP0039,US,p2p,settled,D0048
T003338,A0107,C0107,2026-03-13T16:00:00+00:00,outbound,1647.5,USD,CP0015,US,ach,settled,D0034
T001889,A0057,C0057,2026-03-13T19:00:00+00:00,inbound,2419.96,USD,CP0140,MX,card,settled,D0035
T001804,A0054,C0054,2026-03-13T19:00:00+00:00,inbound,1826.14,USD,CP0063,CA,card,settled,D0032
T003148,A0100,C0100,2026-03-13T21:00:00+00:00,inbound,920.44,GBP,CP0038,US,ach,settled,D0015
T000993,A0030,C0030,2026-03-13T21:00:00+00:00,inbound,3318.44,CAD,CP0074,CA,card,settled,D0027
T003673,A0116,C0116,2026-03-13T22:00:00+00:00,inbound,1210.49,GBP,CP0042,GB,p2p,settled,D0008
T000711,A0021,C0021,2026-03-14T01:00:00+00:00,inbound,416.5,CAD,CP0066,US,wire,failed,D0022
T001336,A0040,C0040,2026-03-14T04:00:00+00:00,inbound,715.66,USD,CP0057,US,card,settled,D0037
T002664,A0085,C0085,2026-03-14T04:00:00+00:00,inbound,781.11,USD,CP0119,US,ach,settled,D0034
T002924,A0092,C0092,2026-03-14T06:00:00+00:00,outbound,7731.11,USD,CP0129,CA,p2p,settled,D0022
T002645,A0084,C0084,2026-03-14T08:00:00+00:00,inbound,1191.84,USD,CP0108,US,payout,settled,D0007
T003112,A0098,C0098,2026-03-14T10:00:00+00:00,outbound,1751.11,USD,CP0028,GB,card,settled,D0002
T001115,A0034,C0034,2026-03-14T10:00:00+00:00,outbound,2846.29,USD,CP0109,MX,card,settled,D0040
T001623,A0048,C0048,2026-03-14T15:00:00+00:00,inbound,1343.0,USD,CP0062,US,payout,settled,D0026
T000205,A0005,C0005,2026-03-14T16:00:00+00:00,inbound,796.57,USD,CP0024,BR,p2p,refund,D0050
T002713,A0087,C0087,2026-03-14T17:00:00+00:00,outbound,713.22,USD,CP0013,GB,payout,settled,D0042
T001263,A0037,C0037,2026-03-14T17:00:00+00:00,inbound,1070.09,USD,CP0091,PA,card,settled,D0054
T000720,A0021,C0021,2026-03-14T17:00:00+00:00,inbound,2574.22,USD,CP0104,US,card,settled,D0038
T002685,A0085,C0085,2026-03-14T18:00:00+00:00,inbound,457.72,USD,CP0031,US,p2p,settled,D0008
T001063,A0032,C0032,2026-03-14T19:00:00+00:00,outbound,527.64,USD,CP0018,US,p2p,settled,D0016
T002150,A0065,C0065,2026-03-14T21:00:00+00:00,outbound,1194.73,USD,CP0045,CA,p2p,settled,D0047
T002121,A0065,C0065,2026-03-14T22:00:00+00:00,inbound,445.54,USD,CP0101,US,ach,reversed,D0030
T001940,A0059,C0059,2026-03-15T00:00:00+00:00,inbound,800.23,USD,CP0096,US,card,settled,D0030
T000815,A0024,C0024,2026-03-15T00:00:00+00:00,outbound,500.01,USD,CP0119,GB,card,settled,D0009
T001816,A0055,C0055,2026-03-15T01:00:00+00:00,inbound,1848.09,USD,CP0031,MX,wire,refund,D0005
T003258,A0104,C0104,2026-03-15T02:00:00+00:00,inbound,2482.35,USD,CP0065,US,wire,settled,D0007
T003052,A0097,C0097,2026-03-15T02:00:00+00:00,inbound,912.1,USD,CP0144,US,p2p,settled,D0037
T001440,A0043,C0043,2026-03-15T04:00:00+00:00,outbound,817.07,CAD,CP0066,US,p2p,settled,D0025
T003121,A0099,C0099,2026-03-15T05:00:00+00:00,inbound,1413.48,USD,CP0089,PA,wire,settled,D0028
T000482,A0014,C0014,2026-03-15T05:00:00+00:00,inbound,1454.07,GBP,CP0079,US,card,settled,D0031
T000356,A0011,C0011,2026-03-15T07:00:00+00:00,inbound,2171.35,CAD,CP0011,US,card,settled,D0043
T003403,A0108,C0108,2026-03-15T10:00:00+00:00,outbound,587.36,USD,CP0103,PA,card,settled,D0010
T001720,A0052,C0052,2026-03-15T13:00:00+00:00,inbound,2062.91,USD,CP0035,CA,card,settled,D0052
T003245,A0103,C0103,2026-03-15T13:00:00+00:00,outbound,1266.7,USD,CP0020,BR,card,settled,D0044
T001498,A0045,C0045,2026-03-15T15:00:00+00:00,outbound,4841.92,USD,CP0080,US,p2p,settled,D0013
T000415,A0012,C0012,2026-03-15T15:00:00+00:00,inbound,193.56,USD,CP0079,CA,ach,settled,D0014
T003196,A0102,C0102,2026-03-15T15:00:00+00:00,inbound,1359.23,USD,CP0001,US,ach,settled,D0049
T000937,A0028,C0028,2026-03-15T17:00:00+00:00,inbound,2792.8,GBP,CP0111,MX,p2p,settled,D0040
T003572,A0112,C0112,2026-03-15T18:00:00+00:00,outbound,1411.83,USD,CP0003,MX,ach,failed,D0029
T002735,A0088,C0088,2026-03-15T19:00:00+00:00,outbound,566.61,USD,CP0103,US,payout,settled,D0048
T002971,A0094,C0094,2026-03-15T19:00:00+00:00,inbound,2989.2,USD,CP0094,MX,card,settled,D0014
T000750,A0022,C0022,2026-03-15T21:00:00+00:00,outbound,1497.26,USD,CP0108,PA,ach,settled,D0048
T000444,A0013,C0013,2026-03-15T22:00:00+00:00,inbound,527.81,USD,CP0027,BR,ach,settled,D0013
T002435,A0076,C0076,2026-03-16T00:00:00+00:00,outbound,2269.91,USD,CP0141,CA,card,pending,D0044
T002321,A0073,C0073,2026-03-16T00:00:00+00:00,outbound,1134.23,USD,CP0128,US,wire,settled,D0003
T002610,A0082,C0082,2026-03-16T02:00:00+00:00,inbound,2167.57,CAD,CP0035,MX,ach,settled,D0050
T000840,A0025,C0025,2026-03-16T02:00:00+00:00,inbound,672.58,USD,CP0019,CA,ach,settled,D0052
T000257,A0007,C0007,2026-03-16T04:00:00+00:00,outbound,1780.49,USD,CP0084,US,ach,settled,D0024
T003347,A0107,C0107,2026-03-16T04:00:00+00:00,outbound,3267.75,USD,CP0015,GB,payout,settled,D0025
T000982,A0029,C0029,2026-03-16T05:00:00+00:00,outbound,1526.9,USD,CP0097,MX,card,chargeback,D0029
T001938,A0059,C0059,2026-03-16T05:00:00+00:00,inbound,1004.72,USD,CP0103,MX,card,settled,D0015
T000673,A0020,C0020,2026-03-16T06:00:00+00:00,inbound,2092.69,USD,CP0038,CA,card,settled,D0012
T003098,A0098,C0098,2026-03-16T08:00:00+00:00,outbound,1248.89,USD,CP0148,MX,wire,settled,D0032
T000638,A0019,C0019,2026-03-16T09:00:00+00:00,outbound,9900.1,USD,CP0054,US,ach,settled,D0015
T002943,A0093,C0093,2026-03-16T12:00:00+00:00,outbound,433.62,USD,CP0024,CA,card,settled,D0030
T000173,A0005,C0005,2026-03-16T12:00:00+00:00,inbound,1257.69,CAD,CP0016,US,ach,settled,D0010
T001012,A0030,C0030,2026-03-16T13:00:00+00:00,outbound,1375.73,USD,CP0066,US,p2p,settled,D0033
T001276,A0038,C0038,2026-03-16T13:00:00+00:00,outbound,1095.76,USD,CP0030,MX,wire,settled,D0016
T001182,A0035,C0035,2026-03-16T14:00:00+00:00,outbound,1175.04,USD,CP0137,CA,ach,settled,D0045
T002954,A0093,C0093,2026-03-16T16:00:00+00:00,outbound,1641.43,USD,CP0098,PA,wire,settled,D0008
T003273,A0104,C0104,2026-03-16T16:00:00+00:00,inbound,275.19,USD,CP0076,US,p2p,settled,D0023
T000786,A0023,C0023,2026-03-16T18:00:00+00:00,inbound,1125.29,GBP,CP0056,PA,ach,reversed,D0020
T000284,A0008,C0008,2026-03-16T18:00:00+00:00,outbound,1187.06,USD,CP0056,US,card,settled,D0018
T002657,A0084,C0084,2026-03-16T19:00:00+00:00,outbound,1182.89,USD,CP0103,CA,payout,settled,D0050
T003623,A0114,C0114,2026-03-16T21:00:00+00:00,inbound,725.24,USD,CP0034,US,card,settled,D0051
T000849,A0026,C0026,2026-03-16T21:00:00+00:00,outbound,1780.98,USD,CP0058,PA,payout,settled,D0054
T002093,A0064,C0064,2026-03-16T22:00:00+00:00,inbound,517.14,CAD,CP0036,BR,p2p,pending,D0022
T000026,A0001,C0001,2026-03-16T23:00:00+00:00,outbound,1596.91,USD,CP0008,PA,ach,settled,D0034
T001698,A0051,C0051,2026-03-16T23:00:00+00:00,inbound,281.18,USD,CP0072,US,wire,settled,D0026
T001023,A0031,C0031,2026-03-16T23:00:00+00:00,inbound,576.14,USD,CP0088,MX,wire,settled,D0026
T000061,A0001,C0001,2026-03-16T23:00:00+00:00,inbound,7027.44,USD,CP0015,US,ach,settled,D0011
T002017,A0063,C0063,2026-03-17T00:00:00+00:00,outbound,431.49,USD,CP-HIGH-RISK-HUB,US,card,refund,D0023
T003240,A0103,C0103,2026-03-17T00:00:00+00:00,outbound,812.95,USD,CP0137,US,card,settled,D0009
T002813,A0090,C0090,2026-03-17T06:00:00+00:00,outbound,1706.93,USD,CP-HIGH-RISK-HUB,PA,card,settled,D0042
T002678,A0085,C0085,2026-03-17T09:00:00+00:00,outbound,1021.4,USD,CP0146,MX,p2p,settled,D0051
T001083,A0033,C0033,2026-03-17T10:00:00+00:00,outbound,275.32,GBP,CP0140,MX,ach,settled,D0003
T001016,A0031,C0031,2026-03-17T10:00:00+00:00,outbound,486.48,USD,CP0116,PA,ach,pending,D0026
T003821,A0120,C0120,2026-03-17T10:00:00+00:00,inbound,1244.79,USD,CP0081,US,p2p,settled,D0037
T001872,A0056,C0056,2026-03-17T11:00:00+00:00,outbound,619.19,USD,CP0047,US,p2p,pending,D0005
T003048,A0097,C0097,2026-03-17T15:00:00+00:00,outbound,502.82,USD,CP0147,US,p2p,settled,D0003
T001280,A0038,C0038,2026-03-17T15:00:00+00:00,outbound,1525.67,USD,CP0087,BR,p2p,chargeback,D0006
T001399,A0042,C0042,2026-03-17T16:00:00+00:00,outbound,1912.42,GBP,CP0119,CA,p2p,settled,D0028
T001527,A0045,C0045,2026-03-17T17:00:00+00:00,outbound,1112.22,USD,CP0123,US,p2p,failed,D0001
T003557,A0112,C0112,2026-03-17T17:00:00+00:00,outbound,1022.93,CAD,CP0038,MX,ach,settled,D0030
T002960,A0093,C0093,2026-03-17T17:00:00+00:00,inbound,3041.29,CAD,CP0085,GB,card,failed,D0048
T003385,A0108,C0108,2026-03-17T18:00:00+00:00,inbound,2467.77,USD,CP0047,BR,ach,settled,D0028
T000686,A0020,C0020,2026-03-17T21:00:00+00:00,outbound,1807.54,USD,CP0145,BR,ach,settled,D0027
T002473,A0077,C0077,2026-03-17T21:00:00+00:00,outbound,2775.0,USD,CP0127,US,p2p,settled,D0003
T001220,A0037,C0037,2026-03-17T23:00:00+00:00,inbound,1104.96,USD,CP0059,US,card,settled,D0016
T000108,A0003,C0003,2026-03-17T23:00:00+00:00,inbound,1037.74,CAD,CP0039,US,card,pending,D0047
T003617,A0114,C0114,2026-03-18T00:00:00+00:00,inbound,462.46,USD,CP0012,US,ach,settled,D0017
T000430,A0012,C0012,2026-03-18T01:00:00+00:00,inbound,1244.92,USD,CP0098,GB,ach,settled,D0042
T003152,A0100,C0100,2026-03-18T02:00:00+00:00,inbound,1329.93,USD,CP0148,US,p2p,settled,D0034
T001932,A0059,C0059,2026-03-18T02:00:00+00:00,outbound,593.39,USD,CP0077,US,p2p,settled,D0008
T001415,A0042,C0042,2026-03-18T03:00:00+00:00,outbound,862.19,CAD,CP0089,US,p2p,refund,D0012
T002054,A0063,C0063,2026-03-18T04:00:00+00:00,outbound,789.97,USD,CP0027,CA,card,settled,D0023
T002804,A0090,C0090,2026-03-18T05:00:00+00:00,outbound,1040.27,USD,CP0002,US,card,settled,D0010
T001595,A0048,C0048,2026-03-18T05:00:00+00:00,outbound,7680.74,USD,CP0141,US,ach,settled,D0012
T002119,A0065,C0065,2026-03-18T06:00:00+00:00,inbound,7383.61,CAD,CP0079,US,wire,reversed,D0033
T001975,A0061,C0061,2026-03-18T07:00:00+00:00,inbound,232.83,USD,CP0001,US,ach,settled,D0024
T003050,A0097,C0097,2026-03-18T08:00:00+00:00,inbound,1403.01,USD,CP0129,PA,card,pending,D0014
T002511,A0078,C0078,2026-03-18T09:00:00+00:00,outbound,777.96,USD,CP0087,US,ach,settled,D0034
T003534,A0111,C0111,2026-03-18T09:00:00+00:00,inbound,1059.24,CAD,CP0049,MX,card,settled,D0045
T001922,A0058,C0058,2026-03-18T10:00:00+00:00,inbound,612.7,USD,CP0072,US,card,settled,D0004
T002249,A0070,C0070,2026-03-18T10:00:00+00:00,outbound,1051.52,USD,CP0020,US,ach,settled,D0054
T002040,A0063,C0063,2026-03-18T14:00:00+00:00,inbound,756.3,USD,CP0007,BR,card,settled,D0034
T001046,A0031,C0031,2026-03-18T14:00:00+00:00,inbound,509.25,CAD,CP0031,US,ach,settled,D0013
T001022,A0031,C0031,2026-03-18T16:00:00+00:00,inbound,1710.49,USD,CP0097,US,payout,settled,D0032
T003153,A0100,C0100,2026-03-18T17:00:00+00:00,inbound,2308.54,USD,CP0054,MX,p2p,settled,D0047
T001775,A0054,C0054,2026-03-18T19:00:00+00:00,inbound,2649.41,USD,CP0105,US,p2p,settled,D0005
T002790,A0090,C0090,2026-03-18T20:00:00+00:00,inbound,431.59,USD,CP0057,MX,wire,settled,D0014
T002577,A0081,C0081,2026-03-18T21:00:00+00:00,inbound,1309.4,USD,CP0124,PA,card,settled,D0015
T003381,A0108,C0108,2026-03-18T21:00:00+00:00,outbound,790.02,USD,CP0085,GB,p2p,settled,D0006
T001076,A0032,C0032,2026-03-19T02:00:00+00:00,outbound,1937.25,CAD,CP0131,BR,card,settled,D0042
T001318,A0040,C0040,2026-03-19T05:00:00+00:00,inbound,1296.4,USD,CP0106,MX,p2p,chargeback,D0047
T000861,A0026,C0026,2026-03-19T05:00:00+00:00,outbound,872.75,USD,CP0135,MX,card,settled,D0041
T002643,A0084,C0084,2026-03-19T06:00:00+00:00,inbound,223.71,USD,CP0092,GB,card,settled,D0026
T001742,A0053,C0053,2026-03-19T07:00:00+00:00,inbound,2260.49,USD,CP0057,BR,p2p,chargeback,D0028
T000038,A0001,C0001,2026-03-19T07:00:00+00:00,outbound,1008.52,CAD,CP0082,PA,p2p,settled,D0025
T002925,A0092,C0092,2026-03-19T08:00:00+00:00,outbound,8366.73,USD,CP0001,GB,payout,settled,D0047
T002466,A0076,C0076,2026-03-19T08:00:00+00:00,inbound,1567.65,USD,CP0078,US,wire,refund,D0048
T003316,A0106,C0106,2026-03-19T08:00:00+00:00,inbound,2094.47,USD,CP0073,US,card,settled,D0020
T003549,A0112,C0112,2026-03-19T09:00:00+00:00,inbound,584.02,CAD,CP0024,BR,card,settled,D0012
T002774,A0089,C0089,2026-03-19T10:00:00+00:00,inbound,477.83,USD,CP0115,CA,p2p,failed,D0004
T000579,A0017,C0017,2026-03-19T13:00:00+00:00,outbound,1132.85,USD,CP0052,US,p2p,settled,D0034
T000751,A0022,C0022,2026-03-19T13:00:00+00:00,outbound,932.96,USD,CP0012,US,card,settled,D0011
T002989,A0094,C0094,2026-03-19T13:00:00+00:00,outbound,216.47,USD,CP0056,US,card,settled,D0025
T002186,A0067,C0067,2026-03-19T14:00:00+00:00,outbound,380.35,CAD,CP0090,US,p2p,settled,D0004
T000789,A0023,C0023,2026-03-19T14:00:00+00:00,inbound,1380.9,USD,CP0140,US,ach,settled,D0018
T002082,A0064,C0064,2026-03-19T15:00:00+00:00,inbound,1274.9,CAD,CP0134,US,p2p,settled,D0035
T002057,A0063,C0063,2026-03-19T15:00:00+00:00,outbound,1607.45,USD,CP-HIGH-RISK-HUB,CA,payout,settled,D0013
T003064,A0097,C0097,2026-03-19T16:00:00+00:00,outbound,1178.03,CAD,CP0039,US,card,settled,D0053
T000983,A0029,C0029,2026-03-19T16:00:00+00:00,outbound,1311.27,USD,CP0078,US,wire,settled,D0006
T002261,A0071,C0071,2026-03-19T17:00:00+00:00,outbound,2068.95,CAD,CP0075,US,p2p,settled,D0011
T002661,A0085,C0085,2026-03-19T20:00:00+00:00,outbound,877.51,USD,CP0003,US,card,reversed,D0021
T002456,A0076,C0076,2026-03-19T21:00:00+00:00,inbound,637.34,USD,CP0111,MX,ach,pending,D0054
T003177,A0101,C0101,2026-03-19T21:00:00+00:00,outbound,550.81,USD,CP0090,US,ach,chargeback,D0011
T002974,A0094,C0094,2026-03-19T22:00:00+00:00,outbound,210.21,USD,CP0005,US,ach,settled,D0031
T001410,A0042,C0042,2026-03-19T23:00:00+00:00,outbound,157.41,USD,CP0113,US,payout,settled,D0004
T003254,A0104,C0104,2026-03-19T23:00:00+00:00,outbound,840.04,USD,CP0135,CA,wire,settled,D0019
T000523,A0015,C0015,2026-03-19T23:00:00+00:00,outbound,1825.89,CAD,CP0118,US,card,settled,D0034
T003462,A0110,C0110,2026-03-20T00:00:00+00:00,inbound,384.5,USD,CP0042,MX,payout,pending,D0029
T001289,A0039,C0039,2026-03-20T01:00:00+00:00,inbound,879.14,USD,CP0099,US,ach,refund,D0042
T002487,A0077,C0077,2026-03-20T02:00:00+00:00,outbound,480.34,CAD,CP0017,US,card,settled,D0014
T000043,A0001,C0001,2026-03-20T02:00:00+00:00,inbound,1047.87,USD,CP0081,GB,wire,settled,D0044
T001663,A0050,C0050,2026-03-20T03:00:00+00:00,outbound,2587.27,USD,CP0097,PA,card,pending,D0010
T002143,A0065,C0065,2026-03-20T03:00:00+00:00,inbound,6681.06,USD,CP0042,US,payout,failed,D0001
T001939,A0059,C0059,2026-03-20T04:00:00+00:00,inbound,683.77,USD,CP0061,US,card,pending,D0019
T002672,A0085,C0085,2026-03-20T06:00:00+00:00,outbound,2050.12,CAD,CP0131,MX,ach,settled,D0003
T001645,A0049,C0049,2026-03-20T07:00:00+00:00,inbound,1372.08,USD,CP0042,US,ach,settled,D0008
T001317,A0040,C0040,2026-03-20T08:00:00+00:00,inbound,2491.05,CAD,CP0001,US,wire,settled,D0043
T001574,A0047,C0047,2026-03-20T08:00:00+00:00,inbound,368.41,USD,CP0112,US,p2p,settled,D0007
T002145,A0065,C0065,2026-03-20T08:00:00+00:00,outbound,1903.06,USD,CP0048,GB,card,settled,D0045
T002016,A0063,C0063,2026-03-20T09:00:00+00:00,outbound,312.92,USD,CP0009,CA,p2p,settled,D0029
T003435,A0109,C0109,2026-03-20T10:00:00+00:00,outbound,1068.03,CAD,CP0023,US,p2p,settled,D0034
T003490,A0110,C0110,2026-03-20T11:00:00+00:00,inbound,2537.68,USD,CP0064,US,card,settled,D0048
T001730,A0052,C0052,2026-03-20T12:00:00+00:00,inbound,343.63,CAD,CP0097,US,ach,settled,D0019
T000236,A0006,C0006,2026-03-20T13:00:00+00:00,outbound,614.33,USD,CP0118,CA,card,settled,D0017
T001579,A0047,C0047,2026-03-20T14:00:00+00:00,inbound,646.63,USD,CP0054,CA,p2p,settled,D0011
T003704,A0117,C0117,2026-03-20T15:00:00+00:00,outbound,196.7,USD,CP0070,US,ach,pending,D0006
T003405,A0108,C0108,2026-03-20T15:00:00+00:00,inbound,1443.03,USD,CP0126,BR,payout,settled,D0033
T002909,A0092,C0092,2026-03-20T16:00:00+00:00,inbound,2732.32,USD,CP0142,GB,ach,settled,D0016
T001719,A0052,C0052,2026-03-20T16:00:00+00:00,outbound,1190.22,USD,CP0149,MX,wire,failed,D0046
T002215,A0069,C0069,2026-03-20T21:00:00+00:00,outbound,429.39,USD,CP0059,US,ach,pending,D0038
T003433,A0109,C0109,2026-03-21T00:00:00+00:00,inbound,749.88,USD,CP0101,CA,wire,settled,D0040
T001103,A0033,C0033,2026-03-21T00:00:00+00:00,inbound,1668.77,USD,CP0034,US,card,settled,D0013
T000470,A0013,C0013,2026-03-21T01:00:00+00:00,inbound,586.02,USD,CP0124,PA,card,settled,D0004
T001901,A0058,C0058,2026-03-21T01:00:00+00:00,inbound,605.63,USD,CP0081,US,card,settled,D0040
T001259,A0037,C0037,2026-03-21T04:00:00+00:00,outbound,739.19,USD,CP-HIGH-RISK-HUB,CA,card,settled,D0018
T001319,A0040,C0040,2026-03-21T06:00:00+00:00,outbound,691.87,USD,CP0010,US,card,pending,D0027
T001712,A0051,C0051,2026-03-21T06:00:00+00:00,inbound,1117.34,CAD,CP0055,MX,ach,failed,D0053
T000101,A0003,C0003,2026-03-21T08:00:00+00:00,inbound,826.16,USD,CP0132,US,wire,settled,D0030
T000675,A0020,C0020,2026-03-21T08:00:00+00:00,outbound,4504.12,CAD,CP0123,CA,card,settled,D0027
T003734,A0118,C0118,2026-03-21T10:00:00+00:00,inbound,1370.42,CAD,CP0144,PA,wire,settled,D0027
T002377,A0074,C0074,2026-03-21T11:00:00+00:00,outbound,765.16,GBP,CP0047,CA,ach,settled,D0042
T002250,A0070,C0070,2026-03-21T12:00:00+00:00,inbound,427.06,USD,CP0117,CA,ach,settled,D0022
T003108,A0098,C0098,2026-03-21T13:00:00+00:00,outbound,1030.53,USD,CP0047,US,ach,reversed,D0014
T001231,A0037,C0037,2026-03-21T14:00:00+00:00,inbound,293.92,USD,CP0094,MX,payout,settled,D0021
T002280,A0071,C0071,2026-03-21T15:00:00+00:00,inbound,1485.76,USD,CP0054,US,p2p,settled,D0042
T000359,A0011,C0011,2026-03-21T15:00:00+00:00,inbound,1954.42,USD,CP0111,GB,payout,settled,D0033
T000167,A0005,C0005,2026-03-21T16:00:00+00:00,inbound,7925.59,USD,CP0113,GB,card,settled,D0003
T000805,A0024,C0024,2026-03-21T16:00:00+00:00,inbound,1084.69,USD,CP0054,US,p2p,reversed,D0035
T002169,A0066,C0066,2026-03-21T16:00:00+00:00,inbound,1438.74,USD,CP0123,US,card,settled,D0003
T001789,A0054,C0054,2026-03-21T17:00:00+00:00,inbound,2675.38,USD,CP0118,PA,p2p,settled,D0023
T001191,A0036,C0036,2026-03-21T18:00:00+00:00,inbound,421.08,USD,CP0148,MX,p2p,pending,D0019
T003129,A0099,C0099,2026-03-21T18:00:00+00:00,inbound,1377.67,USD,CP0140,PA,ach,refund,D0052
T001266,A0038,C0038,2026-03-21T21:00:00+00:00,outbound,1135.08,USD,CP0118,MX,wire,failed,D0009
T000221,A0005,C0005,2026-03-22T01:00:00+00:00,inbound,1245.74,USD,CP0101,US,payout,settled,D0037
T002159,A0066,C0066,2026-03-22T02:00:00+00:00,outbound,1023.92,USD,CP0076,US,p2p,settled,D0046
T001788,A0054,C0054,2026-03-22T02:00:00+00:00,outbound,572.02,CAD,CP0017,US,wire,settled,D0003
T000923,A0027,C0027,2026-03-22T03:00:00+00:00,inbound,11601.52,USD,CP0132,US,card,settled,D0042
T000191,A0005,C0005,2026-03-22T05:00:00+00:00,inbound,7989.09,USD,CP0033,US,ach,settled,D0011
T001173,A0035,C0035,2026-03-22T05:00:00+00:00,inbound,398.95,USD,CP0087,US,card,reversed,D0029
T000049,A0001,C0001,2026-03-22T07:00:00+00:00,outbound,4247.98,USD,CP0079,GB,card,settled,D0043
T003505,A0110,C0110,2026-03-22T08:00:00+00:00,outbound,2681.96,CAD,CP0098,US,card,settled,D0032
T000658,A0019,C0019,2026-03-22T09:00:00+00:00,inbound,1418.37,USD,CP0119,MX,p2p,settled,D0007
T000081,A0002,C0002,2026-03-22T12:00:00+00:00,outbound,1266.33,USD,CP0149,CA,ach,reversed,D0040
T000896,A0027,C0027,2026-03-22T13:00:00+00:00,inbound,1353.42,USD,CP0005,CA,ach,settled,D0022
T001778,A0054,C0054,2026-03-22T15:00:00+00:00,inbound,2513.84,GBP,CP0070,US,card,settled,D0034
T001961,A0060,C0060,2026-03-22T16:00:00+00:00,inbound,1152.61,USD,CP0024,BR,ach,reversed,D0030
T002133,A0065,C0065,2026-03-22T17:00:00+00:00,inbound,2133.95,USD,CP0139,US,ach,settled,D0019
T000783,A0023,C0023,2026-03-22T18:00:00+00:00,outbound,511.41,USD,CP0100,US,p2p,settled,D0007
T003324,A0106,C0106,2026-03-22T19:00:00+00:00,outbound,1337.57,USD,CP0058,US,card,settled,D0032
T001549,A0046,C0046,2026-03-22T19:00:00+00:00,inbound,2142.07,USD,CP0139,US,card,settled,D0010
T003762,A0118,C0118,2026-03-22T22:00:00+00:00,outbound,544.21,USD,CP0036,US,ach,settled,D0027
T000288,A0008,C0008,2026-03-22T23:00:00+00:00,outbound,2037.53,CAD,CP0133,MX,p2p,reversed,D0047
T003150,A0100,C0100,2026-03-23T01:00:00+00:00,outbound,2485.01,USD,CP0112,CA,card,settled,D0046
T000539,A0015,C0015,2026-03-23T02:00:00+00:00,outbound,833.67,USD,CP0057,BR,p2p,settled,D0004
T001179,A0035,C0035,2026-03-23T02:00:00+00:00,inbound,3099.27,USD,CP0149,GB,card,settled,D0052
T000567,A0017,C0017,2026-03-23T04:00:00+00:00,inbound,1974.57,USD,CP0125,US,payout,failed,D0054
T003761,A0118,C0118,2026-03-23T05:00:00+00:00,inbound,845.39,USD,CP0054,GB,ach,chargeback,D0028
T003550,A0112,C0112,2026-03-23T05:00:00+00:00,outbound,2654.21,USD,CP0018,BR,card,pending,D0001
T000220,A0005,C0005,2026-03-23T06:00:00+00:00,inbound,2618.38,USD,CP0013,US,payout,settled,D0003
T003539,A0111,C0111,2026-03-23T07:00:00+00:00,inbound,1561.87,USD,CP0149,US,wire,chargeback,D0041
T002384,A0074,C0074,2026-03-23T08:00:00+00:00,outbound,750.44,USD,CP0041,US,p2p,settled,D0048
T003131,A0099,C0099,2026-03-23T09:00:00+00:00,outbound,1157.1,GBP,CP0030,BR,p2p,settled,D0031
T000724,A0021,C0021,2026-03-23T09:00:00+00:00,outbound,880.52,USD,CP0149,BR,card,pending,D0041
T001097,A0033,C0033,2026-03-23T09:00:00+00:00,outbound,3586.51,USD,CP0049,US,ach,settled,D0037
T003798,A0120,C0120,2026-03-23T10:00:00+00:00,outbound,666.53,CAD,CP0128,US,ach,settled,D0043
T003395,A0108,C0108,2026-03-23T15:00:00+00:00,outbound,558.45,USD,CP0058,MX,p2p,settled,D0025
T000511,A0014,C0014,2026-03-23T16:00:00+00:00,outbound,2891.92,USD,CP0026,GB,p2p,failed,D0021
T001037,A0031,C0031,2026-03-23T16:00:00+00:00,outbound,745.44,USD,CP0076,US,p2p,settled,D0053
T000736,A0021,C0021,2026-03-23T16:00:00+00:00,inbound,757.26,USD,CP0081,CA,card,settled,D0047
T002780,A0089,C0089,2026-03-23T17:00:00+00:00,outbound,1049.22,GBP,CP0132,CA,p2p,settled,D0029
T002897,A0092,C0092,2026-03-23T18:00:00+00:00,outbound,1749.0,USD,CP0094,MX,p2p,settled,D0023
T003354,A0107,C0107,2026-03-23T19:00:00+00:00,inbound,1237.31,USD,CP0114,CA,card,settled,D0012
T001609,A0048,C0048,2026-03-23T20:00:00+00:00,outbound,821.88,GBP,CP0116,US,ach,settled,D0019
T000155,A0004,C0004,2026-03-23T22:00:00+00:00,outbound,1248.7,USD,CP0097,US,p2p,settled,D0029
T001745,A0053,C0053,2026-03-24T00:00:00+00:00,inbound,1202.67,USD,CP0147,MX,payout,reversed,D0046
T003326,A0106,C0106,2026-03-24T02:00:00+00:00,outbound,1115.29,USD,CP0036,MX,payout,settled,D0033
T001160,A0035,C0035,2026-03-24T02:00:00+00:00,outbound,322.01,USD,CP0061,US,ach,settled,D0019
T001112,A0034,C0034,2026-03-24T03:00:00+00:00,outbound,981.17,USD,CP0123,US,card,settled,D0042
T001401,A0042,C0042,2026-03-24T05:00:00+00:00,inbound,1154.61,CAD,CP0148,MX,p2p,settled,D0024
T003458,A0110,C0110,2026-03-24T05:00:00+00:00,inbound,581.65,USD,CP0110,US,ach,settled,D0049
T003709,A0117,C0117,2026-03-24T05:00:00+00:00,inbound,2329.78,USD,CP0100,MX,p2p,settled,D0006
T002092,A0064,C0064,2026-03-24T06:00:00+00:00,inbound,2150.74,USD,CP0125,US,p2p,settled,D0031
T002641,A0084,C0084,2026-03-24T07:00:00+00:00,outbound,1783.77,USD,CP0095,MX,p2p,settled,D0047
T001769,A0053,C0053,2026-03-24T08:00:00+00:00,inbound,2378.78,USD,CP0096,US,card,pending,D0032
T000644,A0019,C0019,2026-03-24T10:00:00+00:00,inbound,2161.99,USD,CP0107,CA,ach,failed,D0016
T001455,A0044,C0044,2026-03-24T11:00:00+00:00,outbound,147.22,USD,CP0019,PA,card,settled,D0017
T002895,A0092,C0092,2026-03-24T11:00:00+00:00,outbound,735.53,USD,CP0060,US,ach,settled,D0022
T002080,A0064,C0064,2026-03-24T12:00:00+00:00,outbound,776.13,USD,CP0063,US,ach,settled,D0015
T000651,A0019,C0019,2026-03-24T12:00:00+00:00,outbound,982.48,GBP,CP0005,PA,card,settled,D0033
T002480,A0077,C0077,2026-03-24T15:00:00+00:00,inbound,745.28,USD,CP0104,US,payout,settled,D0038
T000754,A0022,C0022,2026-03-24T15:00:00+00:00,outbound,1474.17,USD,CP0043,BR,wire,settled,D0048
T001699,A0051,C0051,2026-03-24T16:00:00+00:00,outbound,303.91,USD,CP0032,US,p2p,settled,D0028
T001793,A0054,C0054,2026-03-24T17:00:00+00:00,outbound,280.09,USD,CP0085,GB,ach,settled,D0001
T000431,A0012,C0012,2026-03-24T17:00:00+00:00,inbound,1506.98,USD,CP0010,US,wire,settled,D0016
T002915,A0092,C0092,2026-03-24T19:00:00+00:00,inbound,958.8,USD,CP0147,US,ach,settled,D0040
T000340,A0010,C0010,2026-03-24T19:00:00+00:00,inbound,201.64,USD,CP0137,US,card,settled,D0008
T001350,A0041,C0041,2026-03-24T21:00:00+00:00,inbound,1066.74,USD,CP0061,GB,card,settled,D0038
T003641,A0115,C0115,2026-03-24T21:00:00+00:00,outbound,638.25,USD,CP0045,MX,card,settled,D0001
T002409,A0075,C0075,2026-03-24T21:00:00+00:00,outbound,1757.73,USD,CP0025,PA,wire,settled,D0009
T002993,A0094,C0094,2026-03-24T21:00:00+00:00,outbound,1455.12,USD,CP0128,GB,card,settled,D0028
T000082,A0002,C0002,2026-03-24T23:00:00+00:00,inbound,1635.05,USD,CP0088,US,card,settled,D0010
T001154,A0035,C0035,2026-03-24T23:00:00+00:00,inbound,803.01,USD,CP0017,US,payout,settled,D0035
T001275,A0038,C0038,2026-03-25T00:00:00+00:00,inbound,172.29,USD,CP0017,MX,card,settled,D0007
T000975,A0029,C0029,2026-03-25T01:00:00+00:00,outbound,1058.25,USD,CP0056,CA,p2p,settled,D0048
T000509,A0014,C0014,2026-03-25T02:00:00+00:00,outbound,2619.62,USD,CP0050,BR,p2p,failed,D0004
T000870,A0027,C0027,2026-03-25T03:00:00+00:00,inbound,785.65,USD,CP0037,US,p2p,settled,D0048
T003823,A0120,C0120,2026-03-25T03:00:00+00:00,inbound,1696.6,USD,CP0039,US,ach,reversed,D0035
T000007,A0001,C0001,2026-03-25T04:00:00+00:00,inbound,2271.28,USD,CP0064,US,p2p,pending,D0049
T000631,A0019,C0019,2026-03-25T06:00:00+00:00,outbound,840.28,GBP,CP0009,BR,p2p,chargeback,D0006
T001626,A0048,C0048,2026-03-25T08:00:00+00:00,inbound,9227.05,CAD,CP0024,US,card,settled,D0042
T003658,A0115,C0115,2026-03-25T09:00:00+00:00,inbound,418.2,USD,CP0090,US,card,failed,D0052
T002573,A0081,C0081,2026-03-25T10:00:00+00:00,inbound,649.78,USD,CP0128,BR,payout,settled,D0032
T001958,A0060,C0060,2026-03-25T10:00:00+00:00,outbound,1995.09,CAD,CP0119,US,card,settled,D0005
T000924,A0027,C0027,2026-03-25T13:00:00+00:00,outbound,9273.96,USD,CP0095,GB,ach,settled,D0025
T000712,A0021,C0021,2026-03-25T14:00:00+00:00,inbound,909.94,USD,CP0012,PA,payout,settled,D0039
T000790,A0023,C0023,2026-03-25T15:00:00+00:00,inbound,502.51,USD,CP0056,PA,card,settled,D0004
T003341,A0107,C0107,2026-03-25T15:00:00+00:00,inbound,577.34,USD,CP0117,GB,payout,settled,D0052
T002096,A0064,C0064,2026-03-25T16:00:00+00:00,outbound,1914.08,USD,CP0035,US,p2p,failed,D0017
T001104,A0033,C0033,2026-03-25T16:00:00+00:00,outbound,779.54,USD,CP0129,US,card,settled,D0020
T000777,A0023,C0023,2026-03-25T18:00:00+00:00,inbound,3469.45,USD,CP0036,CA,card,settled,D0050
T003596,A0113,C0113,2026-03-25T19:00:00+00:00,inbound,2008.14,USD,CP0080,CA,p2p,failed,D0023
T000253,A0007,C0007,2026-03-25T20:00:00+00:00,inbound,909.87,USD,CP0139,GB,wire,settled,D0029
T003357,A0107,C0107,2026-03-25T20:00:00+00:00,outbound,261.34,USD,CP0129,US,ach,settled,D0041
T003616,A0114,C0114,2026-03-25T22:00:00+00:00,outbound,1138.1,USD,CP0099,MX,card,settled,D0008
T003540,A0111,C0111,2026-03-25T22:00:00+00:00,inbound,1548.29,CAD,CP0124,US,payout,pending,D0020
T001321,A0040,C0040,2026-03-26T00:00:00+00:00,inbound,1422.97,USD,CP0135,US,p2p,pending,D0023
T000107,A0003,C0003,2026-03-26T04:00:00+00:00,outbound,1605.55,USD,CP0008,CA,card,settled,D0001
T002964,A0093,C0093,2026-03-26T06:00:00+00:00,inbound,442.39,USD,CP0070,US,wire,settled,D0028
T001282,A0038,C0038,2026-03-26T08:00:00+00:00,inbound,896.75,CAD,CP0024,US,ach,settled,D0019
T002739,A0088,C0088,2026-03-26T08:00:00+00:00,inbound,2433.3,USD,CP0017,GB,card,settled,D0026
T000410,A0012,C0012,2026-03-26T09:00:00+00:00,inbound,1673.85,USD,CP0125,MX,payout,settled,D0010
T001197,A0036,C0036,2026-03-26T11:00:00+00:00,inbound,569.08,USD,CP0096,US,ach,settled,D0048
T003542,A0111,C0111,2026-03-26T12:00:00+00:00,outbound,1873.35,USD,CP0076,GB,p2p,settled,D0016
T003363,A0107,C0107,2026-03-26T12:00:00+00:00,inbound,317.76,USD,CP0032,PA,p2p,settled,D0001
T000436,A0012,C0012,2026-03-26T14:00:00+00:00,inbound,601.92,USD,CP0084,US,card,reversed,D0010
T000473,A0013,C0013,2026-03-26T14:00:00+00:00,inbound,137.17,USD,CP0062,GB,card,settled,D0014
T000952,A0028,C0028,2026-03-26T17:00:00+00:00,outbound,249.15,USD,CP0129,BR,card,settled,D0005
T000385,A0011,C0011,2026-03-26T21:00:00+00:00,inbound,486.41,USD,CP0050,PA,payout,settled,D0020
T001664,A0050,C0050,2026-03-26T22:00:00+00:00,outbound,332.39,CAD,CP0102,US,card,settled,D0048
T002742,A0088,C0088,2026-03-26T22:00:00+00:00,inbound,1253.03,USD,CP0079,MX,ach,settled,D0030
T002837,A0090,C0090,2026-03-26T22:00:00+00:00,outbound,737.31,GBP,CP0120,BR,card,refund,D0032
T002600,A0082,C0082,2026-03-27T00:00:00+00:00,outbound,1309.65,USD,CP0126,US,payout,settled,D0020
T003773,A0119,C0119,2026-03-27T02:00:00+00:00,inbound,329.25,USD,CP0055,US,p2p,settled,D0049
T001711,A0051,C0051,2026-03-27T03:00:00+00:00,inbound,2283.22,USD,CP0100,GB,ach,settled,D0013
T002193,A0068,C0068,2026-03-27T03:00:00+00:00,inbound,585.15,USD,CP0075,CA,ach,settled,D0007
T003248,A0103,C0103,2026-03-27T08:00:00+00:00,outbound,1521.57,USD,CP0146,BR,payout,settled,D0007
T001224,A0037,C0037,2026-03-27T08:00:00+00:00,outbound,716.61,USD,CP-HIGH-RISK-HUB,US,card,settled,D0039
T000716,A0021,C0021,2026-03-27T09:00:00+00:00,outbound,1196.28,USD,CP0049,MX,wire,settled,D0015
T001783,A0054,C0054,2026-03-27T09:00:00+00:00,outbound,1730.46,USD,CP0144,PA,card,settled,D0002
T000890,A0027,C0027,2026-03-27T11:00:00+00:00,outbound,974.57,USD,CP0112,GB,ach,settled,D0051
T003216,A0102,C0102,2026-03-27T11:00:00+00:00,outbound,1368.29,USD,CP0090,CA,card,settled,D0017
T001784,A0054,C0054,2026-03-27T12:00:00+00:00,inbound,862.0,USD,CP0041,US,card,pending,D0007
T002594,A0082,C0082,2026-03-27T12:00:00+00:00,inbound,1254.83,GBP,CP0088,US,p2p,settled,D0045
T001061,A0032,C0032,2026-03-27T12:00:00+00:00,inbound,695.48,USD,CP0048,US,card,settled,D0046
T001670,A0050,C0050,2026-03-27T15:00:00+00:00,inbound,1502.99,USD,CP0113,PA,card,settled,D0023
T001335,A0040,C0040,2026-03-27T15:00:00+00:00,outbound,763.33,USD,CP0007,US,ach,settled,D0010
T000287,A0008,C0008,2026-03-27T16:00:00+00:00,inbound,168.94,USD,CP0013,GB,ach,settled,D0009
T002455,A0076,C0076,2026-03-27T16:00:00+00:00,inbound,4095.45,USD,CP0118,US,card,settled,D0003
T002278,A0071,C0071,2026-03-27T18:00:00+00:00,outbound,1806.9,USD,CP0110,US,card,settled,D0047
T001910,A0058,C0058,2026-03-27T19:00:00+00:00,inbound,521.07,USD,CP0002,CA,card,settled,D0048
T002009,A0062,C0062,2026-03-27T21:00:00+00:00,outbound,331.39,USD,CP0103,US,card,settled,D0025
T001085,A0033,C0033,2026-03-27T21:00:00+00:00,outbound,2130.64,USD,CP0144,US,ach,reversed,D0045
T002715,A0087,C0087,2026-03-27T21:00:00+00:00,outbound,531.36,CAD,CP0146,BR,ach,settled,D0024
T000951,A0028,C0028,2026-03-27T21:00:00+00:00,outbound,1415.52,GBP,CP0093,BR,card,settled,D0008
T000177,A0005,C0005,2026-03-27T22:00:00+00:00,outbound,2227.5,USD,CP0059,CA,ach,settled,D0031
T000976,A0029,C0029,2026-03-27T22:00:00+00:00,outbound,362.73,CAD,CP0017,US,card,settled,D0038
T003650,A0115,C0115,2026-03-27T22:00:00+00:00,outbound,53.34,USD,CP0111,US,p2p,settled,D0033
T003232,A0103,C0103,2026-03-28T00:00:00+00:00,outbound,2718.5,USD,CP0050,US,ach,settled,D0028
T000162,A0004,C0004,2026-03-28T00:00:00+00:00,inbound,667.44,USD,CP0039,GB,wire,settled,D0026
T000315,A0009,C0009,2026-03-28T01:00:00+00:00,inbound,1373.32,USD,CP0059,GB,card,settled,D0019
T001465,A0044,C0044,2026-03-28T02:00:00+00:00,outbound,2205.26,USD,CP0119,US,card,reversed,D0047
T001718,A0052,C0052,2026-03-28T04:00:00+00:00,outbound,746.42,USD,CP0095,CA,wire,settled,D0045
T000185,A0005,C0005,2026-03-28T05:00:00+00:00,inbound,1270.96,USD,CP0133,US,wire,settled,D0006
T001156,A0035,C0035,2026-03-28T08:00:00+00:00,inbound,452.38,USD,CP0096,US,card,settled,D0012
T001303,A0039,C0039,2026-03-28T08:00:00+00:00,outbound,1344.63,USD,CP0049,GB,ach,settled,D0005
T000338,A0010,C0010,2026-03-28T09:00:00+00:00,outbound,99.62,GBP,CP0096,GB,payout,settled,D0025
T003780,A0119,C0119,2026-03-28T10:00:00+00:00,inbound,4634.46,USD,CP0095,PA,card,settled,D0022
T000833,A0025,C0025,2026-03-28T11:00:00+00:00,inbound,657.13,USD,CP0098,CA,p2p,settled,D0003
T002684,A0085,C0085,2026-03-28T11:00:00+00:00,outbound,1209.18,USD,CP0011,CA,card,settled,D0038
T003140,A0100,C0100,2026-03-28T12:00:00+00:00,inbound,471.78,USD,CP0014,MX,p2p,settled,D0014
T003068,A0097,C0097,2026-03-28T13:00:00+00:00,inbound,769.86,USD,CP0119,MX,ach,settled,D0008
T000419,A0012,C0012,2026-03-28T13:00:00+00:00,outbound,1078.59,USD,CP-HIGH-RISK-HUB,US,card,settled,D0007
T003172,A0101,C0101,2026-03-28T16:00:00+00:00,outbound,783.34,CAD,CP0004,CA,ach,settled,D0033
T000503,A0014,C0014,2026-03-28T16:00:00+00:00,inbound,998.78,USD,CP0090,BR,wire,pending,D0049
T001873,A0056,C0056,2026-03-28T17:00:00+00:00,inbound,3475.44,USD,CP0098,US,card,settled,D0003
T002166,A0066,C0066,2026-03-28T19:00:00+00:00,inbound,1147.01,USD,CP0117,US,card,settled,D0051
T002666,A0085,C0085,2026-03-28T20:00:00+00:00,inbound,462.08,USD,CP0095,US,card,settled,D0042
T003014,A0095,C0095,2026-03-28T22:00:00+00:00,inbound,570.35,USD,CP0065,US,ach,settled,D0030
T002353,A0074,C0074,2026-03-28T23:00:00+00:00,outbound,1094.58,USD,CP0089,CA,p2p,settled,D0010
T000714,A0021,C0021,2026-03-29T00:00:00+00:00,outbound,267.36,CAD,CP0056,MX,wire,failed,D0036
T001558,A0046,C0046,2026-03-29T00:00:00+00:00,inbound,271.15,USD,CP0146,US,wire,settled,D0018
T002120,A0065,C0065,2026-03-29T01:00:00+00:00,outbound,5416.58,USD,CP0081,US,card,settled,D0001
T001737,A0053,C0053,2026-03-29T03:00:00+00:00,inbound,627.66,USD,CP0020,BR,card,settled,D0013
T003630,A0114,C0114,2026-03-29T03:00:00+00:00,outbound,1884.7,USD,CP0055,CA,ach,settled,D0022
T000666,A0019,C0019,2026-03-29T03:00:00+00:00,outbound,1508.03,GBP,CP0111,US,card,settled,D0019
T003106,A0098,C0098,2026-03-29T06:00:00+00:00,inbound,785.33,USD,CP0075,MX,p2p,settled,D0049
T001640,A0049,C0049,2026-03-29T07:00:00+00:00,outbound,366.81,GBP,CP0142,PA,p2p,chargeback,D0042
T003633,A0114,C0114,2026-03-29T07:00:00+00:00,inbound,987.57,USD,CP0057,BR,p2p,failed,D0053
T003198,A0102,C0102,2026-03-29T08:00:00+00:00,outbound,2171.88,USD,CP0055,US,p2p,pending,D0053
T001517,A0045,C0045,2026-03-29T09:00:00+00:00,inbound,2240.01,CAD,CP0127,US,card,settled,D0018
T003146,A0100,C0100,2026-03-29T09:00:00+00:00,inbound,905.51,USD,CP0027,GB,wire,reversed,D0022
T001756,A0053,C0053,2026-03-29T09:00:00+00:00,inbound,2826.42,USD,CP0042,US,p2p,pending,D0003
T002183,A0067,C0067,2026-03-29T10:00:00+00:00,inbound,367.3,USD,CP0075,MX,card,settled,D0046
T001818,A0055,C0055,2026-03-29T11:00:00+00:00,outbound,684.98,CAD,CP0022,MX,payout,settled,D0002
T001553,A0046,C0046,2026-03-29T12:00:00+00:00,outbound,1207.05,USD,CP0050,MX,card,settled,D0018
T003600,A0113,C0113,2026-03-29T13:00:00+00:00,outbound,730.42,USD,CP0033,US,card,settled,D0019
T000931,A0028,C0028,2026-03-29T13:00:00+00:00,inbound,1032.01,USD,CP0101,GB,card,settled,D0044
T000817,A0024,C0024,2026-03-29T13:00:00+00:00,inbound,531.83,USD,CP0071,PA,ach,settled,D0034
T001551,A0046,C0046,2026-03-29T16:00:00+00:00,outbound,644.54,USD,CP0059,MX,p2p,settled,D0047
T002103,A0065,C0065,2026-03-29T17:00:00+00:00,inbound,10563.42,USD,CP0025,MX,card,settled,D0004
T001921,A0058,C0058,2026-03-29T23:00:00+00:00,inbound,824.19,USD,CP0061,US,card,settled,D0017
